Fitter report for DE0_CV
Fri Sep 04 11:11:34 2026
Quartus Prime Version 19.1.0 Build 670 09/22/2019 SJ Lite Edition


---------------------
; Table of Contents ;
---------------------
  1. Legal Notice
  2. Fitter Summary
  3. Fitter Settings
  4. Parallel Compilation
  5. Fitter Netlist Optimizations
  6. Ignored Assignments
  7. Incremental Compilation Preservation Summary
  8. Incremental Compilation Partition Settings
  9. Incremental Compilation Placement Preservation
 10. Pin-Out File
 11. Fitter Resource Usage Summary
 12. Fitter Partition Statistics
 13. Input Pins
 14. Output Pins
 15. I/O Bank Usage
 16. All Package Pins
 17. I/O Assignment Warnings
 18. Fitter Resource Utilization by Entity
 19. Delay Chain Summary
 20. Pad To Core Delay Chain Fanout
 21. Control Signals
 22. Global & Other Fast Signals
 23. Non-Global High Fan-Out Signals
 24. Fitter DSP Block Usage Summary
 25. DSP Block Details
 26. Routing Usage Summary
 27. I/O Rules Summary
 28. I/O Rules Details
 29. I/O Rules Matrix
 30. Fitter Device Options
 31. Operating Settings and Conditions
 32. Estimated Delay Added for Hold Timing Summary
 33. Estimated Delay Added for Hold Timing Details
 34. Fitter Messages
 35. Fitter Suppressed Messages



----------------
; Legal Notice ;
----------------
Copyright (C) 2019  Intel Corporation. All rights reserved.
Your use of Intel Corporation's design tools, logic functions 
and other software and tools, and any partner logic 
functions, and any output files from any of the foregoing 
(including device programming or simulation files), and any 
associated documentation or information are expressly subject 
to the terms and conditions of the Intel Program License 
Subscription Agreement, the Intel Quartus Prime License Agreement,
the Intel FPGA IP License Agreement, or other applicable license
agreement, including, without limitation, that your use is for
the sole purpose of programming logic devices manufactured by
Intel and sold by Intel or its authorized distributors.  Please
refer to the applicable agreement for further details, at
https://fpgasoftware.intel.com/eula.



+-------------------------------------------------------------------------------+
; Fitter Summary                                                                ;
+---------------------------------+---------------------------------------------+
; Fitter Status                   ; Successful - Fri Sep 04 11:11:34 2026       ;
; Quartus Prime Version           ; 19.1.0 Build 670 09/22/2019 SJ Lite Edition ;
; Revision Name                   ; DE0_CV                                      ;
; Top-level Entity Name           ; risc_v                                      ;
; Family                          ; Cyclone V                                   ;
; Device                          ; 5CEBA4F23C7                                 ;
; Timing Models                   ; Final                                       ;
; Logic utilization (in ALMs)     ; 6,114 / 18,480 ( 33 % )                     ;
; Total registers                 ; 5328                                        ;
; Total pins                      ; 34 / 224 ( 15 % )                           ;
; Total virtual pins              ; 0                                           ;
; Total block memory bits         ; 0 / 3,153,920 ( 0 % )                       ;
; Total RAM Blocks                ; 0 / 308 ( 0 % )                             ;
; Total DSP Blocks                ; 6 / 66 ( 9 % )                              ;
; Total HSSI RX PCSs              ; 0                                           ;
; Total HSSI PMA RX Deserializers ; 0                                           ;
; Total HSSI TX PCSs              ; 0                                           ;
; Total HSSI PMA TX Serializers   ; 0                                           ;
; Total PLLs                      ; 0 / 4 ( 0 % )                               ;
; Total DLLs                      ; 0 / 4 ( 0 % )                               ;
+---------------------------------+---------------------------------------------+


+----------------------------------------------------------------------------------------------------------------------------------------------------+
; Fitter Settings                                                                                                                                    ;
+--------------------------------------------------------------------+---------------------------------------+---------------------------------------+
; Option                                                             ; Setting                               ; Default Value                         ;
+--------------------------------------------------------------------+---------------------------------------+---------------------------------------+
; Device                                                             ; 5CEBA4F23C7                           ;                                       ;
; Minimum Core Junction Temperature                                  ; 0                                     ;                                       ;
; Maximum Core Junction Temperature                                  ; 85                                    ;                                       ;
; Use smart compilation                                              ; Off                                   ; Off                                   ;
; Enable parallel Assembler and Timing Analyzer during compilation   ; On                                    ; On                                    ;
; Enable compact report table                                        ; Off                                   ; Off                                   ;
; Router Timing Optimization Level                                   ; Normal                                ; Normal                                ;
; Perform Clocking Topology Analysis During Routing                  ; Off                                   ; Off                                   ;
; Placement Effort Multiplier                                        ; 1.0                                   ; 1.0                                   ;
; Device initialization clock source                                 ; INIT_INTOSC                           ; INIT_INTOSC                           ;
; Optimize Hold Timing                                               ; All Paths                             ; All Paths                             ;
; Optimize Multi-Corner Timing                                       ; On                                    ; On                                    ;
; Auto RAM to MLAB Conversion                                        ; On                                    ; On                                    ;
; Equivalent RAM and MLAB Power Up                                   ; Auto                                  ; Auto                                  ;
; Equivalent RAM and MLAB Paused Read Capabilities                   ; Care                                  ; Care                                  ;
; Power Optimization During Fitting                                  ; Normal compilation                    ; Normal compilation                    ;
; SSN Optimization                                                   ; Off                                   ; Off                                   ;
; Optimize Timing                                                    ; Normal compilation                    ; Normal compilation                    ;
; Optimize Timing for ECOs                                           ; Off                                   ; Off                                   ;
; Regenerate Full Fit Report During ECO Compiles                     ; Off                                   ; Off                                   ;
; Optimize IOC Register Placement for Timing                         ; Normal                                ; Normal                                ;
; Final Placement Optimizations                                      ; Automatically                         ; Automatically                         ;
; Fitter Aggressive Routability Optimizations                        ; Automatically                         ; Automatically                         ;
; Fitter Initial Placement Seed                                      ; 1                                     ; 1                                     ;
; Periphery to Core Placement and Routing Optimization               ; Off                                   ; Off                                   ;
; Weak Pull-Up Resistor                                              ; Off                                   ; Off                                   ;
; Enable Bus-Hold Circuitry                                          ; Off                                   ; Off                                   ;
; Auto Packed Registers                                              ; Auto                                  ; Auto                                  ;
; Auto Delay Chains                                                  ; On                                    ; On                                    ;
; Auto Delay Chains for High Fanout Input Pins                       ; Off                                   ; Off                                   ;
; Treat Bidirectional Pin as Output Pin                              ; Off                                   ; Off                                   ;
; Perform Physical Synthesis for Combinational Logic for Fitting     ; Off                                   ; Off                                   ;
; Perform Physical Synthesis for Combinational Logic for Performance ; Off                                   ; Off                                   ;
; Perform Register Duplication for Performance                       ; Off                                   ; Off                                   ;
; Perform Register Retiming for Performance                          ; Off                                   ; Off                                   ;
; Perform Asynchronous Signal Pipelining                             ; Off                                   ; Off                                   ;
; Fitter Effort                                                      ; Auto Fit                              ; Auto Fit                              ;
; Physical Synthesis Effort Level                                    ; Normal                                ; Normal                                ;
; Logic Cell Insertion - Logic Duplication                           ; Auto                                  ; Auto                                  ;
; Auto Register Duplication                                          ; Auto                                  ; Auto                                  ;
; Auto Global Clock                                                  ; On                                    ; On                                    ;
; Auto Global Register Control Signals                               ; On                                    ; On                                    ;
; Reserve all unused pins                                            ; As input tri-stated with weak pull-up ; As input tri-stated with weak pull-up ;
; Synchronizer Identification                                        ; Auto                                  ; Auto                                  ;
; Enable Beneficial Skew Optimization                                ; On                                    ; On                                    ;
; Optimize Design for Metastability                                  ; On                                    ; On                                    ;
; Active Serial clock source                                         ; FREQ_100MHz                           ; FREQ_100MHz                           ;
; Force Fitter to Avoid Periphery Placement Warnings                 ; Off                                   ; Off                                   ;
; Clamping Diode                                                     ; Off                                   ; Off                                   ;
; Enable input tri-state on active configuration pins in user mode   ; Off                                   ; Off                                   ;
; Advanced Physical Optimization                                     ; On                                    ; On                                    ;
+--------------------------------------------------------------------+---------------------------------------+---------------------------------------+


+------------------------------------------+
; Parallel Compilation                     ;
+----------------------------+-------------+
; Processors                 ; Number      ;
+----------------------------+-------------+
; Number detected on machine ; 16          ;
; Maximum allowed            ; 10          ;
;                            ;             ;
; Average used               ; 1.13        ;
; Maximum used               ; 10          ;
;                            ;             ;
; Usage by Processor         ; % Time Used ;
;     Processor 1            ; 100.0%      ;
;     Processor 2            ;   1.7%      ;
;     Processor 3            ;   1.6%      ;
;     Processor 4            ;   1.5%      ;
;     Processor 5            ;   1.4%      ;
;     Processor 6            ;   1.4%      ;
;     Processor 7            ;   1.4%      ;
;     Processor 8            ;   1.3%      ;
;     Processor 9            ;   1.2%      ;
;     Processor 10           ;   1.2%      ;
+----------------------------+-------------+


+-------------------------------------------------------------------------------------------------------------------------------------------------------------------------------------------------------+
; Fitter Netlist Optimizations                                                                                                                                                                          ;
+------------------------------+-----------------+------------------+----------------------------+-----------+----------------+------------------------------+------------------+-----------------------+
; Node                         ; Action          ; Operation        ; Reason                     ; Node Port ; Node Port Name ; Destination Node             ; Destination Port ; Destination Port Name ;
+------------------------------+-----------------+------------------+----------------------------+-----------+----------------+------------------------------+------------------+-----------------------+
; clk~inputCLKENA0             ; Created         ; Placement        ; Fitter Periphery Placement ;           ;                ;                              ;                  ;                       ;
; rs1_value_r[0]               ; Packed Register ; Register Packing ; Timing optimization        ; Q         ;                ; mul:mul1|Mult0~12            ; AY               ;                       ;
; rs1_value_r[0]               ; Duplicated      ; Register Packing ; Timing optimization        ; Q         ;                ; rs1_value_r[0]~_Duplicate_1  ; Q                ;                       ;
; rs1_value_r[0]~SCLR_LUT      ; Created         ; Register Packing ; Timing optimization        ;           ;                ;                              ;                  ;                       ;
; rs1_value_r[0]~_Duplicate_1  ; Packed Register ; Register Packing ; Timing optimization        ; Q         ;                ; mul:mul1|Mult1~481           ; AY               ;                       ;
; rs1_value_r[0]~_Duplicate_1  ; Duplicated      ; Register Packing ; Timing optimization        ; Q         ;                ; rs1_value_r[0]~_Duplicate_2  ; Q                ;                       ;
; rs1_value_r[0]~_Duplicate_2  ; Packed Register ; Register Packing ; Timing optimization        ; Q         ;                ; mul:mul1|Mult0~533           ; BY               ;                       ;
; rs1_value_r[0]~_Duplicate_2  ; Duplicated      ; Register Packing ; Timing optimization        ; Q         ;                ; rs1_value_r[0]~_Duplicate_3  ; Q                ;                       ;
; rs1_value_r[0]~_Duplicate_3  ; Packed Register ; Register Packing ; Timing optimization        ; Q         ;                ; mul:mul1|Mult1~140           ; BY               ;                       ;
; rs1_value_r[0]~_Duplicate_3  ; Duplicated      ; Register Packing ; Timing optimization        ; Q         ;                ; rs1_value_r[0]~_Duplicate_4  ; Q                ;                       ;
; rs1_value_r[1]               ; Packed Register ; Register Packing ; Timing optimization        ; Q         ;                ; mul:mul1|Mult0~12            ; AY               ;                       ;
; rs1_value_r[1]               ; Duplicated      ; Register Packing ; Timing optimization        ; Q         ;                ; rs1_value_r[1]~_Duplicate_1  ; Q                ;                       ;
; rs1_value_r[1]~SCLR_LUT      ; Created         ; Register Packing ; Timing optimization        ;           ;                ;                              ;                  ;                       ;
; rs1_value_r[1]~_Duplicate_1  ; Packed Register ; Register Packing ; Timing optimization        ; Q         ;                ; mul:mul1|Mult1~481           ; AY               ;                       ;
; rs1_value_r[1]~_Duplicate_1  ; Duplicated      ; Register Packing ; Timing optimization        ; Q         ;                ; rs1_value_r[1]~_Duplicate_2  ; Q                ;                       ;
; rs1_value_r[1]~_Duplicate_2  ; Packed Register ; Register Packing ; Timing optimization        ; Q         ;                ; mul:mul1|Mult0~533           ; BY               ;                       ;
; rs1_value_r[1]~_Duplicate_2  ; Duplicated      ; Register Packing ; Timing optimization        ; Q         ;                ; rs1_value_r[1]~_Duplicate_3  ; Q                ;                       ;
; rs1_value_r[1]~_Duplicate_3  ; Packed Register ; Register Packing ; Timing optimization        ; Q         ;                ; mul:mul1|Mult1~140           ; BY               ;                       ;
; rs1_value_r[1]~_Duplicate_3  ; Duplicated      ; Register Packing ; Timing optimization        ; Q         ;                ; rs1_value_r[1]~_Duplicate_4  ; Q                ;                       ;
; rs1_value_r[2]               ; Packed Register ; Register Packing ; Timing optimization        ; Q         ;                ; mul:mul1|Mult0~12            ; AY               ;                       ;
; rs1_value_r[2]               ; Duplicated      ; Register Packing ; Timing optimization        ; Q         ;                ; rs1_value_r[2]~_Duplicate_1  ; Q                ;                       ;
; rs1_value_r[2]~SCLR_LUT      ; Created         ; Register Packing ; Timing optimization        ;           ;                ;                              ;                  ;                       ;
; rs1_value_r[2]~_Duplicate_1  ; Packed Register ; Register Packing ; Timing optimization        ; Q         ;                ; mul:mul1|Mult1~481           ; AY               ;                       ;
; rs1_value_r[2]~_Duplicate_1  ; Duplicated      ; Register Packing ; Timing optimization        ; Q         ;                ; rs1_value_r[2]~_Duplicate_2  ; Q                ;                       ;
; rs1_value_r[2]~_Duplicate_2  ; Packed Register ; Register Packing ; Timing optimization        ; Q         ;                ; mul:mul1|Mult0~533           ; BY               ;                       ;
; rs1_value_r[2]~_Duplicate_2  ; Duplicated      ; Register Packing ; Timing optimization        ; Q         ;                ; rs1_value_r[2]~_Duplicate_3  ; Q                ;                       ;
; rs1_value_r[2]~_Duplicate_3  ; Packed Register ; Register Packing ; Timing optimization        ; Q         ;                ; mul:mul1|Mult1~140           ; BY               ;                       ;
; rs1_value_r[2]~_Duplicate_3  ; Duplicated      ; Register Packing ; Timing optimization        ; Q         ;                ; rs1_value_r[2]~_Duplicate_4  ; Q                ;                       ;
; rs1_value_r[3]               ; Packed Register ; Register Packing ; Timing optimization        ; Q         ;                ; mul:mul1|Mult0~12            ; AY               ;                       ;
; rs1_value_r[3]               ; Duplicated      ; Register Packing ; Timing optimization        ; Q         ;                ; rs1_value_r[3]~_Duplicate_1  ; Q                ;                       ;
; rs1_value_r[3]~SCLR_LUT      ; Created         ; Register Packing ; Timing optimization        ;           ;                ;                              ;                  ;                       ;
; rs1_value_r[3]~_Duplicate_1  ; Packed Register ; Register Packing ; Timing optimization        ; Q         ;                ; mul:mul1|Mult1~481           ; AY               ;                       ;
; rs1_value_r[3]~_Duplicate_1  ; Duplicated      ; Register Packing ; Timing optimization        ; Q         ;                ; rs1_value_r[3]~_Duplicate_2  ; Q                ;                       ;
; rs1_value_r[3]~_Duplicate_2  ; Packed Register ; Register Packing ; Timing optimization        ; Q         ;                ; mul:mul1|Mult0~533           ; BY               ;                       ;
; rs1_value_r[3]~_Duplicate_2  ; Duplicated      ; Register Packing ; Timing optimization        ; Q         ;                ; rs1_value_r[3]~_Duplicate_3  ; Q                ;                       ;
; rs1_value_r[3]~_Duplicate_3  ; Packed Register ; Register Packing ; Timing optimization        ; Q         ;                ; mul:mul1|Mult1~140           ; BY               ;                       ;
; rs1_value_r[3]~_Duplicate_3  ; Duplicated      ; Register Packing ; Timing optimization        ; Q         ;                ; rs1_value_r[3]~_Duplicate_4  ; Q                ;                       ;
; rs1_value_r[4]               ; Packed Register ; Register Packing ; Timing optimization        ; Q         ;                ; mul:mul1|Mult0~12            ; AY               ;                       ;
; rs1_value_r[4]               ; Duplicated      ; Register Packing ; Timing optimization        ; Q         ;                ; rs1_value_r[4]~_Duplicate_1  ; Q                ;                       ;
; rs1_value_r[4]~SCLR_LUT      ; Created         ; Register Packing ; Timing optimization        ;           ;                ;                              ;                  ;                       ;
; rs1_value_r[4]~_Duplicate_1  ; Packed Register ; Register Packing ; Timing optimization        ; Q         ;                ; mul:mul1|Mult1~481           ; AY               ;                       ;
; rs1_value_r[4]~_Duplicate_1  ; Duplicated      ; Register Packing ; Timing optimization        ; Q         ;                ; rs1_value_r[4]~_Duplicate_2  ; Q                ;                       ;
; rs1_value_r[4]~_Duplicate_2  ; Packed Register ; Register Packing ; Timing optimization        ; Q         ;                ; mul:mul1|Mult0~533           ; BY               ;                       ;
; rs1_value_r[4]~_Duplicate_2  ; Duplicated      ; Register Packing ; Timing optimization        ; Q         ;                ; rs1_value_r[4]~_Duplicate_3  ; Q                ;                       ;
; rs1_value_r[4]~_Duplicate_3  ; Packed Register ; Register Packing ; Timing optimization        ; Q         ;                ; mul:mul1|Mult1~140           ; BY               ;                       ;
; rs1_value_r[4]~_Duplicate_3  ; Duplicated      ; Register Packing ; Timing optimization        ; Q         ;                ; rs1_value_r[4]~_Duplicate_4  ; Q                ;                       ;
; rs1_value_r[5]               ; Packed Register ; Register Packing ; Timing optimization        ; Q         ;                ; mul:mul1|Mult0~12            ; AY               ;                       ;
; rs1_value_r[5]               ; Duplicated      ; Register Packing ; Timing optimization        ; Q         ;                ; rs1_value_r[5]~_Duplicate_1  ; Q                ;                       ;
; rs1_value_r[5]~SCLR_LUT      ; Created         ; Register Packing ; Timing optimization        ;           ;                ;                              ;                  ;                       ;
; rs1_value_r[5]~_Duplicate_1  ; Packed Register ; Register Packing ; Timing optimization        ; Q         ;                ; mul:mul1|Mult1~481           ; AY               ;                       ;
; rs1_value_r[5]~_Duplicate_1  ; Duplicated      ; Register Packing ; Timing optimization        ; Q         ;                ; rs1_value_r[5]~_Duplicate_2  ; Q                ;                       ;
; rs1_value_r[5]~_Duplicate_2  ; Packed Register ; Register Packing ; Timing optimization        ; Q         ;                ; mul:mul1|Mult0~533           ; BY               ;                       ;
; rs1_value_r[5]~_Duplicate_2  ; Duplicated      ; Register Packing ; Timing optimization        ; Q         ;                ; rs1_value_r[5]~_Duplicate_3  ; Q                ;                       ;
; rs1_value_r[5]~_Duplicate_3  ; Packed Register ; Register Packing ; Timing optimization        ; Q         ;                ; mul:mul1|Mult1~140           ; BY               ;                       ;
; rs1_value_r[5]~_Duplicate_3  ; Duplicated      ; Register Packing ; Timing optimization        ; Q         ;                ; rs1_value_r[5]~_Duplicate_4  ; Q                ;                       ;
; rs1_value_r[6]               ; Packed Register ; Register Packing ; Timing optimization        ; Q         ;                ; mul:mul1|Mult0~12            ; AY               ;                       ;
; rs1_value_r[6]               ; Duplicated      ; Register Packing ; Timing optimization        ; Q         ;                ; rs1_value_r[6]~_Duplicate_1  ; Q                ;                       ;
; rs1_value_r[6]~SCLR_LUT      ; Created         ; Register Packing ; Timing optimization        ;           ;                ;                              ;                  ;                       ;
; rs1_value_r[6]~_Duplicate_1  ; Packed Register ; Register Packing ; Timing optimization        ; Q         ;                ; mul:mul1|Mult1~481           ; AY               ;                       ;
; rs1_value_r[6]~_Duplicate_1  ; Duplicated      ; Register Packing ; Timing optimization        ; Q         ;                ; rs1_value_r[6]~_Duplicate_2  ; Q                ;                       ;
; rs1_value_r[6]~_Duplicate_2  ; Packed Register ; Register Packing ; Timing optimization        ; Q         ;                ; mul:mul1|Mult0~533           ; BY               ;                       ;
; rs1_value_r[6]~_Duplicate_2  ; Duplicated      ; Register Packing ; Timing optimization        ; Q         ;                ; rs1_value_r[6]~_Duplicate_3  ; Q                ;                       ;
; rs1_value_r[6]~_Duplicate_3  ; Packed Register ; Register Packing ; Timing optimization        ; Q         ;                ; mul:mul1|Mult1~140           ; BY               ;                       ;
; rs1_value_r[6]~_Duplicate_3  ; Duplicated      ; Register Packing ; Timing optimization        ; Q         ;                ; rs1_value_r[6]~_Duplicate_4  ; Q                ;                       ;
; rs1_value_r[7]               ; Packed Register ; Register Packing ; Timing optimization        ; Q         ;                ; mul:mul1|Mult0~12            ; AY               ;                       ;
; rs1_value_r[7]               ; Duplicated      ; Register Packing ; Timing optimization        ; Q         ;                ; rs1_value_r[7]~_Duplicate_1  ; Q                ;                       ;
; rs1_value_r[7]~SCLR_LUT      ; Created         ; Register Packing ; Timing optimization        ;           ;                ;                              ;                  ;                       ;
; rs1_value_r[7]~_Duplicate_1  ; Packed Register ; Register Packing ; Timing optimization        ; Q         ;                ; mul:mul1|Mult1~481           ; AY               ;                       ;
; rs1_value_r[7]~_Duplicate_1  ; Duplicated      ; Register Packing ; Timing optimization        ; Q         ;                ; rs1_value_r[7]~_Duplicate_2  ; Q                ;                       ;
; rs1_value_r[7]~_Duplicate_2  ; Packed Register ; Register Packing ; Timing optimization        ; Q         ;                ; mul:mul1|Mult0~533           ; BY               ;                       ;
; rs1_value_r[7]~_Duplicate_2  ; Duplicated      ; Register Packing ; Timing optimization        ; Q         ;                ; rs1_value_r[7]~_Duplicate_3  ; Q                ;                       ;
; rs1_value_r[7]~_Duplicate_3  ; Packed Register ; Register Packing ; Timing optimization        ; Q         ;                ; mul:mul1|Mult1~140           ; BY               ;                       ;
; rs1_value_r[7]~_Duplicate_3  ; Duplicated      ; Register Packing ; Timing optimization        ; Q         ;                ; rs1_value_r[7]~_Duplicate_4  ; Q                ;                       ;
; rs1_value_r[8]               ; Packed Register ; Register Packing ; Timing optimization        ; Q         ;                ; mul:mul1|Mult0~12            ; AY               ;                       ;
; rs1_value_r[8]               ; Duplicated      ; Register Packing ; Timing optimization        ; Q         ;                ; rs1_value_r[8]~_Duplicate_1  ; Q                ;                       ;
; rs1_value_r[8]~SCLR_LUT      ; Created         ; Register Packing ; Timing optimization        ;           ;                ;                              ;                  ;                       ;
; rs1_value_r[8]~_Duplicate_1  ; Packed Register ; Register Packing ; Timing optimization        ; Q         ;                ; mul:mul1|Mult1~481           ; AY               ;                       ;
; rs1_value_r[8]~_Duplicate_1  ; Duplicated      ; Register Packing ; Timing optimization        ; Q         ;                ; rs1_value_r[8]~_Duplicate_2  ; Q                ;                       ;
; rs1_value_r[8]~_Duplicate_2  ; Packed Register ; Register Packing ; Timing optimization        ; Q         ;                ; mul:mul1|Mult0~533           ; BY               ;                       ;
; rs1_value_r[8]~_Duplicate_2  ; Duplicated      ; Register Packing ; Timing optimization        ; Q         ;                ; rs1_value_r[8]~_Duplicate_3  ; Q                ;                       ;
; rs1_value_r[8]~_Duplicate_3  ; Packed Register ; Register Packing ; Timing optimization        ; Q         ;                ; mul:mul1|Mult1~140           ; BY               ;                       ;
; rs1_value_r[8]~_Duplicate_3  ; Duplicated      ; Register Packing ; Timing optimization        ; Q         ;                ; rs1_value_r[8]~_Duplicate_4  ; Q                ;                       ;
; rs1_value_r[9]               ; Packed Register ; Register Packing ; Timing optimization        ; Q         ;                ; mul:mul1|Mult0~12            ; AY               ;                       ;
; rs1_value_r[9]               ; Duplicated      ; Register Packing ; Timing optimization        ; Q         ;                ; rs1_value_r[9]~_Duplicate_1  ; Q                ;                       ;
; rs1_value_r[9]~SCLR_LUT      ; Created         ; Register Packing ; Timing optimization        ;           ;                ;                              ;                  ;                       ;
; rs1_value_r[9]~_Duplicate_1  ; Packed Register ; Register Packing ; Timing optimization        ; Q         ;                ; mul:mul1|Mult1~481           ; AY               ;                       ;
; rs1_value_r[9]~_Duplicate_1  ; Duplicated      ; Register Packing ; Timing optimization        ; Q         ;                ; rs1_value_r[9]~_Duplicate_2  ; Q                ;                       ;
; rs1_value_r[9]~_Duplicate_2  ; Packed Register ; Register Packing ; Timing optimization        ; Q         ;                ; mul:mul1|Mult0~533           ; BY               ;                       ;
; rs1_value_r[9]~_Duplicate_2  ; Duplicated      ; Register Packing ; Timing optimization        ; Q         ;                ; rs1_value_r[9]~_Duplicate_3  ; Q                ;                       ;
; rs1_value_r[9]~_Duplicate_3  ; Packed Register ; Register Packing ; Timing optimization        ; Q         ;                ; mul:mul1|Mult1~140           ; BY               ;                       ;
; rs1_value_r[9]~_Duplicate_3  ; Duplicated      ; Register Packing ; Timing optimization        ; Q         ;                ; rs1_value_r[9]~_Duplicate_4  ; Q                ;                       ;
; rs1_value_r[10]              ; Packed Register ; Register Packing ; Timing optimization        ; Q         ;                ; mul:mul1|Mult0~12            ; AY               ;                       ;
; rs1_value_r[10]              ; Duplicated      ; Register Packing ; Timing optimization        ; Q         ;                ; rs1_value_r[10]~_Duplicate_1 ; Q                ;                       ;
; rs1_value_r[10]~SCLR_LUT     ; Created         ; Register Packing ; Timing optimization        ;           ;                ;                              ;                  ;                       ;
; rs1_value_r[10]~_Duplicate_1 ; Packed Register ; Register Packing ; Timing optimization        ; Q         ;                ; mul:mul1|Mult1~481           ; AY               ;                       ;
; rs1_value_r[10]~_Duplicate_1 ; Duplicated      ; Register Packing ; Timing optimization        ; Q         ;                ; rs1_value_r[10]~_Duplicate_2 ; Q                ;                       ;
; rs1_value_r[10]~_Duplicate_2 ; Packed Register ; Register Packing ; Timing optimization        ; Q         ;                ; mul:mul1|Mult0~533           ; BY               ;                       ;
; rs1_value_r[10]~_Duplicate_2 ; Duplicated      ; Register Packing ; Timing optimization        ; Q         ;                ; rs1_value_r[10]~_Duplicate_3 ; Q                ;                       ;
; rs1_value_r[10]~_Duplicate_3 ; Packed Register ; Register Packing ; Timing optimization        ; Q         ;                ; mul:mul1|Mult1~140           ; BY               ;                       ;
; rs1_value_r[10]~_Duplicate_3 ; Duplicated      ; Register Packing ; Timing optimization        ; Q         ;                ; rs1_value_r[10]~_Duplicate_4 ; Q                ;                       ;
; rs1_value_r[11]              ; Packed Register ; Register Packing ; Timing optimization        ; Q         ;                ; mul:mul1|Mult0~12            ; AY               ;                       ;
; rs1_value_r[11]              ; Duplicated      ; Register Packing ; Timing optimization        ; Q         ;                ; rs1_value_r[11]~_Duplicate_1 ; Q                ;                       ;
; rs1_value_r[11]~SCLR_LUT     ; Created         ; Register Packing ; Timing optimization        ;           ;                ;                              ;                  ;                       ;
; rs1_value_r[11]~_Duplicate_1 ; Packed Register ; Register Packing ; Timing optimization        ; Q         ;                ; mul:mul1|Mult1~481           ; AY               ;                       ;
; rs1_value_r[11]~_Duplicate_1 ; Duplicated      ; Register Packing ; Timing optimization        ; Q         ;                ; rs1_value_r[11]~_Duplicate_2 ; Q                ;                       ;
; rs1_value_r[11]~_Duplicate_2 ; Packed Register ; Register Packing ; Timing optimization        ; Q         ;                ; mul:mul1|Mult0~533           ; BY               ;                       ;
; rs1_value_r[11]~_Duplicate_2 ; Duplicated      ; Register Packing ; Timing optimization        ; Q         ;                ; rs1_value_r[11]~_Duplicate_3 ; Q                ;                       ;
; rs1_value_r[11]~_Duplicate_3 ; Packed Register ; Register Packing ; Timing optimization        ; Q         ;                ; mul:mul1|Mult1~140           ; BY               ;                       ;
; rs1_value_r[11]~_Duplicate_3 ; Duplicated      ; Register Packing ; Timing optimization        ; Q         ;                ; rs1_value_r[11]~_Duplicate_4 ; Q                ;                       ;
; rs1_value_r[12]              ; Packed Register ; Register Packing ; Timing optimization        ; Q         ;                ; mul:mul1|Mult0~12            ; AY               ;                       ;
; rs1_value_r[12]              ; Duplicated      ; Register Packing ; Timing optimization        ; Q         ;                ; rs1_value_r[12]~_Duplicate_1 ; Q                ;                       ;
; rs1_value_r[12]~SCLR_LUT     ; Created         ; Register Packing ; Timing optimization        ;           ;                ;                              ;                  ;                       ;
; rs1_value_r[12]~_Duplicate_1 ; Packed Register ; Register Packing ; Timing optimization        ; Q         ;                ; mul:mul1|Mult1~481           ; AY               ;                       ;
; rs1_value_r[12]~_Duplicate_1 ; Duplicated      ; Register Packing ; Timing optimization        ; Q         ;                ; rs1_value_r[12]~_Duplicate_2 ; Q                ;                       ;
; rs1_value_r[12]~_Duplicate_2 ; Packed Register ; Register Packing ; Timing optimization        ; Q         ;                ; mul:mul1|Mult0~533           ; BY               ;                       ;
; rs1_value_r[12]~_Duplicate_2 ; Duplicated      ; Register Packing ; Timing optimization        ; Q         ;                ; rs1_value_r[12]~_Duplicate_3 ; Q                ;                       ;
; rs1_value_r[12]~_Duplicate_3 ; Packed Register ; Register Packing ; Timing optimization        ; Q         ;                ; mul:mul1|Mult1~140           ; BY               ;                       ;
; rs1_value_r[12]~_Duplicate_3 ; Duplicated      ; Register Packing ; Timing optimization        ; Q         ;                ; rs1_value_r[12]~_Duplicate_4 ; Q                ;                       ;
; rs1_value_r[13]              ; Packed Register ; Register Packing ; Timing optimization        ; Q         ;                ; mul:mul1|Mult0~12            ; AY               ;                       ;
; rs1_value_r[13]              ; Duplicated      ; Register Packing ; Timing optimization        ; Q         ;                ; rs1_value_r[13]~_Duplicate_1 ; Q                ;                       ;
; rs1_value_r[13]~SCLR_LUT     ; Created         ; Register Packing ; Timing optimization        ;           ;                ;                              ;                  ;                       ;
; rs1_value_r[13]~_Duplicate_1 ; Packed Register ; Register Packing ; Timing optimization        ; Q         ;                ; mul:mul1|Mult1~481           ; AY               ;                       ;
; rs1_value_r[13]~_Duplicate_1 ; Duplicated      ; Register Packing ; Timing optimization        ; Q         ;                ; rs1_value_r[13]~_Duplicate_2 ; Q                ;                       ;
; rs1_value_r[13]~_Duplicate_2 ; Packed Register ; Register Packing ; Timing optimization        ; Q         ;                ; mul:mul1|Mult0~533           ; BY               ;                       ;
; rs1_value_r[13]~_Duplicate_2 ; Duplicated      ; Register Packing ; Timing optimization        ; Q         ;                ; rs1_value_r[13]~_Duplicate_3 ; Q                ;                       ;
; rs1_value_r[13]~_Duplicate_3 ; Packed Register ; Register Packing ; Timing optimization        ; Q         ;                ; mul:mul1|Mult1~140           ; BY               ;                       ;
; rs1_value_r[13]~_Duplicate_3 ; Duplicated      ; Register Packing ; Timing optimization        ; Q         ;                ; rs1_value_r[13]~_Duplicate_4 ; Q                ;                       ;
; rs1_value_r[14]              ; Packed Register ; Register Packing ; Timing optimization        ; Q         ;                ; mul:mul1|Mult0~12            ; AY               ;                       ;
; rs1_value_r[14]              ; Duplicated      ; Register Packing ; Timing optimization        ; Q         ;                ; rs1_value_r[14]~_Duplicate_1 ; Q                ;                       ;
; rs1_value_r[14]~SCLR_LUT     ; Created         ; Register Packing ; Timing optimization        ;           ;                ;                              ;                  ;                       ;
; rs1_value_r[14]~_Duplicate_1 ; Packed Register ; Register Packing ; Timing optimization        ; Q         ;                ; mul:mul1|Mult1~481           ; AY               ;                       ;
; rs1_value_r[14]~_Duplicate_1 ; Duplicated      ; Register Packing ; Timing optimization        ; Q         ;                ; rs1_value_r[14]~_Duplicate_2 ; Q                ;                       ;
; rs1_value_r[14]~_Duplicate_2 ; Packed Register ; Register Packing ; Timing optimization        ; Q         ;                ; mul:mul1|Mult0~533           ; BY               ;                       ;
; rs1_value_r[14]~_Duplicate_2 ; Duplicated      ; Register Packing ; Timing optimization        ; Q         ;                ; rs1_value_r[14]~_Duplicate_3 ; Q                ;                       ;
; rs1_value_r[14]~_Duplicate_3 ; Packed Register ; Register Packing ; Timing optimization        ; Q         ;                ; mul:mul1|Mult1~140           ; BY               ;                       ;
; rs1_value_r[14]~_Duplicate_3 ; Duplicated      ; Register Packing ; Timing optimization        ; Q         ;                ; rs1_value_r[14]~_Duplicate_4 ; Q                ;                       ;
; rs1_value_r[15]              ; Packed Register ; Register Packing ; Timing optimization        ; Q         ;                ; mul:mul1|Mult0~12            ; AY               ;                       ;
; rs1_value_r[15]              ; Duplicated      ; Register Packing ; Timing optimization        ; Q         ;                ; rs1_value_r[15]~_Duplicate_1 ; Q                ;                       ;
; rs1_value_r[15]~SCLR_LUT     ; Created         ; Register Packing ; Timing optimization        ;           ;                ;                              ;                  ;                       ;
; rs1_value_r[15]~_Duplicate_1 ; Packed Register ; Register Packing ; Timing optimization        ; Q         ;                ; mul:mul1|Mult1~481           ; AY               ;                       ;
; rs1_value_r[15]~_Duplicate_1 ; Duplicated      ; Register Packing ; Timing optimization        ; Q         ;                ; rs1_value_r[15]~_Duplicate_2 ; Q                ;                       ;
; rs1_value_r[15]~_Duplicate_2 ; Packed Register ; Register Packing ; Timing optimization        ; Q         ;                ; mul:mul1|Mult0~533           ; BY               ;                       ;
; rs1_value_r[15]~_Duplicate_2 ; Duplicated      ; Register Packing ; Timing optimization        ; Q         ;                ; rs1_value_r[15]~_Duplicate_3 ; Q                ;                       ;
; rs1_value_r[15]~_Duplicate_3 ; Packed Register ; Register Packing ; Timing optimization        ; Q         ;                ; mul:mul1|Mult1~140           ; BY               ;                       ;
; rs1_value_r[15]~_Duplicate_3 ; Duplicated      ; Register Packing ; Timing optimization        ; Q         ;                ; rs1_value_r[15]~_Duplicate_4 ; Q                ;                       ;
; rs1_value_r[16]              ; Packed Register ; Register Packing ; Timing optimization        ; Q         ;                ; mul:mul1|Mult0~12            ; AY               ;                       ;
; rs1_value_r[16]              ; Duplicated      ; Register Packing ; Timing optimization        ; Q         ;                ; rs1_value_r[16]~_Duplicate_1 ; Q                ;                       ;
; rs1_value_r[16]~SCLR_LUT     ; Created         ; Register Packing ; Timing optimization        ;           ;                ;                              ;                  ;                       ;
; rs1_value_r[16]~_Duplicate_1 ; Packed Register ; Register Packing ; Timing optimization        ; Q         ;                ; mul:mul1|Mult1~481           ; AY               ;                       ;
; rs1_value_r[16]~_Duplicate_1 ; Duplicated      ; Register Packing ; Timing optimization        ; Q         ;                ; rs1_value_r[16]~_Duplicate_2 ; Q                ;                       ;
; rs1_value_r[16]~_Duplicate_2 ; Packed Register ; Register Packing ; Timing optimization        ; Q         ;                ; mul:mul1|Mult0~533           ; BY               ;                       ;
; rs1_value_r[16]~_Duplicate_2 ; Duplicated      ; Register Packing ; Timing optimization        ; Q         ;                ; rs1_value_r[16]~_Duplicate_3 ; Q                ;                       ;
; rs1_value_r[16]~_Duplicate_3 ; Packed Register ; Register Packing ; Timing optimization        ; Q         ;                ; mul:mul1|Mult1~140           ; BY               ;                       ;
; rs1_value_r[16]~_Duplicate_3 ; Duplicated      ; Register Packing ; Timing optimization        ; Q         ;                ; rs1_value_r[16]~_Duplicate_4 ; Q                ;                       ;
; rs1_value_r[17]              ; Packed Register ; Register Packing ; Timing optimization        ; Q         ;                ; mul:mul1|Mult0~12            ; AY               ;                       ;
; rs1_value_r[17]              ; Duplicated      ; Register Packing ; Timing optimization        ; Q         ;                ; rs1_value_r[17]~_Duplicate_1 ; Q                ;                       ;
; rs1_value_r[17]~SCLR_LUT     ; Created         ; Register Packing ; Timing optimization        ;           ;                ;                              ;                  ;                       ;
; rs1_value_r[17]~_Duplicate_1 ; Packed Register ; Register Packing ; Timing optimization        ; Q         ;                ; mul:mul1|Mult1~481           ; AY               ;                       ;
; rs1_value_r[17]~_Duplicate_1 ; Duplicated      ; Register Packing ; Timing optimization        ; Q         ;                ; rs1_value_r[17]~_Duplicate_2 ; Q                ;                       ;
; rs1_value_r[17]~_Duplicate_2 ; Packed Register ; Register Packing ; Timing optimization        ; Q         ;                ; mul:mul1|Mult0~533           ; BY               ;                       ;
; rs1_value_r[17]~_Duplicate_2 ; Duplicated      ; Register Packing ; Timing optimization        ; Q         ;                ; rs1_value_r[17]~_Duplicate_3 ; Q                ;                       ;
; rs1_value_r[17]~_Duplicate_3 ; Packed Register ; Register Packing ; Timing optimization        ; Q         ;                ; mul:mul1|Mult1~140           ; BY               ;                       ;
; rs1_value_r[17]~_Duplicate_3 ; Duplicated      ; Register Packing ; Timing optimization        ; Q         ;                ; rs1_value_r[17]~_Duplicate_4 ; Q                ;                       ;
; rs1_value_r[18]              ; Packed Register ; Register Packing ; Timing optimization        ; Q         ;                ; mul:mul1|Mult0~533           ; AX               ;                       ;
; rs1_value_r[18]              ; Duplicated      ; Register Packing ; Timing optimization        ; Q         ;                ; rs1_value_r[18]~_Duplicate_1 ; Q                ;                       ;
; rs1_value_r[18]~SCLR_LUT     ; Created         ; Register Packing ; Timing optimization        ;           ;                ;                              ;                  ;                       ;
; rs1_value_r[18]~_Duplicate_1 ; Packed Register ; Register Packing ; Timing optimization        ; Q         ;                ; mul:mul1|Mult1~140           ; AX               ;                       ;
; rs1_value_r[18]~_Duplicate_1 ; Duplicated      ; Register Packing ; Timing optimization        ; Q         ;                ; rs1_value_r[18]~_Duplicate_2 ; Q                ;                       ;
; rs1_value_r[18]~_Duplicate_2 ; Packed Register ; Register Packing ; Timing optimization        ; Q         ;                ; mul:mul1|Mult0~874           ; AY               ;                       ;
; rs1_value_r[18]~_Duplicate_2 ; Duplicated      ; Register Packing ; Timing optimization        ; Q         ;                ; rs1_value_r[18]~_Duplicate_3 ; Q                ;                       ;
; rs1_value_r[18]~_Duplicate_3 ; Packed Register ; Register Packing ; Timing optimization        ; Q         ;                ; mul:mul1|Mult1~826           ; AY               ;                       ;
; rs1_value_r[18]~_Duplicate_3 ; Duplicated      ; Register Packing ; Timing optimization        ; Q         ;                ; rs1_value_r[18]~_Duplicate_4 ; Q                ;                       ;
; rs1_value_r[19]              ; Packed Register ; Register Packing ; Timing optimization        ; Q         ;                ; mul:mul1|Mult0~533           ; AX               ;                       ;
; rs1_value_r[19]              ; Duplicated      ; Register Packing ; Timing optimization        ; Q         ;                ; rs1_value_r[19]~_Duplicate_1 ; Q                ;                       ;
; rs1_value_r[19]~SCLR_LUT     ; Created         ; Register Packing ; Timing optimization        ;           ;                ;                              ;                  ;                       ;
; rs1_value_r[19]~_Duplicate_1 ; Packed Register ; Register Packing ; Timing optimization        ; Q         ;                ; mul:mul1|Mult1~140           ; AX               ;                       ;
; rs1_value_r[19]~_Duplicate_1 ; Duplicated      ; Register Packing ; Timing optimization        ; Q         ;                ; rs1_value_r[19]~_Duplicate_2 ; Q                ;                       ;
; rs1_value_r[19]~_Duplicate_2 ; Packed Register ; Register Packing ; Timing optimization        ; Q         ;                ; mul:mul1|Mult0~874           ; AY               ;                       ;
; rs1_value_r[19]~_Duplicate_2 ; Duplicated      ; Register Packing ; Timing optimization        ; Q         ;                ; rs1_value_r[19]~_Duplicate_3 ; Q                ;                       ;
; rs1_value_r[19]~_Duplicate_3 ; Packed Register ; Register Packing ; Timing optimization        ; Q         ;                ; mul:mul1|Mult1~826           ; AY               ;                       ;
; rs1_value_r[19]~_Duplicate_3 ; Duplicated      ; Register Packing ; Timing optimization        ; Q         ;                ; rs1_value_r[19]~_Duplicate_4 ; Q                ;                       ;
; rs1_value_r[20]              ; Packed Register ; Register Packing ; Timing optimization        ; Q         ;                ; mul:mul1|Mult0~533           ; AX               ;                       ;
; rs1_value_r[20]              ; Duplicated      ; Register Packing ; Timing optimization        ; Q         ;                ; rs1_value_r[20]~_Duplicate_1 ; Q                ;                       ;
; rs1_value_r[20]~SCLR_LUT     ; Created         ; Register Packing ; Timing optimization        ;           ;                ;                              ;                  ;                       ;
; rs1_value_r[20]~_Duplicate_1 ; Packed Register ; Register Packing ; Timing optimization        ; Q         ;                ; mul:mul1|Mult1~140           ; AX               ;                       ;
; rs1_value_r[20]~_Duplicate_1 ; Duplicated      ; Register Packing ; Timing optimization        ; Q         ;                ; rs1_value_r[20]~_Duplicate_2 ; Q                ;                       ;
; rs1_value_r[20]~_Duplicate_2 ; Packed Register ; Register Packing ; Timing optimization        ; Q         ;                ; mul:mul1|Mult0~874           ; AY               ;                       ;
; rs1_value_r[20]~_Duplicate_2 ; Duplicated      ; Register Packing ; Timing optimization        ; Q         ;                ; rs1_value_r[20]~_Duplicate_3 ; Q                ;                       ;
; rs1_value_r[20]~_Duplicate_3 ; Packed Register ; Register Packing ; Timing optimization        ; Q         ;                ; mul:mul1|Mult1~826           ; AY               ;                       ;
; rs1_value_r[20]~_Duplicate_3 ; Duplicated      ; Register Packing ; Timing optimization        ; Q         ;                ; rs1_value_r[20]~_Duplicate_4 ; Q                ;                       ;
; rs1_value_r[21]              ; Packed Register ; Register Packing ; Timing optimization        ; Q         ;                ; mul:mul1|Mult0~533           ; AX               ;                       ;
; rs1_value_r[21]              ; Duplicated      ; Register Packing ; Timing optimization        ; Q         ;                ; rs1_value_r[21]~_Duplicate_1 ; Q                ;                       ;
; rs1_value_r[21]~SCLR_LUT     ; Created         ; Register Packing ; Timing optimization        ;           ;                ;                              ;                  ;                       ;
; rs1_value_r[21]~_Duplicate_1 ; Packed Register ; Register Packing ; Timing optimization        ; Q         ;                ; mul:mul1|Mult1~140           ; AX               ;                       ;
; rs1_value_r[21]~_Duplicate_1 ; Duplicated      ; Register Packing ; Timing optimization        ; Q         ;                ; rs1_value_r[21]~_Duplicate_2 ; Q                ;                       ;
; rs1_value_r[21]~_Duplicate_2 ; Packed Register ; Register Packing ; Timing optimization        ; Q         ;                ; mul:mul1|Mult0~874           ; AY               ;                       ;
; rs1_value_r[21]~_Duplicate_2 ; Duplicated      ; Register Packing ; Timing optimization        ; Q         ;                ; rs1_value_r[21]~_Duplicate_3 ; Q                ;                       ;
; rs1_value_r[21]~_Duplicate_3 ; Packed Register ; Register Packing ; Timing optimization        ; Q         ;                ; mul:mul1|Mult1~826           ; AY               ;                       ;
; rs1_value_r[21]~_Duplicate_3 ; Duplicated      ; Register Packing ; Timing optimization        ; Q         ;                ; rs1_value_r[21]~_Duplicate_4 ; Q                ;                       ;
; rs1_value_r[22]              ; Packed Register ; Register Packing ; Timing optimization        ; Q         ;                ; mul:mul1|Mult0~533           ; AX               ;                       ;
; rs1_value_r[22]              ; Duplicated      ; Register Packing ; Timing optimization        ; Q         ;                ; rs1_value_r[22]~_Duplicate_1 ; Q                ;                       ;
; rs1_value_r[22]~SCLR_LUT     ; Created         ; Register Packing ; Timing optimization        ;           ;                ;                              ;                  ;                       ;
; rs1_value_r[22]~_Duplicate_1 ; Packed Register ; Register Packing ; Timing optimization        ; Q         ;                ; mul:mul1|Mult1~140           ; AX               ;                       ;
; rs1_value_r[22]~_Duplicate_1 ; Duplicated      ; Register Packing ; Timing optimization        ; Q         ;                ; rs1_value_r[22]~_Duplicate_2 ; Q                ;                       ;
; rs1_value_r[22]~_Duplicate_2 ; Packed Register ; Register Packing ; Timing optimization        ; Q         ;                ; mul:mul1|Mult0~874           ; AY               ;                       ;
; rs1_value_r[22]~_Duplicate_2 ; Duplicated      ; Register Packing ; Timing optimization        ; Q         ;                ; rs1_value_r[22]~_Duplicate_3 ; Q                ;                       ;
; rs1_value_r[22]~_Duplicate_3 ; Packed Register ; Register Packing ; Timing optimization        ; Q         ;                ; mul:mul1|Mult1~826           ; AY               ;                       ;
; rs1_value_r[22]~_Duplicate_3 ; Duplicated      ; Register Packing ; Timing optimization        ; Q         ;                ; rs1_value_r[22]~_Duplicate_4 ; Q                ;                       ;
; rs1_value_r[23]              ; Packed Register ; Register Packing ; Timing optimization        ; Q         ;                ; mul:mul1|Mult0~533           ; AX               ;                       ;
; rs1_value_r[23]              ; Duplicated      ; Register Packing ; Timing optimization        ; Q         ;                ; rs1_value_r[23]~_Duplicate_1 ; Q                ;                       ;
; rs1_value_r[23]~SCLR_LUT     ; Created         ; Register Packing ; Timing optimization        ;           ;                ;                              ;                  ;                       ;
; rs1_value_r[23]~_Duplicate_1 ; Packed Register ; Register Packing ; Timing optimization        ; Q         ;                ; mul:mul1|Mult1~140           ; AX               ;                       ;
; rs1_value_r[23]~_Duplicate_1 ; Duplicated      ; Register Packing ; Timing optimization        ; Q         ;                ; rs1_value_r[23]~_Duplicate_2 ; Q                ;                       ;
; rs1_value_r[23]~_Duplicate_2 ; Packed Register ; Register Packing ; Timing optimization        ; Q         ;                ; mul:mul1|Mult0~874           ; AY               ;                       ;
; rs1_value_r[23]~_Duplicate_2 ; Duplicated      ; Register Packing ; Timing optimization        ; Q         ;                ; rs1_value_r[23]~_Duplicate_3 ; Q                ;                       ;
; rs1_value_r[23]~_Duplicate_3 ; Packed Register ; Register Packing ; Timing optimization        ; Q         ;                ; mul:mul1|Mult1~826           ; AY               ;                       ;
; rs1_value_r[23]~_Duplicate_3 ; Duplicated      ; Register Packing ; Timing optimization        ; Q         ;                ; rs1_value_r[23]~_Duplicate_4 ; Q                ;                       ;
; rs1_value_r[24]              ; Packed Register ; Register Packing ; Timing optimization        ; Q         ;                ; mul:mul1|Mult0~533           ; AX               ;                       ;
; rs1_value_r[24]              ; Duplicated      ; Register Packing ; Timing optimization        ; Q         ;                ; rs1_value_r[24]~_Duplicate_1 ; Q                ;                       ;
; rs1_value_r[24]~SCLR_LUT     ; Created         ; Register Packing ; Timing optimization        ;           ;                ;                              ;                  ;                       ;
; rs1_value_r[24]~_Duplicate_1 ; Packed Register ; Register Packing ; Timing optimization        ; Q         ;                ; mul:mul1|Mult1~140           ; AX               ;                       ;
; rs1_value_r[24]~_Duplicate_1 ; Duplicated      ; Register Packing ; Timing optimization        ; Q         ;                ; rs1_value_r[24]~_Duplicate_2 ; Q                ;                       ;
; rs1_value_r[24]~_Duplicate_2 ; Packed Register ; Register Packing ; Timing optimization        ; Q         ;                ; mul:mul1|Mult0~874           ; AY               ;                       ;
; rs1_value_r[24]~_Duplicate_2 ; Duplicated      ; Register Packing ; Timing optimization        ; Q         ;                ; rs1_value_r[24]~_Duplicate_3 ; Q                ;                       ;
; rs1_value_r[24]~_Duplicate_3 ; Packed Register ; Register Packing ; Timing optimization        ; Q         ;                ; mul:mul1|Mult1~826           ; AY               ;                       ;
; rs1_value_r[24]~_Duplicate_3 ; Duplicated      ; Register Packing ; Timing optimization        ; Q         ;                ; rs1_value_r[24]~_Duplicate_4 ; Q                ;                       ;
; rs1_value_r[25]              ; Packed Register ; Register Packing ; Timing optimization        ; Q         ;                ; mul:mul1|Mult0~533           ; AX               ;                       ;
; rs1_value_r[25]              ; Duplicated      ; Register Packing ; Timing optimization        ; Q         ;                ; rs1_value_r[25]~_Duplicate_1 ; Q                ;                       ;
; rs1_value_r[25]~SCLR_LUT     ; Created         ; Register Packing ; Timing optimization        ;           ;                ;                              ;                  ;                       ;
; rs1_value_r[25]~_Duplicate_1 ; Packed Register ; Register Packing ; Timing optimization        ; Q         ;                ; mul:mul1|Mult1~140           ; AX               ;                       ;
; rs1_value_r[25]~_Duplicate_1 ; Duplicated      ; Register Packing ; Timing optimization        ; Q         ;                ; rs1_value_r[25]~_Duplicate_2 ; Q                ;                       ;
; rs1_value_r[25]~_Duplicate_2 ; Packed Register ; Register Packing ; Timing optimization        ; Q         ;                ; mul:mul1|Mult0~874           ; AY               ;                       ;
; rs1_value_r[25]~_Duplicate_2 ; Duplicated      ; Register Packing ; Timing optimization        ; Q         ;                ; rs1_value_r[25]~_Duplicate_3 ; Q                ;                       ;
; rs1_value_r[25]~_Duplicate_3 ; Packed Register ; Register Packing ; Timing optimization        ; Q         ;                ; mul:mul1|Mult1~826           ; AY               ;                       ;
; rs1_value_r[25]~_Duplicate_3 ; Duplicated      ; Register Packing ; Timing optimization        ; Q         ;                ; rs1_value_r[25]~_Duplicate_4 ; Q                ;                       ;
; rs1_value_r[26]              ; Packed Register ; Register Packing ; Timing optimization        ; Q         ;                ; mul:mul1|Mult0~533           ; AX               ;                       ;
; rs1_value_r[26]              ; Duplicated      ; Register Packing ; Timing optimization        ; Q         ;                ; rs1_value_r[26]~_Duplicate_1 ; Q                ;                       ;
; rs1_value_r[26]~SCLR_LUT     ; Created         ; Register Packing ; Timing optimization        ;           ;                ;                              ;                  ;                       ;
; rs1_value_r[26]~_Duplicate_1 ; Packed Register ; Register Packing ; Timing optimization        ; Q         ;                ; mul:mul1|Mult1~140           ; AX               ;                       ;
; rs1_value_r[26]~_Duplicate_1 ; Duplicated      ; Register Packing ; Timing optimization        ; Q         ;                ; rs1_value_r[26]~_Duplicate_2 ; Q                ;                       ;
; rs1_value_r[26]~_Duplicate_2 ; Packed Register ; Register Packing ; Timing optimization        ; Q         ;                ; mul:mul1|Mult0~874           ; AY               ;                       ;
; rs1_value_r[26]~_Duplicate_2 ; Duplicated      ; Register Packing ; Timing optimization        ; Q         ;                ; rs1_value_r[26]~_Duplicate_3 ; Q                ;                       ;
; rs1_value_r[26]~_Duplicate_3 ; Packed Register ; Register Packing ; Timing optimization        ; Q         ;                ; mul:mul1|Mult1~826           ; AY               ;                       ;
; rs1_value_r[26]~_Duplicate_3 ; Duplicated      ; Register Packing ; Timing optimization        ; Q         ;                ; rs1_value_r[26]~_Duplicate_4 ; Q                ;                       ;
; rs1_value_r[27]              ; Packed Register ; Register Packing ; Timing optimization        ; Q         ;                ; mul:mul1|Mult0~533           ; AX               ;                       ;
; rs1_value_r[27]              ; Duplicated      ; Register Packing ; Timing optimization        ; Q         ;                ; rs1_value_r[27]~_Duplicate_1 ; Q                ;                       ;
; rs1_value_r[27]~SCLR_LUT     ; Created         ; Register Packing ; Timing optimization        ;           ;                ;                              ;                  ;                       ;
; rs1_value_r[27]~_Duplicate_1 ; Packed Register ; Register Packing ; Timing optimization        ; Q         ;                ; mul:mul1|Mult1~140           ; AX               ;                       ;
; rs1_value_r[27]~_Duplicate_1 ; Duplicated      ; Register Packing ; Timing optimization        ; Q         ;                ; rs1_value_r[27]~_Duplicate_2 ; Q                ;                       ;
; rs1_value_r[27]~_Duplicate_2 ; Packed Register ; Register Packing ; Timing optimization        ; Q         ;                ; mul:mul1|Mult0~874           ; AY               ;                       ;
; rs1_value_r[27]~_Duplicate_2 ; Duplicated      ; Register Packing ; Timing optimization        ; Q         ;                ; rs1_value_r[27]~_Duplicate_3 ; Q                ;                       ;
; rs1_value_r[27]~_Duplicate_3 ; Packed Register ; Register Packing ; Timing optimization        ; Q         ;                ; mul:mul1|Mult1~826           ; AY               ;                       ;
; rs1_value_r[27]~_Duplicate_3 ; Duplicated      ; Register Packing ; Timing optimization        ; Q         ;                ; rs1_value_r[27]~_Duplicate_4 ; Q                ;                       ;
; rs1_value_r[28]              ; Packed Register ; Register Packing ; Timing optimization        ; Q         ;                ; mul:mul1|Mult0~533           ; AX               ;                       ;
; rs1_value_r[28]              ; Duplicated      ; Register Packing ; Timing optimization        ; Q         ;                ; rs1_value_r[28]~_Duplicate_1 ; Q                ;                       ;
; rs1_value_r[28]~SCLR_LUT     ; Created         ; Register Packing ; Timing optimization        ;           ;                ;                              ;                  ;                       ;
; rs1_value_r[28]~_Duplicate_1 ; Packed Register ; Register Packing ; Timing optimization        ; Q         ;                ; mul:mul1|Mult1~140           ; AX               ;                       ;
; rs1_value_r[28]~_Duplicate_1 ; Duplicated      ; Register Packing ; Timing optimization        ; Q         ;                ; rs1_value_r[28]~_Duplicate_2 ; Q                ;                       ;
; rs1_value_r[28]~_Duplicate_2 ; Packed Register ; Register Packing ; Timing optimization        ; Q         ;                ; mul:mul1|Mult0~874           ; AY               ;                       ;
; rs1_value_r[28]~_Duplicate_2 ; Duplicated      ; Register Packing ; Timing optimization        ; Q         ;                ; rs1_value_r[28]~_Duplicate_3 ; Q                ;                       ;
; rs1_value_r[28]~_Duplicate_3 ; Packed Register ; Register Packing ; Timing optimization        ; Q         ;                ; mul:mul1|Mult1~826           ; AY               ;                       ;
; rs1_value_r[28]~_Duplicate_3 ; Duplicated      ; Register Packing ; Timing optimization        ; Q         ;                ; rs1_value_r[28]~_Duplicate_4 ; Q                ;                       ;
; rs1_value_r[29]              ; Packed Register ; Register Packing ; Timing optimization        ; Q         ;                ; mul:mul1|Mult0~533           ; AX               ;                       ;
; rs1_value_r[29]              ; Duplicated      ; Register Packing ; Timing optimization        ; Q         ;                ; rs1_value_r[29]~_Duplicate_1 ; Q                ;                       ;
; rs1_value_r[29]~SCLR_LUT     ; Created         ; Register Packing ; Timing optimization        ;           ;                ;                              ;                  ;                       ;
; rs1_value_r[29]~_Duplicate_1 ; Packed Register ; Register Packing ; Timing optimization        ; Q         ;                ; mul:mul1|Mult1~140           ; AX               ;                       ;
; rs1_value_r[29]~_Duplicate_1 ; Duplicated      ; Register Packing ; Timing optimization        ; Q         ;                ; rs1_value_r[29]~_Duplicate_2 ; Q                ;                       ;
; rs1_value_r[29]~_Duplicate_2 ; Packed Register ; Register Packing ; Timing optimization        ; Q         ;                ; mul:mul1|Mult0~874           ; AY               ;                       ;
; rs1_value_r[29]~_Duplicate_2 ; Duplicated      ; Register Packing ; Timing optimization        ; Q         ;                ; rs1_value_r[29]~_Duplicate_3 ; Q                ;                       ;
; rs1_value_r[29]~_Duplicate_3 ; Packed Register ; Register Packing ; Timing optimization        ; Q         ;                ; mul:mul1|Mult1~826           ; AY               ;                       ;
; rs1_value_r[29]~_Duplicate_3 ; Duplicated      ; Register Packing ; Timing optimization        ; Q         ;                ; rs1_value_r[29]~_Duplicate_4 ; Q                ;                       ;
; rs1_value_r[30]              ; Packed Register ; Register Packing ; Timing optimization        ; Q         ;                ; mul:mul1|Mult0~533           ; AX               ;                       ;
; rs1_value_r[30]              ; Duplicated      ; Register Packing ; Timing optimization        ; Q         ;                ; rs1_value_r[30]~_Duplicate_1 ; Q                ;                       ;
; rs1_value_r[30]~SCLR_LUT     ; Created         ; Register Packing ; Timing optimization        ;           ;                ;                              ;                  ;                       ;
; rs1_value_r[30]~_Duplicate_1 ; Packed Register ; Register Packing ; Timing optimization        ; Q         ;                ; mul:mul1|Mult1~140           ; AX               ;                       ;
; rs1_value_r[30]~_Duplicate_1 ; Duplicated      ; Register Packing ; Timing optimization        ; Q         ;                ; rs1_value_r[30]~_Duplicate_2 ; Q                ;                       ;
; rs1_value_r[30]~_Duplicate_2 ; Packed Register ; Register Packing ; Timing optimization        ; Q         ;                ; mul:mul1|Mult0~874           ; AY               ;                       ;
; rs1_value_r[30]~_Duplicate_2 ; Duplicated      ; Register Packing ; Timing optimization        ; Q         ;                ; rs1_value_r[30]~_Duplicate_3 ; Q                ;                       ;
; rs1_value_r[30]~_Duplicate_3 ; Packed Register ; Register Packing ; Timing optimization        ; Q         ;                ; mul:mul1|Mult1~826           ; AY               ;                       ;
; rs1_value_r[30]~_Duplicate_3 ; Duplicated      ; Register Packing ; Timing optimization        ; Q         ;                ; rs1_value_r[30]~_Duplicate_4 ; Q                ;                       ;
; rs1_value_r[31]              ; Packed Register ; Register Packing ; Timing optimization        ; Q         ;                ; mul:mul1|Mult0~533           ; AX               ;                       ;
; rs1_value_r[31]              ; Duplicated      ; Register Packing ; Timing optimization        ; Q         ;                ; rs1_value_r[31]~_Duplicate_1 ; Q                ;                       ;
; rs1_value_r[31]~SCLR_LUT     ; Created         ; Register Packing ; Timing optimization        ;           ;                ;                              ;                  ;                       ;
; rs1_value_r[31]~_Duplicate_1 ; Packed Register ; Register Packing ; Timing optimization        ; Q         ;                ; mul:mul1|Mult1~140           ; AX               ;                       ;
; rs1_value_r[31]~_Duplicate_1 ; Duplicated      ; Register Packing ; Timing optimization        ; Q         ;                ; rs1_value_r[31]~_Duplicate_2 ; Q                ;                       ;
; rs1_value_r[31]~_Duplicate_2 ; Packed Register ; Register Packing ; Timing optimization        ; Q         ;                ; mul:mul1|Mult0~874           ; AY               ;                       ;
; rs1_value_r[31]~_Duplicate_2 ; Duplicated      ; Register Packing ; Timing optimization        ; Q         ;                ; rs1_value_r[31]~_Duplicate_3 ; Q                ;                       ;
; rs1_value_r[31]~_Duplicate_3 ; Packed Register ; Register Packing ; Timing optimization        ; Q         ;                ; mul:mul1|Mult1~826           ; AY               ;                       ;
; rs1_value_r[31]~_Duplicate_3 ; Duplicated      ; Register Packing ; Timing optimization        ; Q         ;                ; rs1_value_r[31]~_Duplicate_4 ; Q                ;                       ;
; rs2_value_r[0]               ; Packed Register ; Register Packing ; Timing optimization        ; Q         ;                ; mul:mul1|Mult0~533           ; AY               ;                       ;
; rs2_value_r[0]               ; Duplicated      ; Register Packing ; Timing optimization        ; Q         ;                ; rs2_value_r[0]~_Duplicate_1  ; Q                ;                       ;
; rs2_value_r[0]~SCLR_LUT      ; Created         ; Register Packing ; Timing optimization        ;           ;                ;                              ;                  ;                       ;
; rs2_value_r[0]~_Duplicate_1  ; Packed Register ; Register Packing ; Timing optimization        ; Q         ;                ; mul:mul1|Mult1~140           ; AY               ;                       ;
; rs2_value_r[0]~_Duplicate_1  ; Duplicated      ; Register Packing ; Timing optimization        ; Q         ;                ; rs2_value_r[0]~_Duplicate_2  ; Q                ;                       ;
; rs2_value_r[0]~_Duplicate_2  ; Packed Register ; Register Packing ; Timing optimization        ; Q         ;                ; mul:mul1|Mult0~12            ; AX               ;                       ;
; rs2_value_r[0]~_Duplicate_2  ; Duplicated      ; Register Packing ; Timing optimization        ; Q         ;                ; rs2_value_r[0]~_Duplicate_3  ; Q                ;                       ;
; rs2_value_r[0]~_Duplicate_3  ; Packed Register ; Register Packing ; Timing optimization        ; Q         ;                ; mul:mul1|Mult1~481           ; AX               ;                       ;
; rs2_value_r[0]~_Duplicate_3  ; Duplicated      ; Register Packing ; Timing optimization        ; Q         ;                ; rs2_value_r[0]~_Duplicate_4  ; Q                ;                       ;
; rs2_value_r[1]               ; Packed Register ; Register Packing ; Timing optimization        ; Q         ;                ; mul:mul1|Mult0~533           ; AY               ;                       ;
; rs2_value_r[1]               ; Duplicated      ; Register Packing ; Timing optimization        ; Q         ;                ; rs2_value_r[1]~_Duplicate_1  ; Q                ;                       ;
; rs2_value_r[1]~SCLR_LUT      ; Created         ; Register Packing ; Timing optimization        ;           ;                ;                              ;                  ;                       ;
; rs2_value_r[1]~_Duplicate_1  ; Packed Register ; Register Packing ; Timing optimization        ; Q         ;                ; mul:mul1|Mult1~140           ; AY               ;                       ;
; rs2_value_r[1]~_Duplicate_1  ; Duplicated      ; Register Packing ; Timing optimization        ; Q         ;                ; rs2_value_r[1]~_Duplicate_2  ; Q                ;                       ;
; rs2_value_r[1]~_Duplicate_2  ; Packed Register ; Register Packing ; Timing optimization        ; Q         ;                ; mul:mul1|Mult0~12            ; AX               ;                       ;
; rs2_value_r[1]~_Duplicate_2  ; Duplicated      ; Register Packing ; Timing optimization        ; Q         ;                ; rs2_value_r[1]~_Duplicate_3  ; Q                ;                       ;
; rs2_value_r[1]~_Duplicate_3  ; Packed Register ; Register Packing ; Timing optimization        ; Q         ;                ; mul:mul1|Mult1~481           ; AX               ;                       ;
; rs2_value_r[1]~_Duplicate_3  ; Duplicated      ; Register Packing ; Timing optimization        ; Q         ;                ; rs2_value_r[1]~_Duplicate_4  ; Q                ;                       ;
; rs2_value_r[2]               ; Packed Register ; Register Packing ; Timing optimization        ; Q         ;                ; mul:mul1|Mult0~533           ; AY               ;                       ;
; rs2_value_r[2]               ; Duplicated      ; Register Packing ; Timing optimization        ; Q         ;                ; rs2_value_r[2]~_Duplicate_1  ; Q                ;                       ;
; rs2_value_r[2]~SCLR_LUT      ; Created         ; Register Packing ; Timing optimization        ;           ;                ;                              ;                  ;                       ;
; rs2_value_r[2]~_Duplicate_1  ; Packed Register ; Register Packing ; Timing optimization        ; Q         ;                ; mul:mul1|Mult1~140           ; AY               ;                       ;
; rs2_value_r[2]~_Duplicate_1  ; Duplicated      ; Register Packing ; Timing optimization        ; Q         ;                ; rs2_value_r[2]~_Duplicate_2  ; Q                ;                       ;
; rs2_value_r[2]~_Duplicate_2  ; Packed Register ; Register Packing ; Timing optimization        ; Q         ;                ; mul:mul1|Mult0~12            ; AX               ;                       ;
; rs2_value_r[2]~_Duplicate_2  ; Duplicated      ; Register Packing ; Timing optimization        ; Q         ;                ; rs2_value_r[2]~_Duplicate_3  ; Q                ;                       ;
; rs2_value_r[2]~_Duplicate_3  ; Packed Register ; Register Packing ; Timing optimization        ; Q         ;                ; mul:mul1|Mult1~481           ; AX               ;                       ;
; rs2_value_r[2]~_Duplicate_3  ; Duplicated      ; Register Packing ; Timing optimization        ; Q         ;                ; rs2_value_r[2]~_Duplicate_4  ; Q                ;                       ;
; rs2_value_r[3]               ; Packed Register ; Register Packing ; Timing optimization        ; Q         ;                ; mul:mul1|Mult0~533           ; AY               ;                       ;
; rs2_value_r[3]               ; Duplicated      ; Register Packing ; Timing optimization        ; Q         ;                ; rs2_value_r[3]~_Duplicate_1  ; Q                ;                       ;
; rs2_value_r[3]~SCLR_LUT      ; Created         ; Register Packing ; Timing optimization        ;           ;                ;                              ;                  ;                       ;
; rs2_value_r[3]~_Duplicate_1  ; Packed Register ; Register Packing ; Timing optimization        ; Q         ;                ; mul:mul1|Mult1~140           ; AY               ;                       ;
; rs2_value_r[3]~_Duplicate_1  ; Duplicated      ; Register Packing ; Timing optimization        ; Q         ;                ; rs2_value_r[3]~_Duplicate_2  ; Q                ;                       ;
; rs2_value_r[3]~_Duplicate_2  ; Packed Register ; Register Packing ; Timing optimization        ; Q         ;                ; mul:mul1|Mult0~12            ; AX               ;                       ;
; rs2_value_r[3]~_Duplicate_2  ; Duplicated      ; Register Packing ; Timing optimization        ; Q         ;                ; rs2_value_r[3]~_Duplicate_3  ; Q                ;                       ;
; rs2_value_r[3]~_Duplicate_3  ; Packed Register ; Register Packing ; Timing optimization        ; Q         ;                ; mul:mul1|Mult1~481           ; AX               ;                       ;
; rs2_value_r[3]~_Duplicate_3  ; Duplicated      ; Register Packing ; Timing optimization        ; Q         ;                ; rs2_value_r[3]~_Duplicate_4  ; Q                ;                       ;
; rs2_value_r[4]               ; Packed Register ; Register Packing ; Timing optimization        ; Q         ;                ; mul:mul1|Mult0~533           ; AY               ;                       ;
; rs2_value_r[4]               ; Duplicated      ; Register Packing ; Timing optimization        ; Q         ;                ; rs2_value_r[4]~_Duplicate_1  ; Q                ;                       ;
; rs2_value_r[4]~SCLR_LUT      ; Created         ; Register Packing ; Timing optimization        ;           ;                ;                              ;                  ;                       ;
; rs2_value_r[4]~_Duplicate_1  ; Packed Register ; Register Packing ; Timing optimization        ; Q         ;                ; mul:mul1|Mult1~140           ; AY               ;                       ;
; rs2_value_r[4]~_Duplicate_1  ; Duplicated      ; Register Packing ; Timing optimization        ; Q         ;                ; rs2_value_r[4]~_Duplicate_2  ; Q                ;                       ;
; rs2_value_r[4]~_Duplicate_2  ; Packed Register ; Register Packing ; Timing optimization        ; Q         ;                ; mul:mul1|Mult0~12            ; AX               ;                       ;
; rs2_value_r[4]~_Duplicate_2  ; Duplicated      ; Register Packing ; Timing optimization        ; Q         ;                ; rs2_value_r[4]~_Duplicate_3  ; Q                ;                       ;
; rs2_value_r[4]~_Duplicate_3  ; Packed Register ; Register Packing ; Timing optimization        ; Q         ;                ; mul:mul1|Mult1~481           ; AX               ;                       ;
; rs2_value_r[4]~_Duplicate_3  ; Duplicated      ; Register Packing ; Timing optimization        ; Q         ;                ; rs2_value_r[4]~_Duplicate_4  ; Q                ;                       ;
; rs2_value_r[5]               ; Packed Register ; Register Packing ; Timing optimization        ; Q         ;                ; mul:mul1|Mult0~533           ; AY               ;                       ;
; rs2_value_r[5]               ; Duplicated      ; Register Packing ; Timing optimization        ; Q         ;                ; rs2_value_r[5]~_Duplicate_1  ; Q                ;                       ;
; rs2_value_r[5]~SCLR_LUT      ; Created         ; Register Packing ; Timing optimization        ;           ;                ;                              ;                  ;                       ;
; rs2_value_r[5]~_Duplicate_1  ; Packed Register ; Register Packing ; Timing optimization        ; Q         ;                ; mul:mul1|Mult1~140           ; AY               ;                       ;
; rs2_value_r[5]~_Duplicate_1  ; Duplicated      ; Register Packing ; Timing optimization        ; Q         ;                ; rs2_value_r[5]~_Duplicate_2  ; Q                ;                       ;
; rs2_value_r[5]~_Duplicate_2  ; Packed Register ; Register Packing ; Timing optimization        ; Q         ;                ; mul:mul1|Mult0~12            ; AX               ;                       ;
; rs2_value_r[5]~_Duplicate_2  ; Duplicated      ; Register Packing ; Timing optimization        ; Q         ;                ; rs2_value_r[5]~_Duplicate_3  ; Q                ;                       ;
; rs2_value_r[5]~_Duplicate_3  ; Packed Register ; Register Packing ; Timing optimization        ; Q         ;                ; mul:mul1|Mult1~481           ; AX               ;                       ;
; rs2_value_r[5]~_Duplicate_3  ; Duplicated      ; Register Packing ; Timing optimization        ; Q         ;                ; rs2_value_r[5]~_Duplicate_4  ; Q                ;                       ;
; rs2_value_r[6]               ; Packed Register ; Register Packing ; Timing optimization        ; Q         ;                ; mul:mul1|Mult0~533           ; AY               ;                       ;
; rs2_value_r[6]               ; Duplicated      ; Register Packing ; Timing optimization        ; Q         ;                ; rs2_value_r[6]~_Duplicate_1  ; Q                ;                       ;
; rs2_value_r[6]~SCLR_LUT      ; Created         ; Register Packing ; Timing optimization        ;           ;                ;                              ;                  ;                       ;
; rs2_value_r[6]~_Duplicate_1  ; Packed Register ; Register Packing ; Timing optimization        ; Q         ;                ; mul:mul1|Mult1~140           ; AY               ;                       ;
; rs2_value_r[6]~_Duplicate_1  ; Duplicated      ; Register Packing ; Timing optimization        ; Q         ;                ; rs2_value_r[6]~_Duplicate_2  ; Q                ;                       ;
; rs2_value_r[6]~_Duplicate_2  ; Packed Register ; Register Packing ; Timing optimization        ; Q         ;                ; mul:mul1|Mult0~12            ; AX               ;                       ;
; rs2_value_r[6]~_Duplicate_2  ; Duplicated      ; Register Packing ; Timing optimization        ; Q         ;                ; rs2_value_r[6]~_Duplicate_3  ; Q                ;                       ;
; rs2_value_r[6]~_Duplicate_3  ; Packed Register ; Register Packing ; Timing optimization        ; Q         ;                ; mul:mul1|Mult1~481           ; AX               ;                       ;
; rs2_value_r[6]~_Duplicate_3  ; Duplicated      ; Register Packing ; Timing optimization        ; Q         ;                ; rs2_value_r[6]~_Duplicate_4  ; Q                ;                       ;
; rs2_value_r[7]               ; Packed Register ; Register Packing ; Timing optimization        ; Q         ;                ; mul:mul1|Mult0~533           ; AY               ;                       ;
; rs2_value_r[7]               ; Duplicated      ; Register Packing ; Timing optimization        ; Q         ;                ; rs2_value_r[7]~_Duplicate_1  ; Q                ;                       ;
; rs2_value_r[7]~SCLR_LUT      ; Created         ; Register Packing ; Timing optimization        ;           ;                ;                              ;                  ;                       ;
; rs2_value_r[7]~_Duplicate_1  ; Packed Register ; Register Packing ; Timing optimization        ; Q         ;                ; mul:mul1|Mult1~140           ; AY               ;                       ;
; rs2_value_r[7]~_Duplicate_1  ; Duplicated      ; Register Packing ; Timing optimization        ; Q         ;                ; rs2_value_r[7]~_Duplicate_2  ; Q                ;                       ;
; rs2_value_r[7]~_Duplicate_2  ; Packed Register ; Register Packing ; Timing optimization        ; Q         ;                ; mul:mul1|Mult0~12            ; AX               ;                       ;
; rs2_value_r[7]~_Duplicate_2  ; Duplicated      ; Register Packing ; Timing optimization        ; Q         ;                ; rs2_value_r[7]~_Duplicate_3  ; Q                ;                       ;
; rs2_value_r[7]~_Duplicate_3  ; Packed Register ; Register Packing ; Timing optimization        ; Q         ;                ; mul:mul1|Mult1~481           ; AX               ;                       ;
; rs2_value_r[7]~_Duplicate_3  ; Duplicated      ; Register Packing ; Timing optimization        ; Q         ;                ; rs2_value_r[7]~_Duplicate_4  ; Q                ;                       ;
; rs2_value_r[8]               ; Packed Register ; Register Packing ; Timing optimization        ; Q         ;                ; mul:mul1|Mult0~533           ; AY               ;                       ;
; rs2_value_r[8]               ; Duplicated      ; Register Packing ; Timing optimization        ; Q         ;                ; rs2_value_r[8]~_Duplicate_1  ; Q                ;                       ;
; rs2_value_r[8]~SCLR_LUT      ; Created         ; Register Packing ; Timing optimization        ;           ;                ;                              ;                  ;                       ;
; rs2_value_r[8]~_Duplicate_1  ; Packed Register ; Register Packing ; Timing optimization        ; Q         ;                ; mul:mul1|Mult1~140           ; AY               ;                       ;
; rs2_value_r[8]~_Duplicate_1  ; Duplicated      ; Register Packing ; Timing optimization        ; Q         ;                ; rs2_value_r[8]~_Duplicate_2  ; Q                ;                       ;
; rs2_value_r[8]~_Duplicate_2  ; Packed Register ; Register Packing ; Timing optimization        ; Q         ;                ; mul:mul1|Mult0~12            ; AX               ;                       ;
; rs2_value_r[8]~_Duplicate_2  ; Duplicated      ; Register Packing ; Timing optimization        ; Q         ;                ; rs2_value_r[8]~_Duplicate_3  ; Q                ;                       ;
; rs2_value_r[8]~_Duplicate_3  ; Packed Register ; Register Packing ; Timing optimization        ; Q         ;                ; mul:mul1|Mult1~481           ; AX               ;                       ;
; rs2_value_r[8]~_Duplicate_3  ; Duplicated      ; Register Packing ; Timing optimization        ; Q         ;                ; rs2_value_r[8]~_Duplicate_4  ; Q                ;                       ;
; rs2_value_r[9]               ; Packed Register ; Register Packing ; Timing optimization        ; Q         ;                ; mul:mul1|Mult0~533           ; AY               ;                       ;
; rs2_value_r[9]               ; Duplicated      ; Register Packing ; Timing optimization        ; Q         ;                ; rs2_value_r[9]~_Duplicate_1  ; Q                ;                       ;
; rs2_value_r[9]~SCLR_LUT      ; Created         ; Register Packing ; Timing optimization        ;           ;                ;                              ;                  ;                       ;
; rs2_value_r[9]~_Duplicate_1  ; Packed Register ; Register Packing ; Timing optimization        ; Q         ;                ; mul:mul1|Mult1~140           ; AY               ;                       ;
; rs2_value_r[9]~_Duplicate_1  ; Duplicated      ; Register Packing ; Timing optimization        ; Q         ;                ; rs2_value_r[9]~_Duplicate_2  ; Q                ;                       ;
; rs2_value_r[9]~_Duplicate_2  ; Packed Register ; Register Packing ; Timing optimization        ; Q         ;                ; mul:mul1|Mult0~12            ; AX               ;                       ;
; rs2_value_r[9]~_Duplicate_2  ; Duplicated      ; Register Packing ; Timing optimization        ; Q         ;                ; rs2_value_r[9]~_Duplicate_3  ; Q                ;                       ;
; rs2_value_r[9]~_Duplicate_3  ; Packed Register ; Register Packing ; Timing optimization        ; Q         ;                ; mul:mul1|Mult1~481           ; AX               ;                       ;
; rs2_value_r[9]~_Duplicate_3  ; Duplicated      ; Register Packing ; Timing optimization        ; Q         ;                ; rs2_value_r[9]~_Duplicate_4  ; Q                ;                       ;
; rs2_value_r[10]              ; Packed Register ; Register Packing ; Timing optimization        ; Q         ;                ; mul:mul1|Mult0~533           ; AY               ;                       ;
; rs2_value_r[10]              ; Duplicated      ; Register Packing ; Timing optimization        ; Q         ;                ; rs2_value_r[10]~_Duplicate_1 ; Q                ;                       ;
; rs2_value_r[10]~SCLR_LUT     ; Created         ; Register Packing ; Timing optimization        ;           ;                ;                              ;                  ;                       ;
; rs2_value_r[10]~_Duplicate_1 ; Packed Register ; Register Packing ; Timing optimization        ; Q         ;                ; mul:mul1|Mult1~140           ; AY               ;                       ;
; rs2_value_r[10]~_Duplicate_1 ; Duplicated      ; Register Packing ; Timing optimization        ; Q         ;                ; rs2_value_r[10]~_Duplicate_2 ; Q                ;                       ;
; rs2_value_r[10]~_Duplicate_2 ; Packed Register ; Register Packing ; Timing optimization        ; Q         ;                ; mul:mul1|Mult0~12            ; AX               ;                       ;
; rs2_value_r[10]~_Duplicate_2 ; Duplicated      ; Register Packing ; Timing optimization        ; Q         ;                ; rs2_value_r[10]~_Duplicate_3 ; Q                ;                       ;
; rs2_value_r[10]~_Duplicate_3 ; Packed Register ; Register Packing ; Timing optimization        ; Q         ;                ; mul:mul1|Mult1~481           ; AX               ;                       ;
; rs2_value_r[10]~_Duplicate_3 ; Duplicated      ; Register Packing ; Timing optimization        ; Q         ;                ; rs2_value_r[10]~_Duplicate_4 ; Q                ;                       ;
; rs2_value_r[11]              ; Packed Register ; Register Packing ; Timing optimization        ; Q         ;                ; mul:mul1|Mult0~533           ; AY               ;                       ;
; rs2_value_r[11]              ; Duplicated      ; Register Packing ; Timing optimization        ; Q         ;                ; rs2_value_r[11]~_Duplicate_1 ; Q                ;                       ;
; rs2_value_r[11]~SCLR_LUT     ; Created         ; Register Packing ; Timing optimization        ;           ;                ;                              ;                  ;                       ;
; rs2_value_r[11]~_Duplicate_1 ; Packed Register ; Register Packing ; Timing optimization        ; Q         ;                ; mul:mul1|Mult1~140           ; AY               ;                       ;
; rs2_value_r[11]~_Duplicate_1 ; Duplicated      ; Register Packing ; Timing optimization        ; Q         ;                ; rs2_value_r[11]~_Duplicate_2 ; Q                ;                       ;
; rs2_value_r[11]~_Duplicate_2 ; Packed Register ; Register Packing ; Timing optimization        ; Q         ;                ; mul:mul1|Mult0~12            ; AX               ;                       ;
; rs2_value_r[11]~_Duplicate_2 ; Duplicated      ; Register Packing ; Timing optimization        ; Q         ;                ; rs2_value_r[11]~_Duplicate_3 ; Q                ;                       ;
; rs2_value_r[11]~_Duplicate_3 ; Packed Register ; Register Packing ; Timing optimization        ; Q         ;                ; mul:mul1|Mult1~481           ; AX               ;                       ;
; rs2_value_r[11]~_Duplicate_3 ; Duplicated      ; Register Packing ; Timing optimization        ; Q         ;                ; rs2_value_r[11]~_Duplicate_4 ; Q                ;                       ;
; rs2_value_r[12]              ; Packed Register ; Register Packing ; Timing optimization        ; Q         ;                ; mul:mul1|Mult0~533           ; AY               ;                       ;
; rs2_value_r[12]              ; Duplicated      ; Register Packing ; Timing optimization        ; Q         ;                ; rs2_value_r[12]~_Duplicate_1 ; Q                ;                       ;
; rs2_value_r[12]~SCLR_LUT     ; Created         ; Register Packing ; Timing optimization        ;           ;                ;                              ;                  ;                       ;
; rs2_value_r[12]~_Duplicate_1 ; Packed Register ; Register Packing ; Timing optimization        ; Q         ;                ; mul:mul1|Mult1~140           ; AY               ;                       ;
; rs2_value_r[12]~_Duplicate_1 ; Duplicated      ; Register Packing ; Timing optimization        ; Q         ;                ; rs2_value_r[12]~_Duplicate_2 ; Q                ;                       ;
; rs2_value_r[12]~_Duplicate_2 ; Packed Register ; Register Packing ; Timing optimization        ; Q         ;                ; mul:mul1|Mult0~12            ; AX               ;                       ;
; rs2_value_r[12]~_Duplicate_2 ; Duplicated      ; Register Packing ; Timing optimization        ; Q         ;                ; rs2_value_r[12]~_Duplicate_3 ; Q                ;                       ;
; rs2_value_r[12]~_Duplicate_3 ; Packed Register ; Register Packing ; Timing optimization        ; Q         ;                ; mul:mul1|Mult1~481           ; AX               ;                       ;
; rs2_value_r[12]~_Duplicate_3 ; Duplicated      ; Register Packing ; Timing optimization        ; Q         ;                ; rs2_value_r[12]~_Duplicate_4 ; Q                ;                       ;
; rs2_value_r[13]              ; Packed Register ; Register Packing ; Timing optimization        ; Q         ;                ; mul:mul1|Mult0~533           ; AY               ;                       ;
; rs2_value_r[13]              ; Duplicated      ; Register Packing ; Timing optimization        ; Q         ;                ; rs2_value_r[13]~_Duplicate_1 ; Q                ;                       ;
; rs2_value_r[13]~SCLR_LUT     ; Created         ; Register Packing ; Timing optimization        ;           ;                ;                              ;                  ;                       ;
; rs2_value_r[13]~_Duplicate_1 ; Packed Register ; Register Packing ; Timing optimization        ; Q         ;                ; mul:mul1|Mult1~140           ; AY               ;                       ;
; rs2_value_r[13]~_Duplicate_1 ; Duplicated      ; Register Packing ; Timing optimization        ; Q         ;                ; rs2_value_r[13]~_Duplicate_2 ; Q                ;                       ;
; rs2_value_r[13]~_Duplicate_2 ; Packed Register ; Register Packing ; Timing optimization        ; Q         ;                ; mul:mul1|Mult0~12            ; AX               ;                       ;
; rs2_value_r[13]~_Duplicate_2 ; Duplicated      ; Register Packing ; Timing optimization        ; Q         ;                ; rs2_value_r[13]~_Duplicate_3 ; Q                ;                       ;
; rs2_value_r[13]~_Duplicate_3 ; Packed Register ; Register Packing ; Timing optimization        ; Q         ;                ; mul:mul1|Mult1~481           ; AX               ;                       ;
; rs2_value_r[13]~_Duplicate_3 ; Duplicated      ; Register Packing ; Timing optimization        ; Q         ;                ; rs2_value_r[13]~_Duplicate_4 ; Q                ;                       ;
; rs2_value_r[14]              ; Packed Register ; Register Packing ; Timing optimization        ; Q         ;                ; mul:mul1|Mult0~533           ; AY               ;                       ;
; rs2_value_r[14]              ; Duplicated      ; Register Packing ; Timing optimization        ; Q         ;                ; rs2_value_r[14]~_Duplicate_1 ; Q                ;                       ;
; rs2_value_r[14]~SCLR_LUT     ; Created         ; Register Packing ; Timing optimization        ;           ;                ;                              ;                  ;                       ;
; rs2_value_r[14]~_Duplicate_1 ; Packed Register ; Register Packing ; Timing optimization        ; Q         ;                ; mul:mul1|Mult1~140           ; AY               ;                       ;
; rs2_value_r[14]~_Duplicate_1 ; Duplicated      ; Register Packing ; Timing optimization        ; Q         ;                ; rs2_value_r[14]~_Duplicate_2 ; Q                ;                       ;
; rs2_value_r[14]~_Duplicate_2 ; Packed Register ; Register Packing ; Timing optimization        ; Q         ;                ; mul:mul1|Mult0~12            ; AX               ;                       ;
; rs2_value_r[14]~_Duplicate_2 ; Duplicated      ; Register Packing ; Timing optimization        ; Q         ;                ; rs2_value_r[14]~_Duplicate_3 ; Q                ;                       ;
; rs2_value_r[14]~_Duplicate_3 ; Packed Register ; Register Packing ; Timing optimization        ; Q         ;                ; mul:mul1|Mult1~481           ; AX               ;                       ;
; rs2_value_r[14]~_Duplicate_3 ; Duplicated      ; Register Packing ; Timing optimization        ; Q         ;                ; rs2_value_r[14]~_Duplicate_4 ; Q                ;                       ;
; rs2_value_r[15]              ; Packed Register ; Register Packing ; Timing optimization        ; Q         ;                ; mul:mul1|Mult0~533           ; AY               ;                       ;
; rs2_value_r[15]              ; Duplicated      ; Register Packing ; Timing optimization        ; Q         ;                ; rs2_value_r[15]~_Duplicate_1 ; Q                ;                       ;
; rs2_value_r[15]~SCLR_LUT     ; Created         ; Register Packing ; Timing optimization        ;           ;                ;                              ;                  ;                       ;
; rs2_value_r[15]~_Duplicate_1 ; Packed Register ; Register Packing ; Timing optimization        ; Q         ;                ; mul:mul1|Mult1~140           ; AY               ;                       ;
; rs2_value_r[15]~_Duplicate_1 ; Duplicated      ; Register Packing ; Timing optimization        ; Q         ;                ; rs2_value_r[15]~_Duplicate_2 ; Q                ;                       ;
; rs2_value_r[15]~_Duplicate_2 ; Packed Register ; Register Packing ; Timing optimization        ; Q         ;                ; mul:mul1|Mult0~12            ; AX               ;                       ;
; rs2_value_r[15]~_Duplicate_2 ; Duplicated      ; Register Packing ; Timing optimization        ; Q         ;                ; rs2_value_r[15]~_Duplicate_3 ; Q                ;                       ;
; rs2_value_r[15]~_Duplicate_3 ; Packed Register ; Register Packing ; Timing optimization        ; Q         ;                ; mul:mul1|Mult1~481           ; AX               ;                       ;
; rs2_value_r[15]~_Duplicate_3 ; Duplicated      ; Register Packing ; Timing optimization        ; Q         ;                ; rs2_value_r[15]~_Duplicate_4 ; Q                ;                       ;
; rs2_value_r[16]              ; Packed Register ; Register Packing ; Timing optimization        ; Q         ;                ; mul:mul1|Mult0~533           ; AY               ;                       ;
; rs2_value_r[16]              ; Duplicated      ; Register Packing ; Timing optimization        ; Q         ;                ; rs2_value_r[16]~_Duplicate_1 ; Q                ;                       ;
; rs2_value_r[16]~SCLR_LUT     ; Created         ; Register Packing ; Timing optimization        ;           ;                ;                              ;                  ;                       ;
; rs2_value_r[16]~_Duplicate_1 ; Packed Register ; Register Packing ; Timing optimization        ; Q         ;                ; mul:mul1|Mult1~140           ; AY               ;                       ;
; rs2_value_r[16]~_Duplicate_1 ; Duplicated      ; Register Packing ; Timing optimization        ; Q         ;                ; rs2_value_r[16]~_Duplicate_2 ; Q                ;                       ;
; rs2_value_r[16]~_Duplicate_2 ; Packed Register ; Register Packing ; Timing optimization        ; Q         ;                ; mul:mul1|Mult0~12            ; AX               ;                       ;
; rs2_value_r[16]~_Duplicate_2 ; Duplicated      ; Register Packing ; Timing optimization        ; Q         ;                ; rs2_value_r[16]~_Duplicate_3 ; Q                ;                       ;
; rs2_value_r[16]~_Duplicate_3 ; Packed Register ; Register Packing ; Timing optimization        ; Q         ;                ; mul:mul1|Mult1~481           ; AX               ;                       ;
; rs2_value_r[16]~_Duplicate_3 ; Duplicated      ; Register Packing ; Timing optimization        ; Q         ;                ; rs2_value_r[16]~_Duplicate_4 ; Q                ;                       ;
; rs2_value_r[17]              ; Packed Register ; Register Packing ; Timing optimization        ; Q         ;                ; mul:mul1|Mult0~533           ; AY               ;                       ;
; rs2_value_r[17]              ; Duplicated      ; Register Packing ; Timing optimization        ; Q         ;                ; rs2_value_r[17]~_Duplicate_1 ; Q                ;                       ;
; rs2_value_r[17]~SCLR_LUT     ; Created         ; Register Packing ; Timing optimization        ;           ;                ;                              ;                  ;                       ;
; rs2_value_r[17]~_Duplicate_1 ; Packed Register ; Register Packing ; Timing optimization        ; Q         ;                ; mul:mul1|Mult1~140           ; AY               ;                       ;
; rs2_value_r[17]~_Duplicate_1 ; Duplicated      ; Register Packing ; Timing optimization        ; Q         ;                ; rs2_value_r[17]~_Duplicate_2 ; Q                ;                       ;
; rs2_value_r[17]~_Duplicate_2 ; Packed Register ; Register Packing ; Timing optimization        ; Q         ;                ; mul:mul1|Mult0~12            ; AX               ;                       ;
; rs2_value_r[17]~_Duplicate_2 ; Duplicated      ; Register Packing ; Timing optimization        ; Q         ;                ; rs2_value_r[17]~_Duplicate_3 ; Q                ;                       ;
; rs2_value_r[17]~_Duplicate_3 ; Packed Register ; Register Packing ; Timing optimization        ; Q         ;                ; mul:mul1|Mult1~481           ; AX               ;                       ;
; rs2_value_r[17]~_Duplicate_3 ; Duplicated      ; Register Packing ; Timing optimization        ; Q         ;                ; rs2_value_r[17]~_Duplicate_4 ; Q                ;                       ;
; rs2_value_r[18]              ; Packed Register ; Register Packing ; Timing optimization        ; Q         ;                ; mul:mul1|Mult0~533           ; BX               ;                       ;
; rs2_value_r[18]              ; Duplicated      ; Register Packing ; Timing optimization        ; Q         ;                ; rs2_value_r[18]~_Duplicate_1 ; Q                ;                       ;
; rs2_value_r[18]~SCLR_LUT     ; Created         ; Register Packing ; Timing optimization        ;           ;                ;                              ;                  ;                       ;
; rs2_value_r[18]~_Duplicate_1 ; Packed Register ; Register Packing ; Timing optimization        ; Q         ;                ; mul:mul1|Mult1~140           ; BX               ;                       ;
; rs2_value_r[18]~_Duplicate_1 ; Duplicated      ; Register Packing ; Timing optimization        ; Q         ;                ; rs2_value_r[18]~_Duplicate_2 ; Q                ;                       ;
; rs2_value_r[18]~_Duplicate_2 ; Packed Register ; Register Packing ; Timing optimization        ; Q         ;                ; mul:mul1|Mult0~874           ; AX               ;                       ;
; rs2_value_r[18]~_Duplicate_2 ; Duplicated      ; Register Packing ; Timing optimization        ; Q         ;                ; rs2_value_r[18]~_Duplicate_3 ; Q                ;                       ;
; rs2_value_r[18]~_Duplicate_3 ; Packed Register ; Register Packing ; Timing optimization        ; Q         ;                ; mul:mul1|Mult1~826           ; AX               ;                       ;
; rs2_value_r[18]~_Duplicate_3 ; Duplicated      ; Register Packing ; Timing optimization        ; Q         ;                ; rs2_value_r[18]~_Duplicate_4 ; Q                ;                       ;
; rs2_value_r[19]              ; Packed Register ; Register Packing ; Timing optimization        ; Q         ;                ; mul:mul1|Mult0~533           ; BX               ;                       ;
; rs2_value_r[19]              ; Duplicated      ; Register Packing ; Timing optimization        ; Q         ;                ; rs2_value_r[19]~_Duplicate_1 ; Q                ;                       ;
; rs2_value_r[19]~SCLR_LUT     ; Created         ; Register Packing ; Timing optimization        ;           ;                ;                              ;                  ;                       ;
; rs2_value_r[19]~_Duplicate_1 ; Packed Register ; Register Packing ; Timing optimization        ; Q         ;                ; mul:mul1|Mult1~140           ; BX               ;                       ;
; rs2_value_r[19]~_Duplicate_1 ; Duplicated      ; Register Packing ; Timing optimization        ; Q         ;                ; rs2_value_r[19]~_Duplicate_2 ; Q                ;                       ;
; rs2_value_r[19]~_Duplicate_2 ; Packed Register ; Register Packing ; Timing optimization        ; Q         ;                ; mul:mul1|Mult0~874           ; AX               ;                       ;
; rs2_value_r[19]~_Duplicate_2 ; Duplicated      ; Register Packing ; Timing optimization        ; Q         ;                ; rs2_value_r[19]~_Duplicate_3 ; Q                ;                       ;
; rs2_value_r[19]~_Duplicate_3 ; Packed Register ; Register Packing ; Timing optimization        ; Q         ;                ; mul:mul1|Mult1~826           ; AX               ;                       ;
; rs2_value_r[19]~_Duplicate_3 ; Duplicated      ; Register Packing ; Timing optimization        ; Q         ;                ; rs2_value_r[19]~_Duplicate_4 ; Q                ;                       ;
; rs2_value_r[20]              ; Packed Register ; Register Packing ; Timing optimization        ; Q         ;                ; mul:mul1|Mult0~533           ; BX               ;                       ;
; rs2_value_r[20]              ; Duplicated      ; Register Packing ; Timing optimization        ; Q         ;                ; rs2_value_r[20]~_Duplicate_1 ; Q                ;                       ;
; rs2_value_r[20]~SCLR_LUT     ; Created         ; Register Packing ; Timing optimization        ;           ;                ;                              ;                  ;                       ;
; rs2_value_r[20]~_Duplicate_1 ; Packed Register ; Register Packing ; Timing optimization        ; Q         ;                ; mul:mul1|Mult1~140           ; BX               ;                       ;
; rs2_value_r[20]~_Duplicate_1 ; Duplicated      ; Register Packing ; Timing optimization        ; Q         ;                ; rs2_value_r[20]~_Duplicate_2 ; Q                ;                       ;
; rs2_value_r[20]~_Duplicate_2 ; Packed Register ; Register Packing ; Timing optimization        ; Q         ;                ; mul:mul1|Mult0~874           ; AX               ;                       ;
; rs2_value_r[20]~_Duplicate_2 ; Duplicated      ; Register Packing ; Timing optimization        ; Q         ;                ; rs2_value_r[20]~_Duplicate_3 ; Q                ;                       ;
; rs2_value_r[20]~_Duplicate_3 ; Packed Register ; Register Packing ; Timing optimization        ; Q         ;                ; mul:mul1|Mult1~826           ; AX               ;                       ;
; rs2_value_r[20]~_Duplicate_3 ; Duplicated      ; Register Packing ; Timing optimization        ; Q         ;                ; rs2_value_r[20]~_Duplicate_4 ; Q                ;                       ;
; rs2_value_r[21]              ; Packed Register ; Register Packing ; Timing optimization        ; Q         ;                ; mul:mul1|Mult0~533           ; BX               ;                       ;
; rs2_value_r[21]              ; Duplicated      ; Register Packing ; Timing optimization        ; Q         ;                ; rs2_value_r[21]~_Duplicate_1 ; Q                ;                       ;
; rs2_value_r[21]~SCLR_LUT     ; Created         ; Register Packing ; Timing optimization        ;           ;                ;                              ;                  ;                       ;
; rs2_value_r[21]~_Duplicate_1 ; Packed Register ; Register Packing ; Timing optimization        ; Q         ;                ; mul:mul1|Mult1~140           ; BX               ;                       ;
; rs2_value_r[21]~_Duplicate_1 ; Duplicated      ; Register Packing ; Timing optimization        ; Q         ;                ; rs2_value_r[21]~_Duplicate_2 ; Q                ;                       ;
; rs2_value_r[21]~_Duplicate_2 ; Packed Register ; Register Packing ; Timing optimization        ; Q         ;                ; mul:mul1|Mult0~874           ; AX               ;                       ;
; rs2_value_r[21]~_Duplicate_2 ; Duplicated      ; Register Packing ; Timing optimization        ; Q         ;                ; rs2_value_r[21]~_Duplicate_3 ; Q                ;                       ;
; rs2_value_r[21]~_Duplicate_3 ; Packed Register ; Register Packing ; Timing optimization        ; Q         ;                ; mul:mul1|Mult1~826           ; AX               ;                       ;
; rs2_value_r[21]~_Duplicate_3 ; Duplicated      ; Register Packing ; Timing optimization        ; Q         ;                ; rs2_value_r[21]~_Duplicate_4 ; Q                ;                       ;
; rs2_value_r[22]              ; Packed Register ; Register Packing ; Timing optimization        ; Q         ;                ; mul:mul1|Mult0~533           ; BX               ;                       ;
; rs2_value_r[22]              ; Duplicated      ; Register Packing ; Timing optimization        ; Q         ;                ; rs2_value_r[22]~_Duplicate_1 ; Q                ;                       ;
; rs2_value_r[22]~SCLR_LUT     ; Created         ; Register Packing ; Timing optimization        ;           ;                ;                              ;                  ;                       ;
; rs2_value_r[22]~_Duplicate_1 ; Packed Register ; Register Packing ; Timing optimization        ; Q         ;                ; mul:mul1|Mult1~140           ; BX               ;                       ;
; rs2_value_r[22]~_Duplicate_1 ; Duplicated      ; Register Packing ; Timing optimization        ; Q         ;                ; rs2_value_r[22]~_Duplicate_2 ; Q                ;                       ;
; rs2_value_r[22]~_Duplicate_2 ; Packed Register ; Register Packing ; Timing optimization        ; Q         ;                ; mul:mul1|Mult0~874           ; AX               ;                       ;
; rs2_value_r[22]~_Duplicate_2 ; Duplicated      ; Register Packing ; Timing optimization        ; Q         ;                ; rs2_value_r[22]~_Duplicate_3 ; Q                ;                       ;
; rs2_value_r[22]~_Duplicate_3 ; Packed Register ; Register Packing ; Timing optimization        ; Q         ;                ; mul:mul1|Mult1~826           ; AX               ;                       ;
; rs2_value_r[22]~_Duplicate_3 ; Duplicated      ; Register Packing ; Timing optimization        ; Q         ;                ; rs2_value_r[22]~_Duplicate_4 ; Q                ;                       ;
; rs2_value_r[23]              ; Packed Register ; Register Packing ; Timing optimization        ; Q         ;                ; mul:mul1|Mult0~533           ; BX               ;                       ;
; rs2_value_r[23]              ; Duplicated      ; Register Packing ; Timing optimization        ; Q         ;                ; rs2_value_r[23]~_Duplicate_1 ; Q                ;                       ;
; rs2_value_r[23]~SCLR_LUT     ; Created         ; Register Packing ; Timing optimization        ;           ;                ;                              ;                  ;                       ;
; rs2_value_r[23]~_Duplicate_1 ; Packed Register ; Register Packing ; Timing optimization        ; Q         ;                ; mul:mul1|Mult1~140           ; BX               ;                       ;
; rs2_value_r[23]~_Duplicate_1 ; Duplicated      ; Register Packing ; Timing optimization        ; Q         ;                ; rs2_value_r[23]~_Duplicate_2 ; Q                ;                       ;
; rs2_value_r[23]~_Duplicate_2 ; Packed Register ; Register Packing ; Timing optimization        ; Q         ;                ; mul:mul1|Mult0~874           ; AX               ;                       ;
; rs2_value_r[23]~_Duplicate_2 ; Duplicated      ; Register Packing ; Timing optimization        ; Q         ;                ; rs2_value_r[23]~_Duplicate_3 ; Q                ;                       ;
; rs2_value_r[23]~_Duplicate_3 ; Packed Register ; Register Packing ; Timing optimization        ; Q         ;                ; mul:mul1|Mult1~826           ; AX               ;                       ;
; rs2_value_r[23]~_Duplicate_3 ; Duplicated      ; Register Packing ; Timing optimization        ; Q         ;                ; rs2_value_r[23]~_Duplicate_4 ; Q                ;                       ;
; rs2_value_r[24]              ; Packed Register ; Register Packing ; Timing optimization        ; Q         ;                ; mul:mul1|Mult0~533           ; BX               ;                       ;
; rs2_value_r[24]              ; Duplicated      ; Register Packing ; Timing optimization        ; Q         ;                ; rs2_value_r[24]~_Duplicate_1 ; Q                ;                       ;
; rs2_value_r[24]~SCLR_LUT     ; Created         ; Register Packing ; Timing optimization        ;           ;                ;                              ;                  ;                       ;
; rs2_value_r[24]~_Duplicate_1 ; Packed Register ; Register Packing ; Timing optimization        ; Q         ;                ; mul:mul1|Mult1~140           ; BX               ;                       ;
; rs2_value_r[24]~_Duplicate_1 ; Duplicated      ; Register Packing ; Timing optimization        ; Q         ;                ; rs2_value_r[24]~_Duplicate_2 ; Q                ;                       ;
; rs2_value_r[24]~_Duplicate_2 ; Packed Register ; Register Packing ; Timing optimization        ; Q         ;                ; mul:mul1|Mult0~874           ; AX               ;                       ;
; rs2_value_r[24]~_Duplicate_2 ; Duplicated      ; Register Packing ; Timing optimization        ; Q         ;                ; rs2_value_r[24]~_Duplicate_3 ; Q                ;                       ;
; rs2_value_r[24]~_Duplicate_3 ; Packed Register ; Register Packing ; Timing optimization        ; Q         ;                ; mul:mul1|Mult1~826           ; AX               ;                       ;
; rs2_value_r[24]~_Duplicate_3 ; Duplicated      ; Register Packing ; Timing optimization        ; Q         ;                ; rs2_value_r[24]~_Duplicate_4 ; Q                ;                       ;
; rs2_value_r[25]              ; Packed Register ; Register Packing ; Timing optimization        ; Q         ;                ; mul:mul1|Mult0~533           ; BX               ;                       ;
; rs2_value_r[25]              ; Duplicated      ; Register Packing ; Timing optimization        ; Q         ;                ; rs2_value_r[25]~_Duplicate_1 ; Q                ;                       ;
; rs2_value_r[25]~SCLR_LUT     ; Created         ; Register Packing ; Timing optimization        ;           ;                ;                              ;                  ;                       ;
; rs2_value_r[25]~_Duplicate_1 ; Packed Register ; Register Packing ; Timing optimization        ; Q         ;                ; mul:mul1|Mult1~140           ; BX               ;                       ;
; rs2_value_r[25]~_Duplicate_1 ; Duplicated      ; Register Packing ; Timing optimization        ; Q         ;                ; rs2_value_r[25]~_Duplicate_2 ; Q                ;                       ;
; rs2_value_r[25]~_Duplicate_2 ; Packed Register ; Register Packing ; Timing optimization        ; Q         ;                ; mul:mul1|Mult0~874           ; AX               ;                       ;
; rs2_value_r[25]~_Duplicate_2 ; Duplicated      ; Register Packing ; Timing optimization        ; Q         ;                ; rs2_value_r[25]~_Duplicate_3 ; Q                ;                       ;
; rs2_value_r[25]~_Duplicate_3 ; Packed Register ; Register Packing ; Timing optimization        ; Q         ;                ; mul:mul1|Mult1~826           ; AX               ;                       ;
; rs2_value_r[25]~_Duplicate_3 ; Duplicated      ; Register Packing ; Timing optimization        ; Q         ;                ; rs2_value_r[25]~_Duplicate_4 ; Q                ;                       ;
; rs2_value_r[26]              ; Packed Register ; Register Packing ; Timing optimization        ; Q         ;                ; mul:mul1|Mult0~533           ; BX               ;                       ;
; rs2_value_r[26]              ; Duplicated      ; Register Packing ; Timing optimization        ; Q         ;                ; rs2_value_r[26]~_Duplicate_1 ; Q                ;                       ;
; rs2_value_r[26]~SCLR_LUT     ; Created         ; Register Packing ; Timing optimization        ;           ;                ;                              ;                  ;                       ;
; rs2_value_r[26]~_Duplicate_1 ; Packed Register ; Register Packing ; Timing optimization        ; Q         ;                ; mul:mul1|Mult1~140           ; BX               ;                       ;
; rs2_value_r[26]~_Duplicate_1 ; Duplicated      ; Register Packing ; Timing optimization        ; Q         ;                ; rs2_value_r[26]~_Duplicate_2 ; Q                ;                       ;
; rs2_value_r[26]~_Duplicate_2 ; Packed Register ; Register Packing ; Timing optimization        ; Q         ;                ; mul:mul1|Mult0~874           ; AX               ;                       ;
; rs2_value_r[26]~_Duplicate_2 ; Duplicated      ; Register Packing ; Timing optimization        ; Q         ;                ; rs2_value_r[26]~_Duplicate_3 ; Q                ;                       ;
; rs2_value_r[26]~_Duplicate_3 ; Packed Register ; Register Packing ; Timing optimization        ; Q         ;                ; mul:mul1|Mult1~826           ; AX               ;                       ;
; rs2_value_r[26]~_Duplicate_3 ; Duplicated      ; Register Packing ; Timing optimization        ; Q         ;                ; rs2_value_r[26]~_Duplicate_4 ; Q                ;                       ;
; rs2_value_r[27]              ; Packed Register ; Register Packing ; Timing optimization        ; Q         ;                ; mul:mul1|Mult0~533           ; BX               ;                       ;
; rs2_value_r[27]              ; Duplicated      ; Register Packing ; Timing optimization        ; Q         ;                ; rs2_value_r[27]~_Duplicate_1 ; Q                ;                       ;
; rs2_value_r[27]~SCLR_LUT     ; Created         ; Register Packing ; Timing optimization        ;           ;                ;                              ;                  ;                       ;
; rs2_value_r[27]~_Duplicate_1 ; Packed Register ; Register Packing ; Timing optimization        ; Q         ;                ; mul:mul1|Mult1~140           ; BX               ;                       ;
; rs2_value_r[27]~_Duplicate_1 ; Duplicated      ; Register Packing ; Timing optimization        ; Q         ;                ; rs2_value_r[27]~_Duplicate_2 ; Q                ;                       ;
; rs2_value_r[27]~_Duplicate_2 ; Packed Register ; Register Packing ; Timing optimization        ; Q         ;                ; mul:mul1|Mult0~874           ; AX               ;                       ;
; rs2_value_r[27]~_Duplicate_2 ; Duplicated      ; Register Packing ; Timing optimization        ; Q         ;                ; rs2_value_r[27]~_Duplicate_3 ; Q                ;                       ;
; rs2_value_r[27]~_Duplicate_3 ; Packed Register ; Register Packing ; Timing optimization        ; Q         ;                ; mul:mul1|Mult1~826           ; AX               ;                       ;
; rs2_value_r[27]~_Duplicate_3 ; Duplicated      ; Register Packing ; Timing optimization        ; Q         ;                ; rs2_value_r[27]~_Duplicate_4 ; Q                ;                       ;
; rs2_value_r[28]              ; Packed Register ; Register Packing ; Timing optimization        ; Q         ;                ; mul:mul1|Mult0~533           ; BX               ;                       ;
; rs2_value_r[28]              ; Duplicated      ; Register Packing ; Timing optimization        ; Q         ;                ; rs2_value_r[28]~_Duplicate_1 ; Q                ;                       ;
; rs2_value_r[28]~SCLR_LUT     ; Created         ; Register Packing ; Timing optimization        ;           ;                ;                              ;                  ;                       ;
; rs2_value_r[28]~_Duplicate_1 ; Packed Register ; Register Packing ; Timing optimization        ; Q         ;                ; mul:mul1|Mult1~140           ; BX               ;                       ;
; rs2_value_r[28]~_Duplicate_1 ; Duplicated      ; Register Packing ; Timing optimization        ; Q         ;                ; rs2_value_r[28]~_Duplicate_2 ; Q                ;                       ;
; rs2_value_r[28]~_Duplicate_2 ; Packed Register ; Register Packing ; Timing optimization        ; Q         ;                ; mul:mul1|Mult0~874           ; AX               ;                       ;
; rs2_value_r[28]~_Duplicate_2 ; Duplicated      ; Register Packing ; Timing optimization        ; Q         ;                ; rs2_value_r[28]~_Duplicate_3 ; Q                ;                       ;
; rs2_value_r[28]~_Duplicate_3 ; Packed Register ; Register Packing ; Timing optimization        ; Q         ;                ; mul:mul1|Mult1~826           ; AX               ;                       ;
; rs2_value_r[28]~_Duplicate_3 ; Duplicated      ; Register Packing ; Timing optimization        ; Q         ;                ; rs2_value_r[28]~_Duplicate_4 ; Q                ;                       ;
; rs2_value_r[29]              ; Packed Register ; Register Packing ; Timing optimization        ; Q         ;                ; mul:mul1|Mult0~533           ; BX               ;                       ;
; rs2_value_r[29]              ; Duplicated      ; Register Packing ; Timing optimization        ; Q         ;                ; rs2_value_r[29]~_Duplicate_1 ; Q                ;                       ;
; rs2_value_r[29]~SCLR_LUT     ; Created         ; Register Packing ; Timing optimization        ;           ;                ;                              ;                  ;                       ;
; rs2_value_r[29]~_Duplicate_1 ; Packed Register ; Register Packing ; Timing optimization        ; Q         ;                ; mul:mul1|Mult1~140           ; BX               ;                       ;
; rs2_value_r[29]~_Duplicate_1 ; Duplicated      ; Register Packing ; Timing optimization        ; Q         ;                ; rs2_value_r[29]~_Duplicate_2 ; Q                ;                       ;
; rs2_value_r[29]~_Duplicate_2 ; Packed Register ; Register Packing ; Timing optimization        ; Q         ;                ; mul:mul1|Mult0~874           ; AX               ;                       ;
; rs2_value_r[29]~_Duplicate_2 ; Duplicated      ; Register Packing ; Timing optimization        ; Q         ;                ; rs2_value_r[29]~_Duplicate_3 ; Q                ;                       ;
; rs2_value_r[29]~_Duplicate_3 ; Packed Register ; Register Packing ; Timing optimization        ; Q         ;                ; mul:mul1|Mult1~826           ; AX               ;                       ;
; rs2_value_r[29]~_Duplicate_3 ; Duplicated      ; Register Packing ; Timing optimization        ; Q         ;                ; rs2_value_r[29]~_Duplicate_4 ; Q                ;                       ;
; rs2_value_r[30]              ; Packed Register ; Register Packing ; Timing optimization        ; Q         ;                ; mul:mul1|Mult0~533           ; BX               ;                       ;
; rs2_value_r[30]              ; Duplicated      ; Register Packing ; Timing optimization        ; Q         ;                ; rs2_value_r[30]~_Duplicate_1 ; Q                ;                       ;
; rs2_value_r[30]~SCLR_LUT     ; Created         ; Register Packing ; Timing optimization        ;           ;                ;                              ;                  ;                       ;
; rs2_value_r[30]~_Duplicate_1 ; Packed Register ; Register Packing ; Timing optimization        ; Q         ;                ; mul:mul1|Mult1~140           ; BX               ;                       ;
; rs2_value_r[30]~_Duplicate_1 ; Duplicated      ; Register Packing ; Timing optimization        ; Q         ;                ; rs2_value_r[30]~_Duplicate_2 ; Q                ;                       ;
; rs2_value_r[30]~_Duplicate_2 ; Packed Register ; Register Packing ; Timing optimization        ; Q         ;                ; mul:mul1|Mult0~874           ; AX               ;                       ;
; rs2_value_r[30]~_Duplicate_2 ; Duplicated      ; Register Packing ; Timing optimization        ; Q         ;                ; rs2_value_r[30]~_Duplicate_3 ; Q                ;                       ;
; rs2_value_r[30]~_Duplicate_3 ; Packed Register ; Register Packing ; Timing optimization        ; Q         ;                ; mul:mul1|Mult1~826           ; AX               ;                       ;
; rs2_value_r[30]~_Duplicate_3 ; Duplicated      ; Register Packing ; Timing optimization        ; Q         ;                ; rs2_value_r[30]~_Duplicate_4 ; Q                ;                       ;
; rs2_value_r[31]              ; Packed Register ; Register Packing ; Timing optimization        ; Q         ;                ; mul:mul1|Mult0~533           ; BX               ;                       ;
; rs2_value_r[31]              ; Duplicated      ; Register Packing ; Timing optimization        ; Q         ;                ; rs2_value_r[31]~_Duplicate_1 ; Q                ;                       ;
; rs2_value_r[31]~SCLR_LUT     ; Created         ; Register Packing ; Timing optimization        ;           ;                ;                              ;                  ;                       ;
; rs2_value_r[31]~_Duplicate_1 ; Packed Register ; Register Packing ; Timing optimization        ; Q         ;                ; mul:mul1|Mult1~140           ; BX               ;                       ;
; rs2_value_r[31]~_Duplicate_1 ; Duplicated      ; Register Packing ; Timing optimization        ; Q         ;                ; rs2_value_r[31]~_Duplicate_2 ; Q                ;                       ;
; rs2_value_r[31]~_Duplicate_2 ; Packed Register ; Register Packing ; Timing optimization        ; Q         ;                ; mul:mul1|Mult0~874           ; AX               ;                       ;
; rs2_value_r[31]~_Duplicate_2 ; Duplicated      ; Register Packing ; Timing optimization        ; Q         ;                ; rs2_value_r[31]~_Duplicate_3 ; Q                ;                       ;
; rs2_value_r[31]~_Duplicate_3 ; Packed Register ; Register Packing ; Timing optimization        ; Q         ;                ; mul:mul1|Mult1~826           ; AX               ;                       ;
; rs2_value_r[31]~_Duplicate_3 ; Duplicated      ; Register Packing ; Timing optimization        ; Q         ;                ; rs2_value_r[31]~_Duplicate_4 ; Q                ;                       ;
+------------------------------+-----------------+------------------+----------------------------+-----------+----------------+------------------------------+------------------+-----------------------+


+-----------------------------------------------------------------------------------------------+
; Ignored Assignments                                                                           ;
+--------------+----------------+--------------+---------------+---------------+----------------+
; Name         ; Ignored Entity ; Ignored From ; Ignored To    ; Ignored Value ; Ignored Source ;
+--------------+----------------+--------------+---------------+---------------+----------------+
; Location     ;                ;              ; CLOCK2_50     ; PIN_H13       ; QSF Assignment ;
; Location     ;                ;              ; CLOCK3_50     ; PIN_E10       ; QSF Assignment ;
; Location     ;                ;              ; CLOCK4_50     ; PIN_V15       ; QSF Assignment ;
; Location     ;                ;              ; CLOCK_50      ; PIN_M9        ; QSF Assignment ;
; Location     ;                ;              ; DRAM_ADDR[0]  ; PIN_W8        ; QSF Assignment ;
; Location     ;                ;              ; DRAM_ADDR[10] ; PIN_U8        ; QSF Assignment ;
; Location     ;                ;              ; DRAM_ADDR[11] ; PIN_P6        ; QSF Assignment ;
; Location     ;                ;              ; DRAM_ADDR[12] ; PIN_R7        ; QSF Assignment ;
; Location     ;                ;              ; DRAM_ADDR[1]  ; PIN_T8        ; QSF Assignment ;
; Location     ;                ;              ; DRAM_ADDR[2]  ; PIN_U11       ; QSF Assignment ;
; Location     ;                ;              ; DRAM_ADDR[3]  ; PIN_Y10       ; QSF Assignment ;
; Location     ;                ;              ; DRAM_ADDR[4]  ; PIN_N6        ; QSF Assignment ;
; Location     ;                ;              ; DRAM_ADDR[5]  ; PIN_AB10      ; QSF Assignment ;
; Location     ;                ;              ; DRAM_ADDR[6]  ; PIN_P12       ; QSF Assignment ;
; Location     ;                ;              ; DRAM_ADDR[7]  ; PIN_P7        ; QSF Assignment ;
; Location     ;                ;              ; DRAM_ADDR[8]  ; PIN_P8        ; QSF Assignment ;
; Location     ;                ;              ; DRAM_ADDR[9]  ; PIN_R5        ; QSF Assignment ;
; Location     ;                ;              ; DRAM_BA[0]    ; PIN_T7        ; QSF Assignment ;
; Location     ;                ;              ; DRAM_BA[1]    ; PIN_AB7       ; QSF Assignment ;
; Location     ;                ;              ; DRAM_CAS_N    ; PIN_V6        ; QSF Assignment ;
; Location     ;                ;              ; DRAM_CKE      ; PIN_R6        ; QSF Assignment ;
; Location     ;                ;              ; DRAM_CLK      ; PIN_AB11      ; QSF Assignment ;
; Location     ;                ;              ; DRAM_CS_N     ; PIN_U6        ; QSF Assignment ;
; Location     ;                ;              ; DRAM_DQ[0]    ; PIN_Y9        ; QSF Assignment ;
; Location     ;                ;              ; DRAM_DQ[10]   ; PIN_AA8       ; QSF Assignment ;
; Location     ;                ;              ; DRAM_DQ[11]   ; PIN_AA7       ; QSF Assignment ;
; Location     ;                ;              ; DRAM_DQ[12]   ; PIN_V10       ; QSF Assignment ;
; Location     ;                ;              ; DRAM_DQ[13]   ; PIN_V9        ; QSF Assignment ;
; Location     ;                ;              ; DRAM_DQ[14]   ; PIN_U10       ; QSF Assignment ;
; Location     ;                ;              ; DRAM_DQ[15]   ; PIN_T9        ; QSF Assignment ;
; Location     ;                ;              ; DRAM_DQ[1]    ; PIN_T10       ; QSF Assignment ;
; Location     ;                ;              ; DRAM_DQ[2]    ; PIN_R9        ; QSF Assignment ;
; Location     ;                ;              ; DRAM_DQ[3]    ; PIN_Y11       ; QSF Assignment ;
; Location     ;                ;              ; DRAM_DQ[4]    ; PIN_R10       ; QSF Assignment ;
; Location     ;                ;              ; DRAM_DQ[5]    ; PIN_R11       ; QSF Assignment ;
; Location     ;                ;              ; DRAM_DQ[6]    ; PIN_R12       ; QSF Assignment ;
; Location     ;                ;              ; DRAM_DQ[7]    ; PIN_AA12      ; QSF Assignment ;
; Location     ;                ;              ; DRAM_DQ[8]    ; PIN_AA9       ; QSF Assignment ;
; Location     ;                ;              ; DRAM_DQ[9]    ; PIN_AB8       ; QSF Assignment ;
; Location     ;                ;              ; DRAM_LDQM     ; PIN_U12       ; QSF Assignment ;
; Location     ;                ;              ; DRAM_RAS_N    ; PIN_AB6       ; QSF Assignment ;
; Location     ;                ;              ; DRAM_UDQM     ; PIN_N8        ; QSF Assignment ;
; Location     ;                ;              ; DRAM_WE_N     ; PIN_AB5       ; QSF Assignment ;
; Location     ;                ;              ; GPIO_0[0]     ; PIN_N16       ; QSF Assignment ;
; Location     ;                ;              ; GPIO_0[10]    ; PIN_N21       ; QSF Assignment ;
; Location     ;                ;              ; GPIO_0[11]    ; PIN_R22       ; QSF Assignment ;
; Location     ;                ;              ; GPIO_0[12]    ; PIN_R21       ; QSF Assignment ;
; Location     ;                ;              ; GPIO_0[13]    ; PIN_T22       ; QSF Assignment ;
; Location     ;                ;              ; GPIO_0[14]    ; PIN_N20       ; QSF Assignment ;
; Location     ;                ;              ; GPIO_0[15]    ; PIN_N19       ; QSF Assignment ;
; Location     ;                ;              ; GPIO_0[16]    ; PIN_M22       ; QSF Assignment ;
; Location     ;                ;              ; GPIO_0[17]    ; PIN_P19       ; QSF Assignment ;
; Location     ;                ;              ; GPIO_0[18]    ; PIN_L22       ; QSF Assignment ;
; Location     ;                ;              ; GPIO_0[19]    ; PIN_P17       ; QSF Assignment ;
; Location     ;                ;              ; GPIO_0[1]     ; PIN_B16       ; QSF Assignment ;
; Location     ;                ;              ; GPIO_0[20]    ; PIN_P16       ; QSF Assignment ;
; Location     ;                ;              ; GPIO_0[21]    ; PIN_M18       ; QSF Assignment ;
; Location     ;                ;              ; GPIO_0[22]    ; PIN_L18       ; QSF Assignment ;
; Location     ;                ;              ; GPIO_0[23]    ; PIN_L17       ; QSF Assignment ;
; Location     ;                ;              ; GPIO_0[24]    ; PIN_L19       ; QSF Assignment ;
; Location     ;                ;              ; GPIO_0[25]    ; PIN_K17       ; QSF Assignment ;
; Location     ;                ;              ; GPIO_0[26]    ; PIN_K19       ; QSF Assignment ;
; Location     ;                ;              ; GPIO_0[27]    ; PIN_P18       ; QSF Assignment ;
; Location     ;                ;              ; GPIO_0[28]    ; PIN_R15       ; QSF Assignment ;
; Location     ;                ;              ; GPIO_0[29]    ; PIN_R17       ; QSF Assignment ;
; Location     ;                ;              ; GPIO_0[2]     ; PIN_M16       ; QSF Assignment ;
; Location     ;                ;              ; GPIO_0[30]    ; PIN_R16       ; QSF Assignment ;
; Location     ;                ;              ; GPIO_0[31]    ; PIN_T20       ; QSF Assignment ;
; Location     ;                ;              ; GPIO_0[32]    ; PIN_T19       ; QSF Assignment ;
; Location     ;                ;              ; GPIO_0[33]    ; PIN_T18       ; QSF Assignment ;
; Location     ;                ;              ; GPIO_0[34]    ; PIN_T17       ; QSF Assignment ;
; Location     ;                ;              ; GPIO_0[35]    ; PIN_T15       ; QSF Assignment ;
; Location     ;                ;              ; GPIO_0[3]     ; PIN_C16       ; QSF Assignment ;
; Location     ;                ;              ; GPIO_0[4]     ; PIN_D17       ; QSF Assignment ;
; Location     ;                ;              ; GPIO_0[5]     ; PIN_K20       ; QSF Assignment ;
; Location     ;                ;              ; GPIO_0[6]     ; PIN_K21       ; QSF Assignment ;
; Location     ;                ;              ; GPIO_0[7]     ; PIN_K22       ; QSF Assignment ;
; Location     ;                ;              ; GPIO_0[8]     ; PIN_M20       ; QSF Assignment ;
; Location     ;                ;              ; GPIO_0[9]     ; PIN_M21       ; QSF Assignment ;
; Location     ;                ;              ; GPIO_1[0]     ; PIN_H16       ; QSF Assignment ;
; Location     ;                ;              ; GPIO_1[10]    ; PIN_H18       ; QSF Assignment ;
; Location     ;                ;              ; GPIO_1[11]    ; PIN_J18       ; QSF Assignment ;
; Location     ;                ;              ; GPIO_1[12]    ; PIN_J19       ; QSF Assignment ;
; Location     ;                ;              ; GPIO_1[13]    ; PIN_G11       ; QSF Assignment ;
; Location     ;                ;              ; GPIO_1[14]    ; PIN_H10       ; QSF Assignment ;
; Location     ;                ;              ; GPIO_1[15]    ; PIN_J11       ; QSF Assignment ;
; Location     ;                ;              ; GPIO_1[16]    ; PIN_H14       ; QSF Assignment ;
; Location     ;                ;              ; GPIO_1[17]    ; PIN_A15       ; QSF Assignment ;
; Location     ;                ;              ; GPIO_1[18]    ; PIN_J13       ; QSF Assignment ;
; Location     ;                ;              ; GPIO_1[19]    ; PIN_L8        ; QSF Assignment ;
; Location     ;                ;              ; GPIO_1[1]     ; PIN_A12       ; QSF Assignment ;
; Location     ;                ;              ; GPIO_1[20]    ; PIN_A14       ; QSF Assignment ;
; Location     ;                ;              ; GPIO_1[21]    ; PIN_B15       ; QSF Assignment ;
; Location     ;                ;              ; GPIO_1[22]    ; PIN_C15       ; QSF Assignment ;
; Location     ;                ;              ; GPIO_1[23]    ; PIN_E14       ; QSF Assignment ;
; Location     ;                ;              ; GPIO_1[24]    ; PIN_E15       ; QSF Assignment ;
; Location     ;                ;              ; GPIO_1[25]    ; PIN_E16       ; QSF Assignment ;
; Location     ;                ;              ; GPIO_1[26]    ; PIN_F14       ; QSF Assignment ;
; Location     ;                ;              ; GPIO_1[27]    ; PIN_F15       ; QSF Assignment ;
; Location     ;                ;              ; GPIO_1[28]    ; PIN_F13       ; QSF Assignment ;
; Location     ;                ;              ; GPIO_1[29]    ; PIN_F12       ; QSF Assignment ;
; Location     ;                ;              ; GPIO_1[2]     ; PIN_H15       ; QSF Assignment ;
; Location     ;                ;              ; GPIO_1[30]    ; PIN_G16       ; QSF Assignment ;
; Location     ;                ;              ; GPIO_1[31]    ; PIN_G15       ; QSF Assignment ;
; Location     ;                ;              ; GPIO_1[32]    ; PIN_G13       ; QSF Assignment ;
; Location     ;                ;              ; GPIO_1[33]    ; PIN_G12       ; QSF Assignment ;
; Location     ;                ;              ; GPIO_1[34]    ; PIN_J17       ; QSF Assignment ;
; Location     ;                ;              ; GPIO_1[35]    ; PIN_K16       ; QSF Assignment ;
; Location     ;                ;              ; GPIO_1[3]     ; PIN_B12       ; QSF Assignment ;
; Location     ;                ;              ; GPIO_1[4]     ; PIN_A13       ; QSF Assignment ;
; Location     ;                ;              ; GPIO_1[5]     ; PIN_B13       ; QSF Assignment ;
; Location     ;                ;              ; GPIO_1[6]     ; PIN_C13       ; QSF Assignment ;
; Location     ;                ;              ; GPIO_1[7]     ; PIN_D13       ; QSF Assignment ;
; Location     ;                ;              ; GPIO_1[8]     ; PIN_G18       ; QSF Assignment ;
; Location     ;                ;              ; GPIO_1[9]     ; PIN_G17       ; QSF Assignment ;
; Location     ;                ;              ; HEX0[0]       ; PIN_U21       ; QSF Assignment ;
; Location     ;                ;              ; HEX0[1]       ; PIN_V21       ; QSF Assignment ;
; Location     ;                ;              ; HEX0[2]       ; PIN_W22       ; QSF Assignment ;
; Location     ;                ;              ; HEX0[3]       ; PIN_W21       ; QSF Assignment ;
; Location     ;                ;              ; HEX0[4]       ; PIN_Y22       ; QSF Assignment ;
; Location     ;                ;              ; HEX0[5]       ; PIN_Y21       ; QSF Assignment ;
; Location     ;                ;              ; HEX0[6]       ; PIN_AA22      ; QSF Assignment ;
; Location     ;                ;              ; HEX1[0]       ; PIN_AA20      ; QSF Assignment ;
; Location     ;                ;              ; HEX1[1]       ; PIN_AB20      ; QSF Assignment ;
; Location     ;                ;              ; HEX1[2]       ; PIN_AA19      ; QSF Assignment ;
; Location     ;                ;              ; HEX1[3]       ; PIN_AA18      ; QSF Assignment ;
; Location     ;                ;              ; HEX1[4]       ; PIN_AB18      ; QSF Assignment ;
; Location     ;                ;              ; HEX1[5]       ; PIN_AA17      ; QSF Assignment ;
; Location     ;                ;              ; HEX1[6]       ; PIN_U22       ; QSF Assignment ;
; Location     ;                ;              ; HEX2[0]       ; PIN_Y19       ; QSF Assignment ;
; Location     ;                ;              ; HEX2[1]       ; PIN_AB17      ; QSF Assignment ;
; Location     ;                ;              ; HEX2[2]       ; PIN_AA10      ; QSF Assignment ;
; Location     ;                ;              ; HEX2[3]       ; PIN_Y14       ; QSF Assignment ;
; Location     ;                ;              ; HEX2[4]       ; PIN_V14       ; QSF Assignment ;
; Location     ;                ;              ; HEX2[5]       ; PIN_AB22      ; QSF Assignment ;
; Location     ;                ;              ; HEX2[6]       ; PIN_AB21      ; QSF Assignment ;
; Location     ;                ;              ; HEX3[0]       ; PIN_Y16       ; QSF Assignment ;
; Location     ;                ;              ; HEX3[1]       ; PIN_W16       ; QSF Assignment ;
; Location     ;                ;              ; HEX3[2]       ; PIN_Y17       ; QSF Assignment ;
; Location     ;                ;              ; HEX3[3]       ; PIN_V16       ; QSF Assignment ;
; Location     ;                ;              ; HEX3[4]       ; PIN_U17       ; QSF Assignment ;
; Location     ;                ;              ; HEX3[5]       ; PIN_V18       ; QSF Assignment ;
; Location     ;                ;              ; HEX3[6]       ; PIN_V19       ; QSF Assignment ;
; Location     ;                ;              ; HEX4[0]       ; PIN_U20       ; QSF Assignment ;
; Location     ;                ;              ; HEX4[1]       ; PIN_Y20       ; QSF Assignment ;
; Location     ;                ;              ; HEX4[2]       ; PIN_V20       ; QSF Assignment ;
; Location     ;                ;              ; HEX4[3]       ; PIN_U16       ; QSF Assignment ;
; Location     ;                ;              ; HEX4[4]       ; PIN_U15       ; QSF Assignment ;
; Location     ;                ;              ; HEX4[5]       ; PIN_Y15       ; QSF Assignment ;
; Location     ;                ;              ; HEX4[6]       ; PIN_P9        ; QSF Assignment ;
; Location     ;                ;              ; HEX5[0]       ; PIN_N9        ; QSF Assignment ;
; Location     ;                ;              ; HEX5[1]       ; PIN_M8        ; QSF Assignment ;
; Location     ;                ;              ; HEX5[2]       ; PIN_T14       ; QSF Assignment ;
; Location     ;                ;              ; HEX5[3]       ; PIN_P14       ; QSF Assignment ;
; Location     ;                ;              ; HEX5[4]       ; PIN_C1        ; QSF Assignment ;
; Location     ;                ;              ; HEX5[5]       ; PIN_C2        ; QSF Assignment ;
; Location     ;                ;              ; HEX5[6]       ; PIN_W19       ; QSF Assignment ;
; Location     ;                ;              ; KEY[0]        ; PIN_U7        ; QSF Assignment ;
; Location     ;                ;              ; KEY[1]        ; PIN_W9        ; QSF Assignment ;
; Location     ;                ;              ; KEY[2]        ; PIN_M7        ; QSF Assignment ;
; Location     ;                ;              ; KEY[3]        ; PIN_M6        ; QSF Assignment ;
; Location     ;                ;              ; LEDR[0]       ; PIN_AA2       ; QSF Assignment ;
; Location     ;                ;              ; LEDR[1]       ; PIN_AA1       ; QSF Assignment ;
; Location     ;                ;              ; LEDR[2]       ; PIN_W2        ; QSF Assignment ;
; Location     ;                ;              ; LEDR[3]       ; PIN_Y3        ; QSF Assignment ;
; Location     ;                ;              ; LEDR[4]       ; PIN_N2        ; QSF Assignment ;
; Location     ;                ;              ; LEDR[5]       ; PIN_N1        ; QSF Assignment ;
; Location     ;                ;              ; LEDR[6]       ; PIN_U2        ; QSF Assignment ;
; Location     ;                ;              ; LEDR[7]       ; PIN_U1        ; QSF Assignment ;
; Location     ;                ;              ; LEDR[8]       ; PIN_L2        ; QSF Assignment ;
; Location     ;                ;              ; LEDR[9]       ; PIN_L1        ; QSF Assignment ;
; Location     ;                ;              ; PS2_CLK       ; PIN_D3        ; QSF Assignment ;
; Location     ;                ;              ; PS2_CLK2      ; PIN_E2        ; QSF Assignment ;
; Location     ;                ;              ; PS2_DAT       ; PIN_G2        ; QSF Assignment ;
; Location     ;                ;              ; PS2_DAT2      ; PIN_G1        ; QSF Assignment ;
; Location     ;                ;              ; RESET_N       ; PIN_P22       ; QSF Assignment ;
; Location     ;                ;              ; SD_CLK        ; PIN_H11       ; QSF Assignment ;
; Location     ;                ;              ; SD_CMD        ; PIN_B11       ; QSF Assignment ;
; Location     ;                ;              ; SD_DATA[0]    ; PIN_K9        ; QSF Assignment ;
; Location     ;                ;              ; SD_DATA[1]    ; PIN_D12       ; QSF Assignment ;
; Location     ;                ;              ; SD_DATA[2]    ; PIN_E12       ; QSF Assignment ;
; Location     ;                ;              ; SD_DATA[3]    ; PIN_C11       ; QSF Assignment ;
; Location     ;                ;              ; SW[0]         ; PIN_U13       ; QSF Assignment ;
; Location     ;                ;              ; SW[1]         ; PIN_V13       ; QSF Assignment ;
; Location     ;                ;              ; SW[2]         ; PIN_T13       ; QSF Assignment ;
; Location     ;                ;              ; SW[3]         ; PIN_T12       ; QSF Assignment ;
; Location     ;                ;              ; SW[4]         ; PIN_AA15      ; QSF Assignment ;
; Location     ;                ;              ; SW[5]         ; PIN_AB15      ; QSF Assignment ;
; Location     ;                ;              ; SW[6]         ; PIN_AA14      ; QSF Assignment ;
; Location     ;                ;              ; SW[7]         ; PIN_AA13      ; QSF Assignment ;
; Location     ;                ;              ; SW[8]         ; PIN_AB13      ; QSF Assignment ;
; Location     ;                ;              ; SW[9]         ; PIN_AB12      ; QSF Assignment ;
; Location     ;                ;              ; VGA_B[0]      ; PIN_B6        ; QSF Assignment ;
; Location     ;                ;              ; VGA_B[1]      ; PIN_B7        ; QSF Assignment ;
; Location     ;                ;              ; VGA_B[2]      ; PIN_A8        ; QSF Assignment ;
; Location     ;                ;              ; VGA_B[3]      ; PIN_A7        ; QSF Assignment ;
; Location     ;                ;              ; VGA_G[0]      ; PIN_L7        ; QSF Assignment ;
; Location     ;                ;              ; VGA_G[1]      ; PIN_K7        ; QSF Assignment ;
; Location     ;                ;              ; VGA_G[2]      ; PIN_J7        ; QSF Assignment ;
; Location     ;                ;              ; VGA_G[3]      ; PIN_J8        ; QSF Assignment ;
; Location     ;                ;              ; VGA_HS        ; PIN_H8        ; QSF Assignment ;
; Location     ;                ;              ; VGA_R[0]      ; PIN_A9        ; QSF Assignment ;
; Location     ;                ;              ; VGA_R[1]      ; PIN_B10       ; QSF Assignment ;
; Location     ;                ;              ; VGA_R[2]      ; PIN_C9        ; QSF Assignment ;
; Location     ;                ;              ; VGA_R[3]      ; PIN_A5        ; QSF Assignment ;
; Location     ;                ;              ; VGA_VS        ; PIN_G8        ; QSF Assignment ;
; I/O Standard ; risc_v         ;              ; CLOCK2_50     ; 3.3-V LVTTL   ; QSF Assignment ;
; I/O Standard ; risc_v         ;              ; CLOCK3_50     ; 3.3-V LVTTL   ; QSF Assignment ;
; I/O Standard ; risc_v         ;              ; CLOCK4_50     ; 3.3-V LVTTL   ; QSF Assignment ;
; I/O Standard ; risc_v         ;              ; CLOCK_50      ; 3.3-V LVTTL   ; QSF Assignment ;
; I/O Standard ; risc_v         ;              ; DRAM_ADDR[0]  ; 3.3-V LVTTL   ; QSF Assignment ;
; I/O Standard ; risc_v         ;              ; DRAM_ADDR[10] ; 3.3-V LVTTL   ; QSF Assignment ;
; I/O Standard ; risc_v         ;              ; DRAM_ADDR[11] ; 3.3-V LVTTL   ; QSF Assignment ;
; I/O Standard ; risc_v         ;              ; DRAM_ADDR[12] ; 3.3-V LVTTL   ; QSF Assignment ;
; I/O Standard ; risc_v         ;              ; DRAM_ADDR[1]  ; 3.3-V LVTTL   ; QSF Assignment ;
; I/O Standard ; risc_v         ;              ; DRAM_ADDR[2]  ; 3.3-V LVTTL   ; QSF Assignment ;
; I/O Standard ; risc_v         ;              ; DRAM_ADDR[3]  ; 3.3-V LVTTL   ; QSF Assignment ;
; I/O Standard ; risc_v         ;              ; DRAM_ADDR[4]  ; 3.3-V LVTTL   ; QSF Assignment ;
; I/O Standard ; risc_v         ;              ; DRAM_ADDR[5]  ; 3.3-V LVTTL   ; QSF Assignment ;
; I/O Standard ; risc_v         ;              ; DRAM_ADDR[6]  ; 3.3-V LVTTL   ; QSF Assignment ;
; I/O Standard ; risc_v         ;              ; DRAM_ADDR[7]  ; 3.3-V LVTTL   ; QSF Assignment ;
; I/O Standard ; risc_v         ;              ; DRAM_ADDR[8]  ; 3.3-V LVTTL   ; QSF Assignment ;
; I/O Standard ; risc_v         ;              ; DRAM_ADDR[9]  ; 3.3-V LVTTL   ; QSF Assignment ;
; I/O Standard ; risc_v         ;              ; DRAM_BA[0]    ; 3.3-V LVTTL   ; QSF Assignment ;
; I/O Standard ; risc_v         ;              ; DRAM_BA[1]    ; 3.3-V LVTTL   ; QSF Assignment ;
; I/O Standard ; risc_v         ;              ; DRAM_CAS_N    ; 3.3-V LVTTL   ; QSF Assignment ;
; I/O Standard ; risc_v         ;              ; DRAM_CKE      ; 3.3-V LVTTL   ; QSF Assignment ;
; I/O Standard ; risc_v         ;              ; DRAM_CLK      ; 3.3-V LVTTL   ; QSF Assignment ;
; I/O Standard ; risc_v         ;              ; DRAM_CS_N     ; 3.3-V LVTTL   ; QSF Assignment ;
; I/O Standard ; risc_v         ;              ; DRAM_DQ[0]    ; 3.3-V LVTTL   ; QSF Assignment ;
; I/O Standard ; risc_v         ;              ; DRAM_DQ[10]   ; 3.3-V LVTTL   ; QSF Assignment ;
; I/O Standard ; risc_v         ;              ; DRAM_DQ[11]   ; 3.3-V LVTTL   ; QSF Assignment ;
; I/O Standard ; risc_v         ;              ; DRAM_DQ[12]   ; 3.3-V LVTTL   ; QSF Assignment ;
; I/O Standard ; risc_v         ;              ; DRAM_DQ[13]   ; 3.3-V LVTTL   ; QSF Assignment ;
; I/O Standard ; risc_v         ;              ; DRAM_DQ[14]   ; 3.3-V LVTTL   ; QSF Assignment ;
; I/O Standard ; risc_v         ;              ; DRAM_DQ[15]   ; 3.3-V LVTTL   ; QSF Assignment ;
; I/O Standard ; risc_v         ;              ; DRAM_DQ[1]    ; 3.3-V LVTTL   ; QSF Assignment ;
; I/O Standard ; risc_v         ;              ; DRAM_DQ[2]    ; 3.3-V LVTTL   ; QSF Assignment ;
; I/O Standard ; risc_v         ;              ; DRAM_DQ[3]    ; 3.3-V LVTTL   ; QSF Assignment ;
; I/O Standard ; risc_v         ;              ; DRAM_DQ[4]    ; 3.3-V LVTTL   ; QSF Assignment ;
; I/O Standard ; risc_v         ;              ; DRAM_DQ[5]    ; 3.3-V LVTTL   ; QSF Assignment ;
; I/O Standard ; risc_v         ;              ; DRAM_DQ[6]    ; 3.3-V LVTTL   ; QSF Assignment ;
; I/O Standard ; risc_v         ;              ; DRAM_DQ[7]    ; 3.3-V LVTTL   ; QSF Assignment ;
; I/O Standard ; risc_v         ;              ; DRAM_DQ[8]    ; 3.3-V LVTTL   ; QSF Assignment ;
; I/O Standard ; risc_v         ;              ; DRAM_DQ[9]    ; 3.3-V LVTTL   ; QSF Assignment ;
; I/O Standard ; risc_v         ;              ; DRAM_LDQM     ; 3.3-V LVTTL   ; QSF Assignment ;
; I/O Standard ; risc_v         ;              ; DRAM_RAS_N    ; 3.3-V LVTTL   ; QSF Assignment ;
; I/O Standard ; risc_v         ;              ; DRAM_UDQM     ; 3.3-V LVTTL   ; QSF Assignment ;
; I/O Standard ; risc_v         ;              ; DRAM_WE_N     ; 3.3-V LVTTL   ; QSF Assignment ;
; I/O Standard ; risc_v         ;              ; GPIO_0[0]     ; 3.3-V LVTTL   ; QSF Assignment ;
; I/O Standard ; risc_v         ;              ; GPIO_0[10]    ; 3.3-V LVTTL   ; QSF Assignment ;
; I/O Standard ; risc_v         ;              ; GPIO_0[11]    ; 3.3-V LVTTL   ; QSF Assignment ;
; I/O Standard ; risc_v         ;              ; GPIO_0[12]    ; 3.3-V LVTTL   ; QSF Assignment ;
; I/O Standard ; risc_v         ;              ; GPIO_0[13]    ; 3.3-V LVTTL   ; QSF Assignment ;
; I/O Standard ; risc_v         ;              ; GPIO_0[14]    ; 3.3-V LVTTL   ; QSF Assignment ;
; I/O Standard ; risc_v         ;              ; GPIO_0[15]    ; 3.3-V LVTTL   ; QSF Assignment ;
; I/O Standard ; risc_v         ;              ; GPIO_0[16]    ; 3.3-V LVTTL   ; QSF Assignment ;
; I/O Standard ; risc_v         ;              ; GPIO_0[17]    ; 3.3-V LVTTL   ; QSF Assignment ;
; I/O Standard ; risc_v         ;              ; GPIO_0[18]    ; 3.3-V LVTTL   ; QSF Assignment ;
; I/O Standard ; risc_v         ;              ; GPIO_0[19]    ; 3.3-V LVTTL   ; QSF Assignment ;
; I/O Standard ; risc_v         ;              ; GPIO_0[1]     ; 3.3-V LVTTL   ; QSF Assignment ;
; I/O Standard ; risc_v         ;              ; GPIO_0[20]    ; 3.3-V LVTTL   ; QSF Assignment ;
; I/O Standard ; risc_v         ;              ; GPIO_0[21]    ; 3.3-V LVTTL   ; QSF Assignment ;
; I/O Standard ; risc_v         ;              ; GPIO_0[22]    ; 3.3-V LVTTL   ; QSF Assignment ;
; I/O Standard ; risc_v         ;              ; GPIO_0[23]    ; 3.3-V LVTTL   ; QSF Assignment ;
; I/O Standard ; risc_v         ;              ; GPIO_0[24]    ; 3.3-V LVTTL   ; QSF Assignment ;
; I/O Standard ; risc_v         ;              ; GPIO_0[25]    ; 3.3-V LVTTL   ; QSF Assignment ;
; I/O Standard ; risc_v         ;              ; GPIO_0[26]    ; 3.3-V LVTTL   ; QSF Assignment ;
; I/O Standard ; risc_v         ;              ; GPIO_0[27]    ; 3.3-V LVTTL   ; QSF Assignment ;
; I/O Standard ; risc_v         ;              ; GPIO_0[28]    ; 3.3-V LVTTL   ; QSF Assignment ;
; I/O Standard ; risc_v         ;              ; GPIO_0[29]    ; 3.3-V LVTTL   ; QSF Assignment ;
; I/O Standard ; risc_v         ;              ; GPIO_0[2]     ; 3.3-V LVTTL   ; QSF Assignment ;
; I/O Standard ; risc_v         ;              ; GPIO_0[30]    ; 3.3-V LVTTL   ; QSF Assignment ;
; I/O Standard ; risc_v         ;              ; GPIO_0[31]    ; 3.3-V LVTTL   ; QSF Assignment ;
; I/O Standard ; risc_v         ;              ; GPIO_0[32]    ; 3.3-V LVTTL   ; QSF Assignment ;
; I/O Standard ; risc_v         ;              ; GPIO_0[33]    ; 3.3-V LVTTL   ; QSF Assignment ;
; I/O Standard ; risc_v         ;              ; GPIO_0[34]    ; 3.3-V LVTTL   ; QSF Assignment ;
; I/O Standard ; risc_v         ;              ; GPIO_0[35]    ; 3.3-V LVTTL   ; QSF Assignment ;
; I/O Standard ; risc_v         ;              ; GPIO_0[3]     ; 3.3-V LVTTL   ; QSF Assignment ;
; I/O Standard ; risc_v         ;              ; GPIO_0[4]     ; 3.3-V LVTTL   ; QSF Assignment ;
; I/O Standard ; risc_v         ;              ; GPIO_0[5]     ; 3.3-V LVTTL   ; QSF Assignment ;
; I/O Standard ; risc_v         ;              ; GPIO_0[6]     ; 3.3-V LVTTL   ; QSF Assignment ;
; I/O Standard ; risc_v         ;              ; GPIO_0[7]     ; 3.3-V LVTTL   ; QSF Assignment ;
; I/O Standard ; risc_v         ;              ; GPIO_0[8]     ; 3.3-V LVTTL   ; QSF Assignment ;
; I/O Standard ; risc_v         ;              ; GPIO_0[9]     ; 3.3-V LVTTL   ; QSF Assignment ;
; I/O Standard ; risc_v         ;              ; GPIO_1[0]     ; 3.3-V LVTTL   ; QSF Assignment ;
; I/O Standard ; risc_v         ;              ; GPIO_1[10]    ; 3.3-V LVTTL   ; QSF Assignment ;
; I/O Standard ; risc_v         ;              ; GPIO_1[11]    ; 3.3-V LVTTL   ; QSF Assignment ;
; I/O Standard ; risc_v         ;              ; GPIO_1[12]    ; 3.3-V LVTTL   ; QSF Assignment ;
; I/O Standard ; risc_v         ;              ; GPIO_1[13]    ; 3.3-V LVTTL   ; QSF Assignment ;
; I/O Standard ; risc_v         ;              ; GPIO_1[14]    ; 3.3-V LVTTL   ; QSF Assignment ;
; I/O Standard ; risc_v         ;              ; GPIO_1[15]    ; 3.3-V LVTTL   ; QSF Assignment ;
; I/O Standard ; risc_v         ;              ; GPIO_1[16]    ; 3.3-V LVTTL   ; QSF Assignment ;
; I/O Standard ; risc_v         ;              ; GPIO_1[17]    ; 3.3-V LVTTL   ; QSF Assignment ;
; I/O Standard ; risc_v         ;              ; GPIO_1[18]    ; 3.3-V LVTTL   ; QSF Assignment ;
; I/O Standard ; risc_v         ;              ; GPIO_1[19]    ; 3.3-V LVTTL   ; QSF Assignment ;
; I/O Standard ; risc_v         ;              ; GPIO_1[1]     ; 3.3-V LVTTL   ; QSF Assignment ;
; I/O Standard ; risc_v         ;              ; GPIO_1[20]    ; 3.3-V LVTTL   ; QSF Assignment ;
; I/O Standard ; risc_v         ;              ; GPIO_1[21]    ; 3.3-V LVTTL   ; QSF Assignment ;
; I/O Standard ; risc_v         ;              ; GPIO_1[22]    ; 3.3-V LVTTL   ; QSF Assignment ;
; I/O Standard ; risc_v         ;              ; GPIO_1[23]    ; 3.3-V LVTTL   ; QSF Assignment ;
; I/O Standard ; risc_v         ;              ; GPIO_1[24]    ; 3.3-V LVTTL   ; QSF Assignment ;
; I/O Standard ; risc_v         ;              ; GPIO_1[25]    ; 3.3-V LVTTL   ; QSF Assignment ;
; I/O Standard ; risc_v         ;              ; GPIO_1[26]    ; 3.3-V LVTTL   ; QSF Assignment ;
; I/O Standard ; risc_v         ;              ; GPIO_1[27]    ; 3.3-V LVTTL   ; QSF Assignment ;
; I/O Standard ; risc_v         ;              ; GPIO_1[28]    ; 3.3-V LVTTL   ; QSF Assignment ;
; I/O Standard ; risc_v         ;              ; GPIO_1[29]    ; 3.3-V LVTTL   ; QSF Assignment ;
; I/O Standard ; risc_v         ;              ; GPIO_1[2]     ; 3.3-V LVTTL   ; QSF Assignment ;
; I/O Standard ; risc_v         ;              ; GPIO_1[30]    ; 3.3-V LVTTL   ; QSF Assignment ;
; I/O Standard ; risc_v         ;              ; GPIO_1[31]    ; 3.3-V LVTTL   ; QSF Assignment ;
; I/O Standard ; risc_v         ;              ; GPIO_1[32]    ; 3.3-V LVTTL   ; QSF Assignment ;
; I/O Standard ; risc_v         ;              ; GPIO_1[33]    ; 3.3-V LVTTL   ; QSF Assignment ;
; I/O Standard ; risc_v         ;              ; GPIO_1[34]    ; 3.3-V LVTTL   ; QSF Assignment ;
; I/O Standard ; risc_v         ;              ; GPIO_1[35]    ; 3.3-V LVTTL   ; QSF Assignment ;
; I/O Standard ; risc_v         ;              ; GPIO_1[3]     ; 3.3-V LVTTL   ; QSF Assignment ;
; I/O Standard ; risc_v         ;              ; GPIO_1[4]     ; 3.3-V LVTTL   ; QSF Assignment ;
; I/O Standard ; risc_v         ;              ; GPIO_1[5]     ; 3.3-V LVTTL   ; QSF Assignment ;
; I/O Standard ; risc_v         ;              ; GPIO_1[6]     ; 3.3-V LVTTL   ; QSF Assignment ;
; I/O Standard ; risc_v         ;              ; GPIO_1[7]     ; 3.3-V LVTTL   ; QSF Assignment ;
; I/O Standard ; risc_v         ;              ; GPIO_1[8]     ; 3.3-V LVTTL   ; QSF Assignment ;
; I/O Standard ; risc_v         ;              ; GPIO_1[9]     ; 3.3-V LVTTL   ; QSF Assignment ;
; I/O Standard ; risc_v         ;              ; HEX0[0]       ; 3.3-V LVTTL   ; QSF Assignment ;
; I/O Standard ; risc_v         ;              ; HEX0[1]       ; 3.3-V LVTTL   ; QSF Assignment ;
; I/O Standard ; risc_v         ;              ; HEX0[2]       ; 3.3-V LVTTL   ; QSF Assignment ;
; I/O Standard ; risc_v         ;              ; HEX0[3]       ; 3.3-V LVTTL   ; QSF Assignment ;
; I/O Standard ; risc_v         ;              ; HEX0[4]       ; 3.3-V LVTTL   ; QSF Assignment ;
; I/O Standard ; risc_v         ;              ; HEX0[5]       ; 3.3-V LVTTL   ; QSF Assignment ;
; I/O Standard ; risc_v         ;              ; HEX0[6]       ; 3.3-V LVTTL   ; QSF Assignment ;
; I/O Standard ; risc_v         ;              ; HEX1[0]       ; 3.3-V LVTTL   ; QSF Assignment ;
; I/O Standard ; risc_v         ;              ; HEX1[1]       ; 3.3-V LVTTL   ; QSF Assignment ;
; I/O Standard ; risc_v         ;              ; HEX1[2]       ; 3.3-V LVTTL   ; QSF Assignment ;
; I/O Standard ; risc_v         ;              ; HEX1[3]       ; 3.3-V LVTTL   ; QSF Assignment ;
; I/O Standard ; risc_v         ;              ; HEX1[4]       ; 3.3-V LVTTL   ; QSF Assignment ;
; I/O Standard ; risc_v         ;              ; HEX1[5]       ; 3.3-V LVTTL   ; QSF Assignment ;
; I/O Standard ; risc_v         ;              ; HEX1[6]       ; 3.3-V LVTTL   ; QSF Assignment ;
; I/O Standard ; risc_v         ;              ; HEX2[0]       ; 3.3-V LVTTL   ; QSF Assignment ;
; I/O Standard ; risc_v         ;              ; HEX2[1]       ; 3.3-V LVTTL   ; QSF Assignment ;
; I/O Standard ; risc_v         ;              ; HEX2[2]       ; 3.3-V LVTTL   ; QSF Assignment ;
; I/O Standard ; risc_v         ;              ; HEX2[3]       ; 3.3-V LVTTL   ; QSF Assignment ;
; I/O Standard ; risc_v         ;              ; HEX2[4]       ; 3.3-V LVTTL   ; QSF Assignment ;
; I/O Standard ; risc_v         ;              ; HEX2[5]       ; 3.3-V LVTTL   ; QSF Assignment ;
; I/O Standard ; risc_v         ;              ; HEX2[6]       ; 3.3-V LVTTL   ; QSF Assignment ;
; I/O Standard ; risc_v         ;              ; HEX3[0]       ; 3.3-V LVTTL   ; QSF Assignment ;
; I/O Standard ; risc_v         ;              ; HEX3[1]       ; 3.3-V LVTTL   ; QSF Assignment ;
; I/O Standard ; risc_v         ;              ; HEX3[2]       ; 3.3-V LVTTL   ; QSF Assignment ;
; I/O Standard ; risc_v         ;              ; HEX3[3]       ; 3.3-V LVTTL   ; QSF Assignment ;
; I/O Standard ; risc_v         ;              ; HEX3[4]       ; 3.3-V LVTTL   ; QSF Assignment ;
; I/O Standard ; risc_v         ;              ; HEX3[5]       ; 3.3-V LVTTL   ; QSF Assignment ;
; I/O Standard ; risc_v         ;              ; HEX3[6]       ; 3.3-V LVTTL   ; QSF Assignment ;
; I/O Standard ; risc_v         ;              ; HEX4[0]       ; 3.3-V LVTTL   ; QSF Assignment ;
; I/O Standard ; risc_v         ;              ; HEX4[1]       ; 3.3-V LVTTL   ; QSF Assignment ;
; I/O Standard ; risc_v         ;              ; HEX4[2]       ; 3.3-V LVTTL   ; QSF Assignment ;
; I/O Standard ; risc_v         ;              ; HEX4[3]       ; 3.3-V LVTTL   ; QSF Assignment ;
; I/O Standard ; risc_v         ;              ; HEX4[4]       ; 3.3-V LVTTL   ; QSF Assignment ;
; I/O Standard ; risc_v         ;              ; HEX4[5]       ; 3.3-V LVTTL   ; QSF Assignment ;
; I/O Standard ; risc_v         ;              ; HEX4[6]       ; 3.3-V LVTTL   ; QSF Assignment ;
; I/O Standard ; risc_v         ;              ; HEX5[0]       ; 3.3-V LVTTL   ; QSF Assignment ;
; I/O Standard ; risc_v         ;              ; HEX5[1]       ; 3.3-V LVTTL   ; QSF Assignment ;
; I/O Standard ; risc_v         ;              ; HEX5[2]       ; 3.3-V LVTTL   ; QSF Assignment ;
; I/O Standard ; risc_v         ;              ; HEX5[3]       ; 3.3-V LVTTL   ; QSF Assignment ;
; I/O Standard ; risc_v         ;              ; HEX5[4]       ; 3.3-V LVTTL   ; QSF Assignment ;
; I/O Standard ; risc_v         ;              ; HEX5[5]       ; 3.3-V LVTTL   ; QSF Assignment ;
; I/O Standard ; risc_v         ;              ; HEX5[6]       ; 3.3-V LVTTL   ; QSF Assignment ;
; I/O Standard ; risc_v         ;              ; KEY[0]        ; 3.3-V LVTTL   ; QSF Assignment ;
; I/O Standard ; risc_v         ;              ; KEY[1]        ; 3.3-V LVTTL   ; QSF Assignment ;
; I/O Standard ; risc_v         ;              ; KEY[2]        ; 3.3-V LVTTL   ; QSF Assignment ;
; I/O Standard ; risc_v         ;              ; KEY[3]        ; 3.3-V LVTTL   ; QSF Assignment ;
; I/O Standard ; risc_v         ;              ; LEDR[0]       ; 3.3-V LVTTL   ; QSF Assignment ;
; I/O Standard ; risc_v         ;              ; LEDR[1]       ; 3.3-V LVTTL   ; QSF Assignment ;
; I/O Standard ; risc_v         ;              ; LEDR[2]       ; 3.3-V LVTTL   ; QSF Assignment ;
; I/O Standard ; risc_v         ;              ; LEDR[3]       ; 3.3-V LVTTL   ; QSF Assignment ;
; I/O Standard ; risc_v         ;              ; LEDR[4]       ; 3.3-V LVTTL   ; QSF Assignment ;
; I/O Standard ; risc_v         ;              ; LEDR[5]       ; 3.3-V LVTTL   ; QSF Assignment ;
; I/O Standard ; risc_v         ;              ; LEDR[6]       ; 3.3-V LVTTL   ; QSF Assignment ;
; I/O Standard ; risc_v         ;              ; LEDR[7]       ; 3.3-V LVTTL   ; QSF Assignment ;
; I/O Standard ; risc_v         ;              ; LEDR[8]       ; 3.3-V LVTTL   ; QSF Assignment ;
; I/O Standard ; risc_v         ;              ; LEDR[9]       ; 3.3-V LVTTL   ; QSF Assignment ;
; I/O Standard ; risc_v         ;              ; PS2_CLK       ; 3.3-V LVTTL   ; QSF Assignment ;
; I/O Standard ; risc_v         ;              ; PS2_CLK2      ; 3.3-V LVTTL   ; QSF Assignment ;
; I/O Standard ; risc_v         ;              ; PS2_DAT       ; 3.3-V LVTTL   ; QSF Assignment ;
; I/O Standard ; risc_v         ;              ; PS2_DAT2      ; 3.3-V LVTTL   ; QSF Assignment ;
; I/O Standard ; risc_v         ;              ; RESET_N       ; 3.3-V LVTTL   ; QSF Assignment ;
; I/O Standard ; risc_v         ;              ; SD_CLK        ; 3.3-V LVTTL   ; QSF Assignment ;
; I/O Standard ; risc_v         ;              ; SD_CMD        ; 3.3-V LVTTL   ; QSF Assignment ;
; I/O Standard ; risc_v         ;              ; SD_DATA[0]    ; 3.3-V LVTTL   ; QSF Assignment ;
; I/O Standard ; risc_v         ;              ; SD_DATA[1]    ; 3.3-V LVTTL   ; QSF Assignment ;
; I/O Standard ; risc_v         ;              ; SD_DATA[2]    ; 3.3-V LVTTL   ; QSF Assignment ;
; I/O Standard ; risc_v         ;              ; SD_DATA[3]    ; 3.3-V LVTTL   ; QSF Assignment ;
; I/O Standard ; risc_v         ;              ; SW[0]         ; 3.3-V LVTTL   ; QSF Assignment ;
; I/O Standard ; risc_v         ;              ; SW[1]         ; 3.3-V LVTTL   ; QSF Assignment ;
; I/O Standard ; risc_v         ;              ; SW[2]         ; 3.3-V LVTTL   ; QSF Assignment ;
; I/O Standard ; risc_v         ;              ; SW[3]         ; 3.3-V LVTTL   ; QSF Assignment ;
; I/O Standard ; risc_v         ;              ; SW[4]         ; 3.3-V LVTTL   ; QSF Assignment ;
; I/O Standard ; risc_v         ;              ; SW[5]         ; 3.3-V LVTTL   ; QSF Assignment ;
; I/O Standard ; risc_v         ;              ; SW[6]         ; 3.3-V LVTTL   ; QSF Assignment ;
; I/O Standard ; risc_v         ;              ; SW[7]         ; 3.3-V LVTTL   ; QSF Assignment ;
; I/O Standard ; risc_v         ;              ; SW[8]         ; 3.3-V LVTTL   ; QSF Assignment ;
; I/O Standard ; risc_v         ;              ; SW[9]         ; 3.3-V LVTTL   ; QSF Assignment ;
; I/O Standard ; risc_v         ;              ; VGA_B[0]      ; 3.3-V LVTTL   ; QSF Assignment ;
; I/O Standard ; risc_v         ;              ; VGA_B[1]      ; 3.3-V LVTTL   ; QSF Assignment ;
; I/O Standard ; risc_v         ;              ; VGA_B[2]      ; 3.3-V LVTTL   ; QSF Assignment ;
; I/O Standard ; risc_v         ;              ; VGA_B[3]      ; 3.3-V LVTTL   ; QSF Assignment ;
; I/O Standard ; risc_v         ;              ; VGA_G[0]      ; 3.3-V LVTTL   ; QSF Assignment ;
; I/O Standard ; risc_v         ;              ; VGA_G[1]      ; 3.3-V LVTTL   ; QSF Assignment ;
; I/O Standard ; risc_v         ;              ; VGA_G[2]      ; 3.3-V LVTTL   ; QSF Assignment ;
; I/O Standard ; risc_v         ;              ; VGA_G[3]      ; 3.3-V LVTTL   ; QSF Assignment ;
; I/O Standard ; risc_v         ;              ; VGA_HS        ; 3.3-V LVTTL   ; QSF Assignment ;
; I/O Standard ; risc_v         ;              ; VGA_R[0]      ; 3.3-V LVTTL   ; QSF Assignment ;
; I/O Standard ; risc_v         ;              ; VGA_R[1]      ; 3.3-V LVTTL   ; QSF Assignment ;
; I/O Standard ; risc_v         ;              ; VGA_R[2]      ; 3.3-V LVTTL   ; QSF Assignment ;
; I/O Standard ; risc_v         ;              ; VGA_R[3]      ; 3.3-V LVTTL   ; QSF Assignment ;
; I/O Standard ; risc_v         ;              ; VGA_VS        ; 3.3-V LVTTL   ; QSF Assignment ;
+--------------+----------------+--------------+---------------+---------------+----------------+


+----------------------------------------------------------------------------------------------------+
; Incremental Compilation Preservation Summary                                                       ;
+---------------------+----------------------+----------------------------+--------------------------+
; Type                ; Total [A + B]        ; From Design Partitions [A] ; From Rapid Recompile [B] ;
+---------------------+----------------------+----------------------------+--------------------------+
; Placement (by node) ;                      ;                            ;                          ;
;     -- Requested    ; 0.00 % ( 0 / 13974 ) ; 0.00 % ( 0 / 13974 )       ; 0.00 % ( 0 / 13974 )     ;
;     -- Achieved     ; 0.00 % ( 0 / 13974 ) ; 0.00 % ( 0 / 13974 )       ; 0.00 % ( 0 / 13974 )     ;
;                     ;                      ;                            ;                          ;
; Routing (by net)    ;                      ;                            ;                          ;
;     -- Requested    ; 0.00 % ( 0 / 0 )     ; 0.00 % ( 0 / 0 )           ; 0.00 % ( 0 / 0 )         ;
;     -- Achieved     ; 0.00 % ( 0 / 0 )     ; 0.00 % ( 0 / 0 )           ; 0.00 % ( 0 / 0 )         ;
+---------------------+----------------------+----------------------------+--------------------------+


+----------------------------------------------------------------------------------------------------------------------------------------------------------------------------------------+
; Incremental Compilation Partition Settings                                                                                                                                             ;
+--------------------------------+----------------+-------------------+-------------------------+------------------------+------------------------------+--------------------------------+
; Partition Name                 ; Partition Type ; Netlist Type Used ; Preservation Level Used ; Netlist Type Requested ; Preservation Level Requested ; Contents                       ;
+--------------------------------+----------------+-------------------+-------------------------+------------------------+------------------------------+--------------------------------+
; Top                            ; User-created   ; Source File       ; N/A                     ; Source File            ; N/A                          ;                                ;
; hard_block:auto_generated_inst ; Auto-generated ; Source File       ; N/A                     ; Source File            ; N/A                          ; hard_block:auto_generated_inst ;
+--------------------------------+----------------+-------------------+-------------------------+------------------------+------------------------------+--------------------------------+


+------------------------------------------------------------------------------------------------------------------------------------+
; Incremental Compilation Placement Preservation                                                                                     ;
+--------------------------------+-----------------------+-------------------------+-------------------+---------------------+-------+
; Partition Name                 ; Preservation Achieved ; Preservation Level Used ; Netlist Type Used ; Preservation Method ; Notes ;
+--------------------------------+-----------------------+-------------------------+-------------------+---------------------+-------+
; Top                            ; 0.00 % ( 0 / 13974 )  ; N/A                     ; Source File       ; N/A                 ;       ;
; hard_block:auto_generated_inst ; 0.00 % ( 0 / 0 )      ; N/A                     ; Source File       ; N/A                 ;       ;
+--------------------------------+-----------------------+-------------------------+-------------------+---------------------+-------+


+--------------+
; Pin-Out File ;
+--------------+
The pin-out file can be found in C:/Users/user/Downloads/DE0_CV/DE0_CV.pin.


+--------------------------------------------------------------------------------------------+
; Fitter Resource Usage Summary                                                              ;
+-------------------------------------------------------------+-----------------------+------+
; Resource                                                    ; Usage                 ; %    ;
+-------------------------------------------------------------+-----------------------+------+
; Logic utilization (ALMs needed / total ALMs on device)      ; 6,114 / 18,480        ; 33 % ;
; ALMs needed [=A-B+C]                                        ; 6,114                 ;      ;
;     [A] ALMs used in final placement [=a+b+c+d]             ; 6,975 / 18,480        ; 38 % ;
;         [a] ALMs used for LUT logic and registers           ; 919                   ;      ;
;         [b] ALMs used for LUT logic                         ; 4,498                 ;      ;
;         [c] ALMs used for registers                         ; 1,558                 ;      ;
;         [d] ALMs used for memory (up to half of total ALMs) ; 0                     ;      ;
;     [B] Estimate of ALMs recoverable by dense packing       ; 1,170 / 18,480        ; 6 %  ;
;     [C] Estimate of ALMs unavailable [=a+b+c+d]             ; 309 / 18,480          ; 2 %  ;
;         [a] Due to location constrained logic               ; 0                     ;      ;
;         [b] Due to LAB-wide signal conflicts                ; 15                    ;      ;
;         [c] Due to LAB input limits                         ; 294                   ;      ;
;         [d] Due to virtual I/Os                             ; 0                     ;      ;
;                                                             ;                       ;      ;
; Difficulty packing design                                   ; Low                   ;      ;
;                                                             ;                       ;      ;
; Total LABs:  partially or completely used                   ; 918 / 1,848           ; 50 % ;
;     -- Logic LABs                                           ; 918                   ;      ;
;     -- Memory LABs (up to half of total LABs)               ; 0                     ;      ;
;                                                             ;                       ;      ;
; Combinational ALUT usage for logic                          ; 8,635                 ;      ;
;     -- 7 input functions                                    ; 1,061                 ;      ;
;     -- 6 input functions                                    ; 1,389                 ;      ;
;     -- 5 input functions                                    ; 2,418                 ;      ;
;     -- 4 input functions                                    ; 2,087                 ;      ;
;     -- <=3 input functions                                  ; 1,680                 ;      ;
; Combinational ALUT usage for route-throughs                 ; 2,027                 ;      ;
;                                                             ;                       ;      ;
; Dedicated logic registers                                   ; 5,328                 ;      ;
;     -- By type:                                             ;                       ;      ;
;         -- Primary logic registers                          ; 4,954 / 36,960        ; 13 % ;
;         -- Secondary logic registers                        ; 374 / 36,960          ; 1 %  ;
;     -- By function:                                         ;                       ;      ;
;         -- Design implementation registers                  ; 5,328                 ;      ;
;         -- Routing optimization registers                   ; 0                     ;      ;
;                                                             ;                       ;      ;
; Virtual pins                                                ; 0                     ;      ;
; I/O pins                                                    ; 34 / 224              ; 15 % ;
;     -- Clock pins                                           ; 3 / 9                 ; 33 % ;
;     -- Dedicated input pins                                 ; 0 / 11                ; 0 %  ;
;                                                             ;                       ;      ;
; M10K blocks                                                 ; 0 / 308               ; 0 %  ;
; Total MLAB memory bits                                      ; 0                     ;      ;
; Total block memory bits                                     ; 0 / 3,153,920         ; 0 %  ;
; Total block memory implementation bits                      ; 0 / 3,153,920         ; 0 %  ;
;                                                             ;                       ;      ;
; Total DSP Blocks                                            ; 6 / 66                ; 9 %  ;
;                                                             ;                       ;      ;
; Fractional PLLs                                             ; 0 / 4                 ; 0 %  ;
; Global signals                                              ; 1                     ;      ;
;     -- Global clocks                                        ; 1 / 16                ; 6 %  ;
;     -- Quadrant clocks                                      ; 0 / 88                ; 0 %  ;
; SERDES Transmitters                                         ; 0 / 68                ; 0 %  ;
; SERDES Receivers                                            ; 0 / 68                ; 0 %  ;
; JTAGs                                                       ; 0 / 1                 ; 0 %  ;
; ASMI blocks                                                 ; 0 / 1                 ; 0 %  ;
; CRC blocks                                                  ; 0 / 1                 ; 0 %  ;
; Remote update blocks                                        ; 0 / 1                 ; 0 %  ;
; Oscillator blocks                                           ; 0 / 1                 ; 0 %  ;
; Impedance control blocks                                    ; 0 / 3                 ; 0 %  ;
; Average interconnect usage (total/H/V)                      ; 13.9% / 14.1% / 13.4% ;      ;
; Peak interconnect usage (total/H/V)                         ; 49.3% / 49.3% / 49.5% ;      ;
; Maximum fan-out                                             ; 5334                  ;      ;
; Highest non-global fan-out                                  ; 1048                  ;      ;
; Total fan-out                                               ; 61399                 ;      ;
; Average fan-out                                             ; 3.82                  ;      ;
+-------------------------------------------------------------+-----------------------+------+


+----------------------------------------------------------------------------------------------------------------------+
; Fitter Partition Statistics                                                                                          ;
+-------------------------------------------------------------+-----------------------+--------------------------------+
; Statistic                                                   ; Top                   ; hard_block:auto_generated_inst ;
+-------------------------------------------------------------+-----------------------+--------------------------------+
; Logic utilization (ALMs needed / total ALMs on device)      ; 6114 / 18480 ( 33 % ) ; 0 / 18480 ( 0 % )              ;
; ALMs needed [=A-B+C]                                        ; 6114                  ; 0                              ;
;     [A] ALMs used in final placement [=a+b+c+d]             ; 6975 / 18480 ( 38 % ) ; 0 / 18480 ( 0 % )              ;
;         [a] ALMs used for LUT logic and registers           ; 919                   ; 0                              ;
;         [b] ALMs used for LUT logic                         ; 4498                  ; 0                              ;
;         [c] ALMs used for registers                         ; 1558                  ; 0                              ;
;         [d] ALMs used for memory (up to half of total ALMs) ; 0                     ; 0                              ;
;     [B] Estimate of ALMs recoverable by dense packing       ; 1170 / 18480 ( 6 % )  ; 0 / 18480 ( 0 % )              ;
;     [C] Estimate of ALMs unavailable [=a+b+c+d]             ; 309 / 18480 ( 2 % )   ; 0 / 18480 ( 0 % )              ;
;         [a] Due to location constrained logic               ; 0                     ; 0                              ;
;         [b] Due to LAB-wide signal conflicts                ; 15                    ; 0                              ;
;         [c] Due to LAB input limits                         ; 294                   ; 0                              ;
;         [d] Due to virtual I/Os                             ; 0                     ; 0                              ;
;                                                             ;                       ;                                ;
; Difficulty packing design                                   ; Low                   ; Low                            ;
;                                                             ;                       ;                                ;
; Total LABs:  partially or completely used                   ; 918 / 1848 ( 50 % )   ; 0 / 1848 ( 0 % )               ;
;     -- Logic LABs                                           ; 918                   ; 0                              ;
;     -- Memory LABs (up to half of total LABs)               ; 0                     ; 0                              ;
;                                                             ;                       ;                                ;
; Combinational ALUT usage for logic                          ; 8635                  ; 0                              ;
;     -- 7 input functions                                    ; 1061                  ; 0                              ;
;     -- 6 input functions                                    ; 1389                  ; 0                              ;
;     -- 5 input functions                                    ; 2418                  ; 0                              ;
;     -- 4 input functions                                    ; 2087                  ; 0                              ;
;     -- <=3 input functions                                  ; 1680                  ; 0                              ;
; Combinational ALUT usage for route-throughs                 ; 2027                  ; 0                              ;
; Memory ALUT usage                                           ; 0                     ; 0                              ;
;     -- 64-address deep                                      ; 0                     ; 0                              ;
;     -- 32-address deep                                      ; 0                     ; 0                              ;
;                                                             ;                       ;                                ;
; Dedicated logic registers                                   ; 0                     ; 0                              ;
;     -- By type:                                             ;                       ;                                ;
;         -- Primary logic registers                          ; 4954 / 36960 ( 13 % ) ; 0 / 36960 ( 0 % )              ;
;         -- Secondary logic registers                        ; 374 / 36960 ( 1 % )   ; 0 / 36960 ( 0 % )              ;
;     -- By function:                                         ;                       ;                                ;
;         -- Design implementation registers                  ; 5328                  ; 0                              ;
;         -- Routing optimization registers                   ; 0                     ; 0                              ;
;                                                             ;                       ;                                ;
;                                                             ;                       ;                                ;
; Virtual pins                                                ; 0                     ; 0                              ;
; I/O pins                                                    ; 34                    ; 0                              ;
; I/O registers                                               ; 0                     ; 0                              ;
; Total block memory bits                                     ; 0                     ; 0                              ;
; Total block memory implementation bits                      ; 0                     ; 0                              ;
; DSP block                                                   ; 6 / 66 ( 9 % )        ; 0 / 66 ( 0 % )                 ;
; Clock enable block                                          ; 1 / 104 ( < 1 % )     ; 0 / 104 ( 0 % )                ;
;                                                             ;                       ;                                ;
; Connections                                                 ;                       ;                                ;
;     -- Input Connections                                    ; 0                     ; 0                              ;
;     -- Registered Input Connections                         ; 0                     ; 0                              ;
;     -- Output Connections                                   ; 0                     ; 0                              ;
;     -- Registered Output Connections                        ; 0                     ; 0                              ;
;                                                             ;                       ;                                ;
; Internal Connections                                        ;                       ;                                ;
;     -- Total Connections                                    ; 61440                 ; 0                              ;
;     -- Registered Connections                               ; 11279                 ; 0                              ;
;                                                             ;                       ;                                ;
; External Connections                                        ;                       ;                                ;
;     -- Top                                                  ; 0                     ; 0                              ;
;     -- hard_block:auto_generated_inst                       ; 0                     ; 0                              ;
;                                                             ;                       ;                                ;
; Partition Interface                                         ;                       ;                                ;
;     -- Input Ports                                          ; 2                     ; 0                              ;
;     -- Output Ports                                         ; 32                    ; 0                              ;
;     -- Bidir Ports                                          ; 0                     ; 0                              ;
;                                                             ;                       ;                                ;
; Registered Ports                                            ;                       ;                                ;
;     -- Registered Input Ports                               ; 0                     ; 0                              ;
;     -- Registered Output Ports                              ; 0                     ; 0                              ;
;                                                             ;                       ;                                ;
; Port Connectivity                                           ;                       ;                                ;
;     -- Input Ports driven by GND                            ; 0                     ; 0                              ;
;     -- Output Ports driven by GND                           ; 0                     ; 0                              ;
;     -- Input Ports driven by VCC                            ; 0                     ; 0                              ;
;     -- Output Ports driven by VCC                           ; 0                     ; 0                              ;
;     -- Input Ports with no Source                           ; 0                     ; 0                              ;
;     -- Output Ports with no Source                          ; 0                     ; 0                              ;
;     -- Input Ports with no Fanout                           ; 0                     ; 0                              ;
;     -- Output Ports with no Fanout                          ; 0                     ; 0                              ;
+-------------------------------------------------------------+-----------------------+--------------------------------+


+-------------------------------------------------------------------------------------------------------------------------------------------------------------------------------------------------------------------------------------------------------------------------------------+
; Input Pins                                                                                                                                                                                                                                                                          ;
+------+-------+----------+--------------+--------------+--------------+-----------------------+--------------------+--------+----------------+-----------------+----------+--------------+--------------+-------------+---------------------------+----------------------+-----------+
; Name ; Pin # ; I/O Bank ; X coordinate ; Y coordinate ; Z coordinate ; Combinational Fan-Out ; Registered Fan-Out ; Global ; Input Register ; PCI I/O Enabled ; Bus Hold ; Weak Pull Up ; I/O Standard ; Termination ; Termination Control Block ; Location assigned by ; Slew Rate ;
+------+-------+----------+--------------+--------------+--------------+-----------------------+--------------------+--------+----------------+-----------------+----------+--------------+--------------+-------------+---------------------------+----------------------+-----------+
; clk  ; M16   ; 5B       ; 54           ; 18           ; 60           ; 5334                  ; 0                  ; yes    ; no             ; no              ; no       ; Off          ; 2.5 V        ; Off         ; --                        ; Fitter               ; no        ;
; rst  ; D3    ; 2A       ; 0            ; 20           ; 3            ; 1048                  ; 0                  ; no     ; no             ; no              ; no       ; Off          ; 2.5 V        ; Off         ; --                        ; Fitter               ; no        ;
+------+-------+----------+--------------+--------------+--------------+-----------------------+--------------------+--------+----------------+-----------------+----------+--------------+--------------+-------------+---------------------------+----------------------+-----------+


+--------------------------------------------------------------------------------------------------------------------------------------------------------------------------------------------------------------------------------------------------------------------------------------------------------------------------------------------------------------------------------------------------------------------------------------------------------------------------------------------------+
; Output Pins                                                                                                                                                                                                                                                                                                                                                                                                                                                                                      ;
+-------------+-------+----------+--------------+--------------+--------------+-----------------+------------------------+-----------+-----------------+------------+---------------+----------+--------------+--------------+------------------+-----------------------------------+---------------------------+----------------------------+-----------------------------+---------------------+-----------------------------+----------------------+----------------------+---------------------+
; Name        ; Pin # ; I/O Bank ; X coordinate ; Y coordinate ; Z coordinate ; Output Register ; Output Enable Register ; Slew Rate ; PCI I/O Enabled ; Open Drain ; TRI Primitive ; Bus Hold ; Weak Pull Up ; I/O Standard ; Current Strength ; Termination                       ; Termination Control Block ; Output Buffer Pre-emphasis ; Voltage Output Differential ; Output Buffer Delay ; Output Buffer Delay Control ; Location assigned by ; Output Enable Source ; Output Enable Group ;
+-------------+-------+----------+--------------+--------------+--------------+-----------------+------------------------+-----------+-----------------+------------+---------------+----------+--------------+--------------+------------------+-----------------------------------+---------------------------+----------------------------+-----------------------------+---------------------+-----------------------------+----------------------+----------------------+---------------------+
; regs_31[0]  ; H6    ; 8A       ; 8            ; 45           ; 57           ; no              ; no                     ; 1         ; no              ; no         ; no            ; no       ; Off          ; 2.5 V        ; Default          ; Series 50 Ohm without Calibration ; --                        ; no                         ; no                          ; 0                   ; Off                         ; Fitter               ; -                    ; -                   ;
; regs_31[10] ; G10   ; 8A       ; 22           ; 45           ; 0            ; no              ; no                     ; 1         ; no              ; no         ; no            ; no       ; Off          ; 2.5 V        ; Default          ; Series 50 Ohm without Calibration ; --                        ; no                         ; no                          ; 0                   ; Off                         ; Fitter               ; -                    ; -                   ;
; regs_31[11] ; AA2   ; 2A       ; 0            ; 18           ; 77           ; no              ; no                     ; 1         ; no              ; no         ; no            ; no       ; Off          ; 2.5 V        ; Default          ; Series 50 Ohm without Calibration ; --                        ; no                         ; no                          ; 0                   ; Off                         ; Fitter               ; -                    ; -                   ;
; regs_31[12] ; G13   ; 7A       ; 38           ; 45           ; 17           ; no              ; no                     ; 1         ; no              ; no         ; no            ; no       ; Off          ; 2.5 V        ; Default          ; Series 50 Ohm without Calibration ; --                        ; no                         ; no                          ; 0                   ; Off                         ; Fitter               ; -                    ; -                   ;
; regs_31[13] ; D13   ; 7A       ; 36           ; 45           ; 0            ; no              ; no                     ; 1         ; no              ; no         ; no            ; no       ; Off          ; 2.5 V        ; Default          ; Series 50 Ohm without Calibration ; --                        ; no                         ; no                          ; 0                   ; Off                         ; Fitter               ; -                    ; -                   ;
; regs_31[14] ; B12   ; 7A       ; 36           ; 45           ; 34           ; no              ; no                     ; 1         ; no              ; no         ; no            ; no       ; Off          ; 2.5 V        ; Default          ; Series 50 Ohm without Calibration ; --                        ; no                         ; no                          ; 0                   ; Off                         ; Fitter               ; -                    ; -                   ;
; regs_31[15] ; E2    ; 2A       ; 0            ; 20           ; 20           ; no              ; no                     ; 1         ; no              ; no         ; no            ; no       ; Off          ; 2.5 V        ; Default          ; Series 50 Ohm without Calibration ; --                        ; no                         ; no                          ; 0                   ; Off                         ; Fitter               ; -                    ; -                   ;
; regs_31[16] ; G6    ; 8A       ; 8            ; 45           ; 40           ; no              ; no                     ; 1         ; no              ; no         ; no            ; no       ; Off          ; 2.5 V        ; Default          ; Series 50 Ohm without Calibration ; --                        ; no                         ; no                          ; 0                   ; Off                         ; Fitter               ; -                    ; -                   ;
; regs_31[17] ; D6    ; 8A       ; 12           ; 45           ; 51           ; no              ; no                     ; 1         ; no              ; no         ; no            ; no       ; Off          ; 2.5 V        ; Default          ; Series 50 Ohm without Calibration ; --                        ; no                         ; no                          ; 0                   ; Off                         ; Fitter               ; -                    ; -                   ;
; regs_31[18] ; C8    ; 8A       ; 10           ; 45           ; 51           ; no              ; no                     ; 1         ; no              ; no         ; no            ; no       ; Off          ; 2.5 V        ; Default          ; Series 50 Ohm without Calibration ; --                        ; no                         ; no                          ; 0                   ; Off                         ; Fitter               ; -                    ; -                   ;
; regs_31[19] ; L2    ; 2A       ; 0            ; 20           ; 37           ; no              ; no                     ; 1         ; no              ; no         ; no            ; no       ; Off          ; 2.5 V        ; Default          ; Series 50 Ohm without Calibration ; --                        ; no                         ; no                          ; 0                   ; Off                         ; Fitter               ; -                    ; -                   ;
; regs_31[1]  ; K9    ; 7A       ; 34           ; 45           ; 51           ; no              ; no                     ; 1         ; no              ; no         ; no            ; no       ; Off          ; 2.5 V        ; Default          ; Series 50 Ohm without Calibration ; --                        ; no                         ; no                          ; 0                   ; Off                         ; Fitter               ; -                    ; -                   ;
; regs_31[20] ; L1    ; 2A       ; 0            ; 20           ; 54           ; no              ; no                     ; 1         ; no              ; no         ; no            ; no       ; Off          ; 2.5 V        ; Default          ; Series 50 Ohm without Calibration ; --                        ; no                         ; no                          ; 0                   ; Off                         ; Fitter               ; -                    ; -                   ;
; regs_31[21] ; H10   ; 7A       ; 40           ; 45           ; 91           ; no              ; no                     ; 1         ; no              ; no         ; no            ; no       ; Off          ; 2.5 V        ; Default          ; Series 50 Ohm without Calibration ; --                        ; no                         ; no                          ; 0                   ; Off                         ; Fitter               ; -                    ; -                   ;
; regs_31[22] ; E14   ; 7A       ; 40           ; 45           ; 40           ; no              ; no                     ; 1         ; no              ; no         ; no            ; no       ; Off          ; 2.5 V        ; Default          ; Series 50 Ohm without Calibration ; --                        ; no                         ; no                          ; 0                   ; Off                         ; Fitter               ; -                    ; -                   ;
; regs_31[23] ; J19   ; 7A       ; 48           ; 45           ; 34           ; no              ; no                     ; 1         ; no              ; no         ; no            ; no       ; Off          ; 2.5 V        ; Default          ; Series 50 Ohm without Calibration ; --                        ; no                         ; no                          ; 0                   ; Off                         ; Fitter               ; -                    ; -                   ;
; regs_31[24] ; Y3    ; 2A       ; 0            ; 18           ; 43           ; no              ; no                     ; 1         ; no              ; no         ; no            ; no       ; Off          ; 2.5 V        ; Default          ; Series 50 Ohm without Calibration ; --                        ; no                         ; no                          ; 0                   ; Off                         ; Fitter               ; -                    ; -                   ;
; regs_31[25] ; M7    ; 3A       ; 14           ; 0            ; 0            ; no              ; no                     ; 1         ; no              ; no         ; no            ; no       ; Off          ; 2.5 V        ; Default          ; Series 50 Ohm without Calibration ; --                        ; no                         ; no                          ; 0                   ; Off                         ; Fitter               ; -                    ; -                   ;
; regs_31[26] ; D9    ; 8A       ; 10           ; 45           ; 17           ; no              ; no                     ; 1         ; no              ; no         ; no            ; no       ; Off          ; 2.5 V        ; Default          ; Series 50 Ohm without Calibration ; --                        ; no                         ; no                          ; 0                   ; Off                         ; Fitter               ; -                    ; -                   ;
; regs_31[27] ; G1    ; 2A       ; 0            ; 21           ; 20           ; no              ; no                     ; 1         ; no              ; no         ; no            ; no       ; Off          ; 2.5 V        ; Default          ; Series 50 Ohm without Calibration ; --                        ; no                         ; no                          ; 0                   ; Off                         ; Fitter               ; -                    ; -                   ;
; regs_31[28] ; AA1   ; 2A       ; 0            ; 18           ; 94           ; no              ; no                     ; 1         ; no              ; no         ; no            ; no       ; Off          ; 2.5 V        ; Default          ; Series 50 Ohm without Calibration ; --                        ; no                         ; no                          ; 0                   ; Off                         ; Fitter               ; -                    ; -                   ;
; regs_31[29] ; C2    ; 2A       ; 0            ; 21           ; 37           ; no              ; no                     ; 1         ; no              ; no         ; no            ; no       ; Off          ; 2.5 V        ; Default          ; Series 50 Ohm without Calibration ; --                        ; no                         ; no                          ; 0                   ; Off                         ; Fitter               ; -                    ; -                   ;
; regs_31[2]  ; H8    ; 8A       ; 20           ; 45           ; 34           ; no              ; no                     ; 1         ; no              ; no         ; no            ; no       ; Off          ; 2.5 V        ; Default          ; Series 50 Ohm without Calibration ; --                        ; no                         ; no                          ; 0                   ; Off                         ; Fitter               ; -                    ; -                   ;
; regs_31[30] ; A10   ; 8A       ; 18           ; 45           ; 34           ; no              ; no                     ; 1         ; no              ; no         ; no            ; no       ; Off          ; 2.5 V        ; Default          ; Series 50 Ohm without Calibration ; --                        ; no                         ; no                          ; 0                   ; Off                         ; Fitter               ; -                    ; -                   ;
; regs_31[31] ; G8    ; 8A       ; 20           ; 45           ; 51           ; no              ; no                     ; 1         ; no              ; no         ; no            ; no       ; Off          ; 2.5 V        ; Default          ; Series 50 Ohm without Calibration ; --                        ; no                         ; no                          ; 0                   ; Off                         ; Fitter               ; -                    ; -                   ;
; regs_31[3]  ; L8    ; 7A       ; 34           ; 45           ; 34           ; no              ; no                     ; 1         ; no              ; no         ; no            ; no       ; Off          ; 2.5 V        ; Default          ; Series 50 Ohm without Calibration ; --                        ; no                         ; no                          ; 0                   ; Off                         ; Fitter               ; -                    ; -                   ;
; regs_31[4]  ; Y9    ; 3B       ; 23           ; 0            ; 74           ; no              ; no                     ; 1         ; no              ; no         ; no            ; no       ; Off          ; 2.5 V        ; Default          ; Series 50 Ohm without Calibration ; --                        ; no                         ; no                          ; 0                   ; Off                         ; Fitter               ; -                    ; -                   ;
; regs_31[5]  ; M21   ; 5B       ; 54           ; 20           ; 54           ; no              ; no                     ; 1         ; no              ; no         ; no            ; no       ; Off          ; 2.5 V        ; Default          ; Series 50 Ohm without Calibration ; --                        ; no                         ; no                          ; 0                   ; Off                         ; Fitter               ; -                    ; -                   ;
; regs_31[6]  ; H9    ; 8A       ; 18           ; 45           ; 17           ; no              ; no                     ; 1         ; no              ; no         ; no            ; no       ; Off          ; 2.5 V        ; Default          ; Series 50 Ohm without Calibration ; --                        ; no                         ; no                          ; 0                   ; Off                         ; Fitter               ; -                    ; -                   ;
; regs_31[7]  ; E12   ; 7A       ; 32           ; 45           ; 57           ; no              ; no                     ; 1         ; no              ; no         ; no            ; no       ; Off          ; 2.5 V        ; Default          ; Series 50 Ohm without Calibration ; --                        ; no                         ; no                          ; 0                   ; Off                         ; Fitter               ; -                    ; -                   ;
; regs_31[8]  ; R9    ; 3B       ; 23           ; 0            ; 40           ; no              ; no                     ; 1         ; no              ; no         ; no            ; no       ; Off          ; 2.5 V        ; Default          ; Series 50 Ohm without Calibration ; --                        ; no                         ; no                          ; 0                   ; Off                         ; Fitter               ; -                    ; -                   ;
; regs_31[9]  ; G2    ; 2A       ; 0            ; 21           ; 3            ; no              ; no                     ; 1         ; no              ; no         ; no            ; no       ; Off          ; 2.5 V        ; Default          ; Series 50 Ohm without Calibration ; --                        ; no                         ; no                          ; 0                   ; Off                         ; Fitter               ; -                    ; -                   ;
+-------------+-------+----------+--------------+--------------+--------------+-----------------+------------------------+-----------+-----------------+------------+---------------+----------+--------------+--------------+------------------+-----------------------------------+---------------------------+----------------------------+-----------------------------+---------------------+-----------------------------+----------------------+----------------------+---------------------+


+----------------------------------------------------------------------------+
; I/O Bank Usage                                                             ;
+----------+------------------+---------------+--------------+---------------+
; I/O Bank ; Usage            ; VCCIO Voltage ; VREF Voltage ; VCCPD Voltage ;
+----------+------------------+---------------+--------------+---------------+
; 2A       ; 10 / 16 ( 63 % ) ; 2.5V          ; --           ; 2.5V          ;
; 3A       ; 1 / 16 ( 6 % )   ; 2.5V          ; --           ; 2.5V          ;
; 3B       ; 2 / 32 ( 6 % )   ; 2.5V          ; --           ; 2.5V          ;
; 4A       ; 0 / 48 ( 0 % )   ; 2.5V          ; --           ; 2.5V          ;
; 5A       ; 0 / 16 ( 0 % )   ; 2.5V          ; --           ; 2.5V          ;
; 5B       ; 2 / 16 ( 13 % )  ; 2.5V          ; --           ; 2.5V          ;
; 7A       ; 9 / 48 ( 19 % )  ; 2.5V          ; --           ; 2.5V          ;
; 8A       ; 10 / 32 ( 31 % ) ; 2.5V          ; --           ; 2.5V          ;
+----------+------------------+---------------+--------------+---------------+


+-----------------------------------------------------------------------------------------------------------------------------------------------------------------------------+
; All Package Pins                                                                                                                                                            ;
+----------+------------+----------+---------------------------------+--------+--------------+---------------------+--------------+-----------------+----------+--------------+
; Location ; Pad Number ; I/O Bank ; Pin Name/Usage                  ; Dir.   ; I/O Standard ; Voltage             ; I/O Type     ; User Assignment ; Bus Hold ; Weak Pull Up ;
+----------+------------+----------+---------------------------------+--------+--------------+---------------------+--------------+-----------------+----------+--------------+
; A1       ;            ;          ; GND                             ;        ;              ;                     ; --           ;                 ; --       ; --           ;
; A2       ; 288        ; 9A       ; ^MSEL2                          ;        ;              ;                     ; --           ;                 ; --       ; --           ;
; A3       ;            ; --       ; VCCBAT                          ; power  ;              ; 1.2V                ; --           ;                 ; --       ; --           ;
; A4       ; 290        ; 9A       ; ^nCONFIG                        ;        ;              ;                     ; --           ;                 ; --       ; --           ;
; A5       ; 264        ; 8A       ; RESERVED_INPUT_WITH_WEAK_PULLUP ;        ;              ;                     ; Column I/O   ;                 ; no       ; On           ;
; A6       ;            ; 8A       ; VCCIO8A                         ; power  ;              ; 2.5V                ; --           ;                 ; --       ; --           ;
; A7       ; 273        ; 8A       ; RESERVED_INPUT_WITH_WEAK_PULLUP ;        ;              ;                     ; Column I/O   ;                 ; no       ; On           ;
; A8       ; 271        ; 8A       ; RESERVED_INPUT_WITH_WEAK_PULLUP ;        ;              ;                     ; Column I/O   ;                 ; no       ; On           ;
; A9       ; 262        ; 8A       ; RESERVED_INPUT_WITH_WEAK_PULLUP ;        ;              ;                     ; Column I/O   ;                 ; no       ; On           ;
; A10      ; 260        ; 8A       ; regs_31[30]                     ; output ; 2.5 V        ;                     ; Column I/O   ; N               ; no       ; Off          ;
; A11      ;            ;          ; GND                             ; gnd    ;              ;                     ; --           ;                 ; --       ; --           ;
; A12      ; 242        ; 7A       ; RESERVED_INPUT_WITH_WEAK_PULLUP ;        ;              ;                     ; Column I/O   ;                 ; no       ; On           ;
; A13      ; 230        ; 7A       ; RESERVED_INPUT_WITH_WEAK_PULLUP ;        ;              ;                     ; Column I/O   ;                 ; no       ; On           ;
; A14      ; 218        ; 7A       ; RESERVED_INPUT_WITH_WEAK_PULLUP ;        ;              ;                     ; Column I/O   ;                 ; no       ; On           ;
; A15      ; 216        ; 7A       ; RESERVED_INPUT_WITH_WEAK_PULLUP ;        ;              ;                     ; Column I/O   ;                 ; no       ; On           ;
; A16      ;            ; 7A       ; VCCIO7A                         ; power  ;              ; 2.5V                ; --           ;                 ; --       ; --           ;
; A17      ;            ;          ; NC                              ;        ;              ;                     ; --           ;                 ; --       ; --           ;
; A18      ;            ;          ; NC                              ;        ;              ;                     ; --           ;                 ; --       ; --           ;
; A19      ;            ;          ; NC                              ;        ;              ;                     ; --           ;                 ; --       ; --           ;
; A20      ;            ;          ; NC                              ;        ;              ;                     ; --           ;                 ; --       ; --           ;
; A21      ;            ;          ; GND                             ; gnd    ;              ;                     ; --           ;                 ; --       ; --           ;
; A22      ;            ;          ; NC                              ;        ;              ;                     ; --           ;                 ; --       ; --           ;
; AA1      ; 29         ; 2A       ; regs_31[28]                     ; output ; 2.5 V        ;                     ; Row I/O      ; N               ; no       ; Off          ;
; AA2      ; 31         ; 2A       ; regs_31[11]                     ; output ; 2.5 V        ;                     ; Row I/O      ; N               ; no       ; Off          ;
; AA3      ;            ;          ; GND                             ; gnd    ;              ;                     ; --           ;                 ; --       ; --           ;
; AA4      ;            ;          ; GND                             ; gnd    ;              ;                     ; --           ;                 ; --       ; --           ;
; AA5      ; 53         ; 3A       ; ^AS_DATA2, DATA2                ;        ;              ;                     ; Weak Pull Up ;                 ; --       ; On           ;
; AA6      ;            ;          ; GND                             ; gnd    ;              ;                     ; --           ;                 ; --       ; --           ;
; AA7      ; 79         ; 3B       ; RESERVED_INPUT_WITH_WEAK_PULLUP ;        ;              ;                     ; Column I/O   ;                 ; no       ; On           ;
; AA8      ; 82         ; 3B       ; RESERVED_INPUT_WITH_WEAK_PULLUP ;        ;              ;                     ; Column I/O   ;                 ; no       ; On           ;
; AA9      ; 89         ; 3B       ; RESERVED_INPUT_WITH_WEAK_PULLUP ;        ;              ;                     ; Column I/O   ;                 ; no       ; On           ;
; AA10     ; 87         ; 3B       ; RESERVED_INPUT_WITH_WEAK_PULLUP ;        ;              ;                     ; Column I/O   ;                 ; no       ; On           ;
; AA11     ;            ;          ; GND                             ; gnd    ;              ;                     ; --           ;                 ; --       ; --           ;
; AA12     ; 105        ; 3B       ; RESERVED_INPUT_WITH_WEAK_PULLUP ;        ;              ;                     ; Column I/O   ;                 ; no       ; On           ;
; AA13     ; 113        ; 4A       ; RESERVED_INPUT_WITH_WEAK_PULLUP ;        ;              ;                     ; Column I/O   ;                 ; no       ; On           ;
; AA14     ; 111        ; 4A       ; RESERVED_INPUT_WITH_WEAK_PULLUP ;        ;              ;                     ; Column I/O   ;                 ; no       ; On           ;
; AA15     ; 116        ; 4A       ; RESERVED_INPUT_WITH_WEAK_PULLUP ;        ;              ;                     ; Column I/O   ;                 ; no       ; On           ;
; AA16     ;            ; 4A       ; VCCIO4A                         ; power  ;              ; 2.5V                ; --           ;                 ; --       ; --           ;
; AA17     ; 127        ; 4A       ; RESERVED_INPUT_WITH_WEAK_PULLUP ;        ;              ;                     ; Column I/O   ;                 ; no       ; On           ;
; AA18     ; 129        ; 4A       ; RESERVED_INPUT_WITH_WEAK_PULLUP ;        ;              ;                     ; Column I/O   ;                 ; no       ; On           ;
; AA19     ; 130        ; 4A       ; RESERVED_INPUT_WITH_WEAK_PULLUP ;        ;              ;                     ; Column I/O   ;                 ; no       ; On           ;
; AA20     ; 132        ; 4A       ; RESERVED_INPUT_WITH_WEAK_PULLUP ;        ;              ;                     ; Column I/O   ;                 ; no       ; On           ;
; AA21     ;            ; 4A       ; VCCIO4A                         ; power  ;              ; 2.5V                ; --           ;                 ; --       ; --           ;
; AA22     ; 137        ; 4A       ; RESERVED_INPUT_WITH_WEAK_PULLUP ;        ;              ;                     ; Column I/O   ;                 ; no       ; On           ;
; AB1      ;            ;          ; GND                             ; gnd    ;              ;                     ; --           ;                 ; --       ; --           ;
; AB2      ;            ;          ; GND                             ; gnd    ;              ;                     ; --           ;                 ; --       ; --           ;
; AB3      ; 55         ; 3A       ; ^AS_DATA1, DATA1                ;        ;              ;                     ; Weak Pull Up ;                 ; --       ; On           ;
; AB4      ; 57         ; 3A       ; ^AS_DATA0, ASDO, DATA0          ;        ;              ;                     ; Weak Pull Up ;                 ; --       ; On           ;
; AB5      ; 76         ; 3B       ; RESERVED_INPUT_WITH_WEAK_PULLUP ;        ;              ;                     ; Column I/O   ;                 ; no       ; On           ;
; AB6      ; 74         ; 3B       ; RESERVED_INPUT_WITH_WEAK_PULLUP ;        ;              ;                     ; Column I/O   ;                 ; no       ; On           ;
; AB7      ; 81         ; 3B       ; RESERVED_INPUT_WITH_WEAK_PULLUP ;        ;              ;                     ; Column I/O   ;                 ; no       ; On           ;
; AB8      ; 84         ; 3B       ; RESERVED_INPUT_WITH_WEAK_PULLUP ;        ;              ;                     ; Column I/O   ;                 ; no       ; On           ;
; AB9      ;            ;          ; GND                             ; gnd    ;              ;                     ; --           ;                 ; --       ; --           ;
; AB10     ; 98         ; 3B       ; RESERVED_INPUT_WITH_WEAK_PULLUP ;        ;              ;                     ; Column I/O   ;                 ; no       ; On           ;
; AB11     ; 100        ; 3B       ; RESERVED_INPUT_WITH_WEAK_PULLUP ;        ;              ;                     ; Column I/O   ;                 ; no       ; On           ;
; AB12     ; 108        ; 4A       ; RESERVED_INPUT_WITH_WEAK_PULLUP ;        ;              ;                     ; Column I/O   ;                 ; no       ; On           ;
; AB13     ; 106        ; 4A       ; RESERVED_INPUT_WITH_WEAK_PULLUP ;        ;              ;                     ; Column I/O   ;                 ; no       ; On           ;
; AB14     ;            ;          ; GND                             ; gnd    ;              ;                     ; --           ;                 ; --       ; --           ;
; AB15     ; 114        ; 4A       ; RESERVED_INPUT_WITH_WEAK_PULLUP ;        ;              ;                     ; Column I/O   ;                 ; no       ; On           ;
; AB16     ;            ; 4A       ; VREFB4AN0                       ; power  ;              ;                     ; --           ;                 ; --       ; --           ;
; AB17     ; 119        ; 4A       ; RESERVED_INPUT_WITH_WEAK_PULLUP ;        ;              ;                     ; Column I/O   ;                 ; no       ; On           ;
; AB18     ; 121        ; 4A       ; RESERVED_INPUT_WITH_WEAK_PULLUP ;        ;              ;                     ; Column I/O   ;                 ; no       ; On           ;
; AB19     ;            ;          ; GND                             ; gnd    ;              ;                     ; --           ;                 ; --       ; --           ;
; AB20     ; 122        ; 4A       ; RESERVED_INPUT_WITH_WEAK_PULLUP ;        ;              ;                     ; Column I/O   ;                 ; no       ; On           ;
; AB21     ; 124        ; 4A       ; RESERVED_INPUT_WITH_WEAK_PULLUP ;        ;              ;                     ; Column I/O   ;                 ; no       ; On           ;
; AB22     ; 135        ; 4A       ; RESERVED_INPUT_WITH_WEAK_PULLUP ;        ;              ;                     ; Column I/O   ;                 ; no       ; On           ;
; B1       ;            ;          ; GND                             ; gnd    ;              ;                     ; --           ;                 ; --       ; --           ;
; B2       ;            ;          ; GND                             ; gnd    ;              ;                     ; --           ;                 ; --       ; --           ;
; B3       ;            ;          ; DNU                             ;        ;              ;                     ; --           ;                 ; --       ; --           ;
; B4       ;            ;          ; DNU                             ;        ;              ;                     ; --           ;                 ; --       ; --           ;
; B5       ; 266        ; 8A       ; RESERVED_INPUT_WITH_WEAK_PULLUP ;        ;              ;                     ; Column I/O   ;                 ; no       ; On           ;
; B6       ; 268        ; 8A       ; RESERVED_INPUT_WITH_WEAK_PULLUP ;        ;              ;                     ; Column I/O   ;                 ; no       ; On           ;
; B7       ; 270        ; 8A       ; RESERVED_INPUT_WITH_WEAK_PULLUP ;        ;              ;                     ; Column I/O   ;                 ; no       ; On           ;
; B8       ;            ; 8A       ; VREFB8AN0                       ; power  ;              ;                     ; --           ;                 ; --       ; --           ;
; B9       ;            ;          ; GND                             ; gnd    ;              ;                     ; --           ;                 ; --       ; --           ;
; B10      ; 263        ; 8A       ; RESERVED_INPUT_WITH_WEAK_PULLUP ;        ;              ;                     ; Column I/O   ;                 ; no       ; On           ;
; B11      ; 250        ; 7A       ; RESERVED_INPUT_WITH_WEAK_PULLUP ;        ;              ;                     ; Column I/O   ;                 ; no       ; On           ;
; B12      ; 240        ; 7A       ; regs_31[14]                     ; output ; 2.5 V        ;                     ; Column I/O   ; N               ; no       ; Off          ;
; B13      ; 228        ; 7A       ; RESERVED_INPUT_WITH_WEAK_PULLUP ;        ;              ;                     ; Column I/O   ;                 ; no       ; On           ;
; B14      ;            ;          ; GND                             ; gnd    ;              ;                     ; --           ;                 ; --       ; --           ;
; B15      ; 225        ; 7A       ; RESERVED_INPUT_WITH_WEAK_PULLUP ;        ;              ;                     ; Column I/O   ;                 ; no       ; On           ;
; B16      ; 204        ; 7A       ; RESERVED_INPUT_WITH_WEAK_PULLUP ;        ;              ;                     ; Column I/O   ;                 ; no       ; On           ;
; B17      ;            ;          ; NC                              ;        ;              ;                     ; --           ;                 ; --       ; --           ;
; B18      ;            ;          ; NC                              ;        ;              ;                     ; --           ;                 ; --       ; --           ;
; B19      ;            ; 7A       ; VCCIO7A                         ; power  ;              ; 2.5V                ; --           ;                 ; --       ; --           ;
; B20      ;            ;          ; NC                              ;        ;              ;                     ; --           ;                 ; --       ; --           ;
; B21      ;            ;          ; NC                              ;        ;              ;                     ; --           ;                 ; --       ; --           ;
; B22      ;            ;          ; NC                              ;        ;              ;                     ; --           ;                 ; --       ; --           ;
; C1       ; 16         ; 2A       ; RESERVED_INPUT_WITH_WEAK_PULLUP ;        ;              ;                     ; Row I/O      ;                 ; no       ; On           ;
; C2       ; 18         ; 2A       ; regs_31[29]                     ; output ; 2.5 V        ;                     ; Row I/O      ; N               ; no       ; Off          ;
; C3       ;            ;          ; GND                             ; gnd    ;              ;                     ; --           ;                 ; --       ; --           ;
; C4       ;            ;          ; GND                             ; gnd    ;              ;                     ; --           ;                 ; --       ; --           ;
; C5       ; 292        ; 9A       ; ^GND                            ;        ;              ;                     ; --           ;                 ; --       ; --           ;
; C6       ; 272        ; 8A       ; RESERVED_INPUT_WITH_WEAK_PULLUP ;        ;              ;                     ; Column I/O   ;                 ; no       ; On           ;
; C7       ;            ; 8A       ; VCCIO8A                         ; power  ;              ; 2.5V                ; --           ;                 ; --       ; --           ;
; C8       ; 278        ; 8A       ; regs_31[18]                     ; output ; 2.5 V        ;                     ; Column I/O   ; N               ; no       ; Off          ;
; C9       ; 265        ; 8A       ; RESERVED_INPUT_WITH_WEAK_PULLUP ;        ;              ;                     ; Column I/O   ;                 ; no       ; On           ;
; C10      ;            ; 7A, 8A   ; VCCPD7A8A                       ; power  ;              ; 2.5V                ; --           ;                 ; --       ; --           ;
; C11      ; 248        ; 7A       ; RESERVED_INPUT_WITH_WEAK_PULLUP ;        ;              ;                     ; Column I/O   ;                 ; no       ; On           ;
; C12      ;            ; 7A       ; VCCIO7A                         ; power  ;              ; 2.5V                ; --           ;                 ; --       ; --           ;
; C13      ; 241        ; 7A       ; RESERVED_INPUT_WITH_WEAK_PULLUP ;        ;              ;                     ; Column I/O   ;                 ; no       ; On           ;
; C14      ;            ; 7A       ; VREFB7AN0                       ; power  ;              ;                     ; --           ;                 ; --       ; --           ;
; C15      ; 223        ; 7A       ; RESERVED_INPUT_WITH_WEAK_PULLUP ;        ;              ;                     ; Column I/O   ;                 ; no       ; On           ;
; C16      ; 206        ; 7A       ; RESERVED_INPUT_WITH_WEAK_PULLUP ;        ;              ;                     ; Column I/O   ;                 ; no       ; On           ;
; C17      ;            ;          ; GND                             ; gnd    ;              ;                     ; --           ;                 ; --       ; --           ;
; C18      ;            ;          ; NC                              ;        ;              ;                     ; --           ;                 ; --       ; --           ;
; C19      ;            ;          ; NC                              ;        ;              ;                     ; --           ;                 ; --       ; --           ;
; C20      ;            ;          ; NC                              ;        ;              ;                     ; --           ;                 ; --       ; --           ;
; C21      ;            ;          ; NC                              ;        ;              ;                     ; --           ;                 ; --       ; --           ;
; C22      ;            ; 7A       ; VCCIO7A                         ; power  ;              ; 2.5V                ; --           ;                 ; --       ; --           ;
; D1       ;            ;          ; GND                             ; gnd    ;              ;                     ; --           ;                 ; --       ; --           ;
; D2       ;            ;          ; GND                             ; gnd    ;              ;                     ; --           ;                 ; --       ; --           ;
; D3       ; 22         ; 2A       ; rst                             ; input  ; 2.5 V        ;                     ; Row I/O      ; N               ; no       ; Off          ;
; D4       ;            ; 2A       ; VCCIO2A                         ; power  ;              ; 2.5V                ; --           ;                 ; --       ; --           ;
; D5       ;            ;          ; GND                             ; gnd    ;              ;                     ; --           ;                 ; --       ; --           ;
; D6       ; 274        ; 8A       ; regs_31[17]                     ; output ; 2.5 V        ;                     ; Column I/O   ; N               ; no       ; Off          ;
; D7       ; 276        ; 8A       ; RESERVED_INPUT_WITH_WEAK_PULLUP ;        ;              ;                     ; Column I/O   ;                 ; no       ; On           ;
; D8       ;            ; 7A, 8A   ; VCCPD7A8A                       ; power  ;              ; 2.5V                ; --           ;                 ; --       ; --           ;
; D9       ; 277        ; 8A       ; regs_31[26]                     ; output ; 2.5 V        ;                     ; Column I/O   ; N               ; no       ; Off          ;
; D10      ;            ;          ; GND                             ; gnd    ;              ;                     ; --           ;                 ; --       ; --           ;
; D11      ;            ; --       ; VCC_AUX                         ; power  ;              ; 2.5V                ; --           ;                 ; --       ; --           ;
; D12      ; 247        ; 7A       ; RESERVED_INPUT_WITH_WEAK_PULLUP ;        ;              ;                     ; Column I/O   ;                 ; no       ; On           ;
; D13      ; 239        ; 7A       ; regs_31[13]                     ; output ; 2.5 V        ;                     ; Column I/O   ; N               ; no       ; Off          ;
; D14      ;            ; 7A, 8A   ; VCCPD7A8A                       ; power  ;              ; 2.5V                ; --           ;                 ; --       ; --           ;
; D15      ;            ; 7A       ; VCCIO7A                         ; power  ;              ; 2.5V                ; --           ;                 ; --       ; --           ;
; D16      ;            ; 7A, 8A   ; VCCPD7A8A                       ; power  ;              ; 2.5V                ; --           ;                 ; --       ; --           ;
; D17      ; 207        ; 7A       ; RESERVED_INPUT_WITH_WEAK_PULLUP ;        ;              ;                     ; Column I/O   ;                 ; no       ; On           ;
; D18      ;            ; --       ; VCC_AUX                         ; power  ;              ; 2.5V                ; --           ;                 ; --       ; --           ;
; D19      ;            ;          ; NC                              ;        ;              ;                     ; --           ;                 ; --       ; --           ;
; D20      ;            ;          ; GND                             ; gnd    ;              ;                     ; --           ;                 ; --       ; --           ;
; D21      ;            ;          ; NC                              ;        ;              ;                     ; --           ;                 ; --       ; --           ;
; D22      ;            ;          ; NC                              ;        ;              ;                     ; --           ;                 ; --       ; --           ;
; E1       ;            ; 1A, 2A   ; VCCPD1A2A                       ; power  ;              ; 2.5V                ; --           ;                 ; --       ; --           ;
; E2       ; 20         ; 2A       ; regs_31[15]                     ; output ; 2.5 V        ;                     ; Row I/O      ; N               ; no       ; Off          ;
; E3       ;            ;          ; GND                             ; gnd    ;              ;                     ; --           ;                 ; --       ; --           ;
; E4       ;            ;          ; GND                             ; gnd    ;              ;                     ; --           ;                 ; --       ; --           ;
; E5       ; 289        ; 9A       ; ^MSEL3                          ;        ;              ;                     ; --           ;                 ; --       ; --           ;
; E6       ;            ; --       ; VCC_AUX                         ; power  ;              ; 2.5V                ; --           ;                 ; --       ; --           ;
; E7       ; 282        ; 8A       ; RESERVED_INPUT_WITH_WEAK_PULLUP ;        ;              ;                     ; Column I/O   ;                 ; no       ; On           ;
; E8       ;            ; 8A       ; VCCIO8A                         ; power  ;              ; 2.5V                ; --           ;                 ; --       ; --           ;
; E9       ; 275        ; 8A       ; RESERVED_INPUT_WITH_WEAK_PULLUP ;        ;              ;                     ; Column I/O   ;                 ; no       ; On           ;
; E10      ; 267        ; 8A       ; RESERVED_INPUT_WITH_WEAK_PULLUP ;        ;              ;                     ; Column I/O   ;                 ; no       ; On           ;
; E11      ;            ; 7A, 8A   ; VCCPD7A8A                       ; power  ;              ; 2.5V                ; --           ;                 ; --       ; --           ;
; E12      ; 249        ; 7A       ; regs_31[7]                      ; output ; 2.5 V        ;                     ; Column I/O   ; N               ; no       ; Off          ;
; E13      ;            ;          ; GND                             ; gnd    ;              ;                     ; --           ;                 ; --       ; --           ;
; E14      ; 231        ; 7A       ; regs_31[22]                     ; output ; 2.5 V        ;                     ; Column I/O   ; N               ; no       ; Off          ;
; E15      ; 215        ; 7A       ; RESERVED_INPUT_WITH_WEAK_PULLUP ;        ;              ;                     ; Column I/O   ;                 ; no       ; On           ;
; E16      ; 209        ; 7A       ; RESERVED_INPUT_WITH_WEAK_PULLUP ;        ;              ;                     ; Column I/O   ;                 ; no       ; On           ;
; E17      ;            ;          ; DNU                             ;        ;              ;                     ; --           ;                 ; --       ; --           ;
; E18      ;            ; 7A       ; VCCIO7A                         ; power  ;              ; 2.5V                ; --           ;                 ; --       ; --           ;
; E19      ;            ;          ; NC                              ;        ;              ;                     ; --           ;                 ; --       ; --           ;
; E20      ;            ;          ; NC                              ;        ;              ;                     ; --           ;                 ; --       ; --           ;
; E21      ;            ;          ; NC                              ;        ;              ;                     ; --           ;                 ; --       ; --           ;
; E22      ;            ;          ; NC                              ;        ;              ;                     ; --           ;                 ; --       ; --           ;
; F1       ;            ;          ; GND                             ; gnd    ;              ;                     ; --           ;                 ; --       ; --           ;
; F2       ;            ;          ; GND                             ; gnd    ;              ;                     ; --           ;                 ; --       ; --           ;
; F3       ; 291        ; 9A       ; ^MSEL4                          ;        ;              ;                     ; --           ;                 ; --       ; --           ;
; F4       ;            ; --       ; VCCA_FPLL                       ; power  ;              ; 2.5V                ; --           ;                 ; --       ; --           ;
; F5       ;            ;          ; GND                             ; gnd    ;              ;                     ; --           ;                 ; --       ; --           ;
; F6       ;            ;          ; GND                             ; gnd    ;              ;                     ; --           ;                 ; --       ; --           ;
; F7       ; 280        ; 8A       ; RESERVED_INPUT_WITH_WEAK_PULLUP ;        ;              ;                     ; Column I/O   ;                 ; no       ; On           ;
; F8       ;            ; --       ; VCCPGM                          ; power  ;              ; 1.8V/2.5V/3.0V/3.3V ; --           ;                 ; --       ; --           ;
; F9       ; 269        ; 8A       ; RESERVED_INPUT_WITH_WEAK_PULLUP ;        ;              ;                     ; Column I/O   ;                 ; no       ; On           ;
; F10      ; 253        ; 8A       ; RESERVED_INPUT_WITH_WEAK_PULLUP ;        ;              ;                     ; Column I/O   ;                 ; no       ; On           ;
; F11      ;            ; 7A       ; VCCIO7A                         ; power  ;              ; 2.5V                ; --           ;                 ; --       ; --           ;
; F12      ; 238        ; 7A       ; RESERVED_INPUT_WITH_WEAK_PULLUP ;        ;              ;                     ; Column I/O   ;                 ; no       ; On           ;
; F13      ; 233        ; 7A       ; RESERVED_INPUT_WITH_WEAK_PULLUP ;        ;              ;                     ; Column I/O   ;                 ; no       ; On           ;
; F14      ; 226        ; 7A       ; RESERVED_INPUT_WITH_WEAK_PULLUP ;        ;              ;                     ; Column I/O   ;                 ; no       ; On           ;
; F15      ; 217        ; 7A       ; RESERVED_INPUT_WITH_WEAK_PULLUP ;        ;              ;                     ; Column I/O   ;                 ; no       ; On           ;
; F16      ;            ;          ; GND                             ; gnd    ;              ;                     ; --           ;                 ; --       ; --           ;
; F17      ; 202        ; 7A       ; ^GND                            ;        ;              ;                     ; --           ;                 ; --       ; --           ;
; F18      ;            ;          ; NC                              ;        ;              ;                     ; --           ;                 ; --       ; --           ;
; F19      ;            ;          ; NC                              ;        ;              ;                     ; --           ;                 ; --       ; --           ;
; F20      ;            ;          ; NC                              ;        ;              ;                     ; --           ;                 ; --       ; --           ;
; F21      ;            ; 7A       ; VCCIO7A                         ; power  ;              ; 2.5V                ; --           ;                 ; --       ; --           ;
; F22      ;            ;          ; NC                              ;        ;              ;                     ; --           ;                 ; --       ; --           ;
; G1       ; 17         ; 2A       ; regs_31[27]                     ; output ; 2.5 V        ;                     ; Row I/O      ; N               ; no       ; Off          ;
; G2       ; 19         ; 2A       ; regs_31[9]                      ; output ; 2.5 V        ;                     ; Row I/O      ; N               ; no       ; Off          ;
; G3       ;            ;          ; GND                             ; gnd    ;              ;                     ; --           ;                 ; --       ; --           ;
; G4       ;            ;          ; GND                             ; gnd    ;              ;                     ; --           ;                 ; --       ; --           ;
; G5       ; 287        ; 9A       ; ^nCE                            ;        ;              ;                     ; --           ;                 ; --       ; --           ;
; G6       ; 279        ; 8A       ; regs_31[16]                     ; output ; 2.5 V        ;                     ; Column I/O   ; N               ; no       ; Off          ;
; G7       ;            ; 8A       ; VCCIO8A                         ; power  ;              ; 2.5V                ; --           ;                 ; --       ; --           ;
; G8       ; 258        ; 8A       ; regs_31[31]                     ; output ; 2.5 V        ;                     ; Column I/O   ; N               ; no       ; Off          ;
; G9       ;            ;          ; GND                             ; gnd    ;              ;                     ; --           ;                 ; --       ; --           ;
; G10      ; 251        ; 8A       ; regs_31[10]                     ; output ; 2.5 V        ;                     ; Column I/O   ; N               ; no       ; Off          ;
; G11      ; 236        ; 7A       ; RESERVED_INPUT_WITH_WEAK_PULLUP ;        ;              ;                     ; Column I/O   ;                 ; no       ; On           ;
; G12      ; 245        ; 7A       ; RESERVED_INPUT_WITH_WEAK_PULLUP ;        ;              ;                     ; Column I/O   ;                 ; no       ; On           ;
; G13      ; 237        ; 7A       ; regs_31[12]                     ; output ; 2.5 V        ;                     ; Column I/O   ; N               ; no       ; Off          ;
; G14      ;            ; 7A       ; VCCIO7A                         ; power  ;              ; 2.5V                ; --           ;                 ; --       ; --           ;
; G15      ; 224        ; 7A       ; RESERVED_INPUT_WITH_WEAK_PULLUP ;        ;              ;                     ; Column I/O   ;                 ; no       ; On           ;
; G16      ; 210        ; 7A       ; RESERVED_INPUT_WITH_WEAK_PULLUP ;        ;              ;                     ; Column I/O   ;                 ; no       ; On           ;
; G17      ; 208        ; 7A       ; RESERVED_INPUT_WITH_WEAK_PULLUP ;        ;              ;                     ; Column I/O   ;                 ; no       ; On           ;
; G18      ; 211        ; 7A       ; RESERVED_INPUT_WITH_WEAK_PULLUP ;        ;              ;                     ; Column I/O   ;                 ; no       ; On           ;
; G19      ;            ;          ; GND                             ; gnd    ;              ;                     ; --           ;                 ; --       ; --           ;
; G20      ;            ;          ; NC                              ;        ;              ;                     ; --           ;                 ; --       ; --           ;
; G21      ;            ;          ; NC                              ;        ;              ;                     ; --           ;                 ; --       ; --           ;
; G22      ;            ;          ; NC                              ;        ;              ;                     ; --           ;                 ; --       ; --           ;
; H1       ;            ;          ; GND                             ; gnd    ;              ;                     ; --           ;                 ; --       ; --           ;
; H2       ;            ;          ; GND                             ; gnd    ;              ;                     ; --           ;                 ; --       ; --           ;
; H3       ;            ;          ; GND                             ; gnd    ;              ;                     ; --           ;                 ; --       ; --           ;
; H4       ;            ;          ; GND                             ; gnd    ;              ;                     ; --           ;                 ; --       ; --           ;
; H5       ; 286        ; 9A       ; ^nSTATUS                        ;        ;              ;                     ; --           ;                 ; --       ; --           ;
; H6       ; 281        ; 8A       ; regs_31[0]                      ; output ; 2.5 V        ;                     ; Column I/O   ; N               ; no       ; Off          ;
; H7       ;            ;          ; GND                             ; gnd    ;              ;                     ; --           ;                 ; --       ; --           ;
; H8       ; 256        ; 8A       ; regs_31[2]                      ; output ; 2.5 V        ;                     ; Column I/O   ; N               ; no       ; Off          ;
; H9       ; 261        ; 8A       ; regs_31[6]                      ; output ; 2.5 V        ;                     ; Column I/O   ; N               ; no       ; Off          ;
; H10      ; 234        ; 7A       ; regs_31[21]                     ; output ; 2.5 V        ;                     ; Column I/O   ; N               ; no       ; Off          ;
; H11      ; 243        ; 7A       ; RESERVED_INPUT_WITH_WEAK_PULLUP ;        ;              ;                     ; Column I/O   ;                 ; no       ; On           ;
; H12      ;            ;          ; GND                             ; gnd    ;              ;                     ; --           ;                 ; --       ; --           ;
; H13      ; 235        ; 7A       ; RESERVED_INPUT_WITH_WEAK_PULLUP ;        ;              ;                     ; Column I/O   ;                 ; no       ; On           ;
; H14      ; 227        ; 7A       ; RESERVED_INPUT_WITH_WEAK_PULLUP ;        ;              ;                     ; Column I/O   ;                 ; no       ; On           ;
; H15      ; 221        ; 7A       ; RESERVED_INPUT_WITH_WEAK_PULLUP ;        ;              ;                     ; Column I/O   ;                 ; no       ; On           ;
; H16      ; 219        ; 7A       ; RESERVED_INPUT_WITH_WEAK_PULLUP ;        ;              ;                     ; Column I/O   ;                 ; no       ; On           ;
; H17      ;            ; 7A       ; VCCIO7A                         ; power  ;              ; 2.5V                ; --           ;                 ; --       ; --           ;
; H18      ; 213        ; 7A       ; RESERVED_INPUT_WITH_WEAK_PULLUP ;        ;              ;                     ; Column I/O   ;                 ; no       ; On           ;
; H19      ;            ; --       ; VCCA_FPLL                       ; power  ;              ; 2.5V                ; --           ;                 ; --       ; --           ;
; H20      ;            ;          ; NC                              ;        ;              ;                     ; --           ;                 ; --       ; --           ;
; H21      ;            ;          ; NC                              ;        ;              ;                     ; --           ;                 ; --       ; --           ;
; H22      ;            ;          ; GND                             ; gnd    ;              ;                     ; --           ;                 ; --       ; --           ;
; J1       ;            ; 2A       ; VCCIO2A                         ; power  ;              ; 2.5V                ; --           ;                 ; --       ; --           ;
; J2       ;            ; 1A, 2A   ; VCCPD1A2A                       ; power  ;              ; 2.5V                ; --           ;                 ; --       ; --           ;
; J3       ;            ;          ; GND                             ; gnd    ;              ;                     ; --           ;                 ; --       ; --           ;
; J4       ;            ; --       ; VCC                             ; power  ;              ; 1.1V                ; --           ;                 ; --       ; --           ;
; J5       ;            ;          ; GND                             ; gnd    ;              ;                     ; --           ;                 ; --       ; --           ;
; J6       ; 285        ; 9A       ; ^MSEL1                          ;        ;              ;                     ; --           ;                 ; --       ; --           ;
; J7       ; 255        ; 8A       ; RESERVED_INPUT_WITH_WEAK_PULLUP ;        ;              ;                     ; Column I/O   ;                 ; no       ; On           ;
; J8       ; 257        ; 8A       ; RESERVED_INPUT_WITH_WEAK_PULLUP ;        ;              ;                     ; Column I/O   ;                 ; no       ; On           ;
; J9       ; 259        ; 8A       ; RESERVED_INPUT_WITH_WEAK_PULLUP ;        ;              ;                     ; Column I/O   ;                 ; no       ; On           ;
; J10      ;            ; --       ; VCC                             ; power  ;              ; 1.1V                ; --           ;                 ; --       ; --           ;
; J11      ; 232        ; 7A       ; RESERVED_INPUT_WITH_WEAK_PULLUP ;        ;              ;                     ; Column I/O   ;                 ; no       ; On           ;
; J12      ;            ; --       ; VCC                             ; power  ;              ; 1.1V                ; --           ;                 ; --       ; --           ;
; J13      ; 229        ; 7A       ; RESERVED_INPUT_WITH_WEAK_PULLUP ;        ;              ;                     ; Column I/O   ;                 ; no       ; On           ;
; J14      ;            ; --       ; VCC                             ; power  ;              ; 1.1V                ; --           ;                 ; --       ; --           ;
; J15      ;            ;          ; GND                             ; gnd    ;              ;                     ; --           ;                 ; --       ; --           ;
; J16      ;            ; --       ; VCC                             ; power  ;              ; 1.1V                ; --           ;                 ; --       ; --           ;
; J17      ; 220        ; 7A       ; RESERVED_INPUT_WITH_WEAK_PULLUP ;        ;              ;                     ; Column I/O   ;                 ; no       ; On           ;
; J18      ; 214        ; 7A       ; RESERVED_INPUT_WITH_WEAK_PULLUP ;        ;              ;                     ; Column I/O   ;                 ; no       ; On           ;
; J19      ; 212        ; 7A       ; regs_31[23]                     ; output ; 2.5 V        ;                     ; Column I/O   ; N               ; no       ; Off          ;
; J20      ;            ;          ; GND                             ; gnd    ;              ;                     ; --           ;                 ; --       ; --           ;
; J21      ;            ;          ; NC                              ;        ;              ;                     ; --           ;                 ; --       ; --           ;
; J22      ;            ;          ; NC                              ;        ;              ;                     ; --           ;                 ; --       ; --           ;
; K1       ;            ;          ; GND                             ; gnd    ;              ;                     ; --           ;                 ; --       ; --           ;
; K2       ;            ;          ; GND                             ; gnd    ;              ;                     ; --           ;                 ; --       ; --           ;
; K3       ;            ; --       ; VCC                             ; power  ;              ; 1.1V                ; --           ;                 ; --       ; --           ;
; K4       ;            ;          ; GND                             ; gnd    ;              ;                     ; --           ;                 ; --       ; --           ;
; K5       ;            ; --       ; VCC                             ; power  ;              ; 1.1V                ; --           ;                 ; --       ; --           ;
; K6       ; 284        ; 9A       ; ^CONF_DONE                      ;        ;              ;                     ; --           ;                 ; --       ; --           ;
; K7       ; 254        ; 8A       ; RESERVED_INPUT_WITH_WEAK_PULLUP ;        ;              ;                     ; Column I/O   ;                 ; no       ; On           ;
; K8       ;            ;          ; GND                             ; gnd    ;              ;                     ; --           ;                 ; --       ; --           ;
; K9       ; 246        ; 7A       ; regs_31[1]                      ; output ; 2.5 V        ;                     ; Column I/O   ; N               ; no       ; Off          ;
; K10      ;            ;          ; GND                             ; gnd    ;              ;                     ; --           ;                 ; --       ; --           ;
; K11      ;            ; --       ; VCC                             ; power  ;              ; 1.1V                ; --           ;                 ; --       ; --           ;
; K12      ;            ;          ; GND                             ; gnd    ;              ;                     ; --           ;                 ; --       ; --           ;
; K13      ;            ; --       ; VCC                             ; power  ;              ; 1.1V                ; --           ;                 ; --       ; --           ;
; K14      ;            ;          ; GND                             ; gnd    ;              ;                     ; --           ;                 ; --       ; --           ;
; K15      ;            ; --       ; VCC                             ; power  ;              ; 1.1V                ; --           ;                 ; --       ; --           ;
; K16      ; 222        ; 7A       ; RESERVED_INPUT_WITH_WEAK_PULLUP ;        ;              ;                     ; Column I/O   ;                 ; no       ; On           ;
; K17      ; 178        ; 5B       ; RESERVED_INPUT_WITH_WEAK_PULLUP ;        ;              ;                     ; Row I/O      ;                 ; no       ; On           ;
; K18      ;            ; 5B       ; VCCIO5B                         ; power  ;              ; 2.5V                ; --           ;                 ; --       ; --           ;
; K19      ; 205        ; 7A       ; RESERVED_INPUT_WITH_WEAK_PULLUP ;        ;              ;                     ; Column I/O   ;                 ; no       ; On           ;
; K20      ; 203        ; 7A       ; RESERVED_INPUT_WITH_WEAK_PULLUP ;        ;              ;                     ; Column I/O   ;                 ; no       ; On           ;
; K21      ; 183        ; 5B       ; RESERVED_INPUT_WITH_WEAK_PULLUP ;        ;              ;                     ; Row I/O      ;                 ; no       ; On           ;
; K22      ; 185        ; 5B       ; RESERVED_INPUT_WITH_WEAK_PULLUP ;        ;              ;                     ; Row I/O      ;                 ; no       ; On           ;
; L1       ; 21         ; 2A       ; regs_31[20]                     ; output ; 2.5 V        ;                     ; Row I/O      ; N               ; no       ; Off          ;
; L2       ; 23         ; 2A       ; regs_31[19]                     ; output ; 2.5 V        ;                     ; Row I/O      ; N               ; no       ; Off          ;
; L3       ;            ;          ; GND                             ; gnd    ;              ;                     ; --           ;                 ; --       ; --           ;
; L4       ;            ; --       ; VCC                             ; power  ;              ; 1.1V                ; --           ;                 ; --       ; --           ;
; L5       ;            ;          ; GND                             ; gnd    ;              ;                     ; --           ;                 ; --       ; --           ;
; L6       ; 283        ; 9A       ; ^MSEL0                          ;        ;              ;                     ; --           ;                 ; --       ; --           ;
; L7       ; 252        ; 8A       ; RESERVED_INPUT_WITH_WEAK_PULLUP ;        ;              ;                     ; Column I/O   ;                 ; no       ; On           ;
; L8       ; 244        ; 7A       ; regs_31[3]                      ; output ; 2.5 V        ;                     ; Column I/O   ; N               ; no       ; Off          ;
; L9       ;            ;          ; DNU                             ;        ;              ;                     ; --           ;                 ; --       ; --           ;
; L10      ;            ; --       ; VCC                             ; power  ;              ; 1.1V                ; --           ;                 ; --       ; --           ;
; L11      ;            ;          ; GND                             ; gnd    ;              ;                     ; --           ;                 ; --       ; --           ;
; L12      ;            ; --       ; VCC                             ; power  ;              ; 1.1V                ; --           ;                 ; --       ; --           ;
; L13      ;            ;          ; GND                             ; gnd    ;              ;                     ; --           ;                 ; --       ; --           ;
; L14      ;            ; --       ; VCC                             ; power  ;              ; 1.1V                ; --           ;                 ; --       ; --           ;
; L15      ;            ;          ; GND                             ; gnd    ;              ;                     ; --           ;                 ; --       ; --           ;
; L16      ;            ; --       ; VCC                             ; power  ;              ; 1.1V                ; --           ;                 ; --       ; --           ;
; L17      ; 180        ; 5B       ; RESERVED_INPUT_WITH_WEAK_PULLUP ;        ;              ;                     ; Row I/O      ;                 ; no       ; On           ;
; L18      ; 184        ; 5B       ; RESERVED_INPUT_WITH_WEAK_PULLUP ;        ;              ;                     ; Row I/O      ;                 ; no       ; On           ;
; L19      ; 182        ; 5B       ; RESERVED_INPUT_WITH_WEAK_PULLUP ;        ;              ;                     ; Row I/O      ;                 ; no       ; On           ;
; L20      ;            ; 5B       ; VREFB5BN0                       ; power  ;              ;                     ; --           ;                 ; --       ; --           ;
; L21      ;            ;          ; GND                             ; gnd    ;              ;                     ; --           ;                 ; --       ; --           ;
; L22      ; 177        ; 5B       ; RESERVED_INPUT_WITH_WEAK_PULLUP ;        ;              ;                     ; Row I/O      ;                 ; no       ; On           ;
; M1       ;            ;          ; GND                             ; gnd    ;              ;                     ; --           ;                 ; --       ; --           ;
; M2       ;            ;          ; GND                             ; gnd    ;              ;                     ; --           ;                 ; --       ; --           ;
; M3       ;            ; --       ; VCCA_FPLL                       ; power  ;              ; 2.5V                ; --           ;                 ; --       ; --           ;
; M4       ;            ;          ; GND                             ; gnd    ;              ;                     ; --           ;                 ; --       ; --           ;
; M5       ; 48         ; 3A       ; #TDO                            ; output ;              ;                     ; --           ;                 ; --       ; --           ;
; M6       ; 70         ; 3A       ; RESERVED_INPUT_WITH_WEAK_PULLUP ;        ;              ;                     ; Column I/O   ;                 ; no       ; On           ;
; M7       ; 72         ; 3A       ; regs_31[25]                     ; output ; 2.5 V        ;                     ; Column I/O   ; N               ; no       ; Off          ;
; M8       ; 86         ; 3B       ; RESERVED_INPUT_WITH_WEAK_PULLUP ;        ;              ;                     ; Column I/O   ;                 ; no       ; On           ;
; M9       ; 88         ; 3B       ; RESERVED_INPUT_WITH_WEAK_PULLUP ;        ;              ;                     ; Column I/O   ;                 ; no       ; On           ;
; M10      ;            ;          ; GND                             ; gnd    ;              ;                     ; --           ;                 ; --       ; --           ;
; M11      ;            ; --       ; VCC                             ; power  ;              ; 1.1V                ; --           ;                 ; --       ; --           ;
; M12      ;            ;          ; GND                             ; gnd    ;              ;                     ; --           ;                 ; --       ; --           ;
; M13      ;            ; --       ; VCC                             ; power  ;              ; 1.1V                ; --           ;                 ; --       ; --           ;
; M14      ;            ;          ; GND                             ; gnd    ;              ;                     ; --           ;                 ; --       ; --           ;
; M15      ;            ; --       ; VCC                             ; power  ;              ; 1.1V                ; --           ;                 ; --       ; --           ;
; M16      ; 172        ; 5B       ; clk                             ; input  ; 2.5 V        ;                     ; Row I/O      ; N               ; no       ; Off          ;
; M17      ;            ; 5B       ; VCCPD5B                         ; power  ;              ; 2.5V                ; --           ;                 ; --       ; --           ;
; M18      ; 176        ; 5B       ; RESERVED_INPUT_WITH_WEAK_PULLUP ;        ;              ;                     ; Row I/O      ;                 ; no       ; On           ;
; M19      ;            ; 5B       ; VCCIO5B                         ; power  ;              ; 2.5V                ; --           ;                 ; --       ; --           ;
; M20      ; 179        ; 5B       ; RESERVED_INPUT_WITH_WEAK_PULLUP ;        ;              ;                     ; Row I/O      ;                 ; no       ; On           ;
; M21      ; 181        ; 5B       ; regs_31[5]                      ; output ; 2.5 V        ;                     ; Row I/O      ; N               ; no       ; Off          ;
; M22      ; 175        ; 5B       ; RESERVED_INPUT_WITH_WEAK_PULLUP ;        ;              ;                     ; Row I/O      ;                 ; no       ; On           ;
; N1       ; 24         ; 2A       ; RESERVED_INPUT_WITH_WEAK_PULLUP ;        ;              ;                     ; Row I/O      ;                 ; no       ; On           ;
; N2       ; 26         ; 2A       ; RESERVED_INPUT_WITH_WEAK_PULLUP ;        ;              ;                     ; Row I/O      ;                 ; no       ; On           ;
; N3       ;            ;          ; GND                             ; gnd    ;              ;                     ; --           ;                 ; --       ; --           ;
; N4       ;            ; --       ; VCC                             ; power  ;              ; 1.1V                ; --           ;                 ; --       ; --           ;
; N5       ;            ;          ; GND                             ; gnd    ;              ;                     ; --           ;                 ; --       ; --           ;
; N6       ; 64         ; 3A       ; RESERVED_INPUT_WITH_WEAK_PULLUP ;        ;              ;                     ; Column I/O   ;                 ; no       ; On           ;
; N7       ;            ;          ; GND                             ; gnd    ;              ;                     ; --           ;                 ; --       ; --           ;
; N8       ; 80         ; 3B       ; RESERVED_INPUT_WITH_WEAK_PULLUP ;        ;              ;                     ; Column I/O   ;                 ; no       ; On           ;
; N9       ; 104        ; 3B       ; RESERVED_INPUT_WITH_WEAK_PULLUP ;        ;              ;                     ; Column I/O   ;                 ; no       ; On           ;
; N10      ;            ; --       ; VCC                             ; power  ;              ; 1.1V                ; --           ;                 ; --       ; --           ;
; N11      ;            ;          ; GND                             ; gnd    ;              ;                     ; --           ;                 ; --       ; --           ;
; N12      ;            ; --       ; VCC                             ; power  ;              ; 1.1V                ; --           ;                 ; --       ; --           ;
; N13      ;            ;          ; GND                             ; gnd    ;              ;                     ; --           ;                 ; --       ; --           ;
; N14      ;            ; --       ; VCC                             ; power  ;              ; 1.1V                ; --           ;                 ; --       ; --           ;
; N15      ;            ;          ; GND                             ; gnd    ;              ;                     ; --           ;                 ; --       ; --           ;
; N16      ; 170        ; 5B       ; RESERVED_INPUT_WITH_WEAK_PULLUP ;        ;              ;                     ; Row I/O      ;                 ; no       ; On           ;
; N17      ;            ;          ; GND                             ; gnd    ;              ;                     ; --           ;                 ; --       ; --           ;
; N18      ;            ; 5B       ; VCCPD5B                         ; power  ;              ; 2.5V                ; --           ;                 ; --       ; --           ;
; N19      ; 174        ; 5B       ; RESERVED_INPUT_WITH_WEAK_PULLUP ;        ;              ;                     ; Row I/O      ;                 ; no       ; On           ;
; N20      ; 171        ; 5B       ; RESERVED_INPUT_WITH_WEAK_PULLUP ;        ;              ;                     ; Row I/O      ;                 ; no       ; On           ;
; N21      ; 173        ; 5B       ; RESERVED_INPUT_WITH_WEAK_PULLUP ;        ;              ;                     ; Row I/O      ;                 ; no       ; On           ;
; N22      ;            ;          ; GND                             ; gnd    ;              ;                     ; --           ;                 ; --       ; --           ;
; P1       ;            ;          ; GND                             ; gnd    ;              ;                     ; --           ;                 ; --       ; --           ;
; P2       ;            ;          ; GND                             ; gnd    ;              ;                     ; --           ;                 ; --       ; --           ;
; P3       ;            ; --       ; VCC                             ; power  ;              ; 1.1V                ; --           ;                 ; --       ; --           ;
; P4       ;            ;          ; GND                             ; gnd    ;              ;                     ; --           ;                 ; --       ; --           ;
; P5       ; 50         ; 3A       ; #TMS                            ; input  ;              ;                     ; --           ;                 ; --       ; --           ;
; P6       ; 62         ; 3A       ; RESERVED_INPUT_WITH_WEAK_PULLUP ;        ;              ;                     ; Column I/O   ;                 ; no       ; On           ;
; P7       ; 73         ; 3A       ; RESERVED_INPUT_WITH_WEAK_PULLUP ;        ;              ;                     ; Column I/O   ;                 ; no       ; On           ;
; P8       ; 78         ; 3B       ; RESERVED_INPUT_WITH_WEAK_PULLUP ;        ;              ;                     ; Column I/O   ;                 ; no       ; On           ;
; P9       ; 102        ; 3B       ; RESERVED_INPUT_WITH_WEAK_PULLUP ;        ;              ;                     ; Column I/O   ;                 ; no       ; On           ;
; P10      ;            ;          ; GND                             ; gnd    ;              ;                     ; --           ;                 ; --       ; --           ;
; P11      ;            ; --       ; VCC                             ; power  ;              ; 1.1V                ; --           ;                 ; --       ; --           ;
; P12      ; 97         ; 3B       ; RESERVED_INPUT_WITH_WEAK_PULLUP ;        ;              ;                     ; Column I/O   ;                 ; no       ; On           ;
; P13      ;            ; --       ; VCC                             ; power  ;              ; 1.1V                ; --           ;                 ; --       ; --           ;
; P14      ; 142        ; 4A       ; RESERVED_INPUT_WITH_WEAK_PULLUP ;        ;              ;                     ; Column I/O   ;                 ; no       ; On           ;
; P15      ;            ; --       ; VCC                             ; power  ;              ; 1.1V                ; --           ;                 ; --       ; --           ;
; P16      ; 167        ; 5A       ; RESERVED_INPUT_WITH_WEAK_PULLUP ;        ;              ;                     ; Row I/O      ;                 ; no       ; On           ;
; P17      ; 169        ; 5A       ; RESERVED_INPUT_WITH_WEAK_PULLUP ;        ;              ;                     ; Row I/O      ;                 ; no       ; On           ;
; P18      ; 168        ; 5A       ; RESERVED_INPUT_WITH_WEAK_PULLUP ;        ;              ;                     ; Row I/O      ;                 ; no       ; On           ;
; P19      ; 166        ; 5A       ; RESERVED_INPUT_WITH_WEAK_PULLUP ;        ;              ;                     ; Row I/O      ;                 ; no       ; On           ;
; P20      ;            ; 5A       ; VCCIO5A                         ; power  ;              ; 2.5V                ; --           ;                 ; --       ; --           ;
; P21      ;            ; 5A       ; VCCPD5A                         ; power  ;              ; 2.5V                ; --           ;                 ; --       ; --           ;
; P22      ; 164        ; 5A       ; RESERVED_INPUT_WITH_WEAK_PULLUP ;        ;              ;                     ; Row I/O      ;                 ; no       ; On           ;
; R1       ;            ; 2A       ; VCCIO2A                         ; power  ;              ; 2.5V                ; --           ;                 ; --       ; --           ;
; R2       ;            ; 1A, 2A   ; VCCPD1A2A                       ; power  ;              ; 2.5V                ; --           ;                 ; --       ; --           ;
; R3       ;            ;          ; GND                             ; gnd    ;              ;                     ; --           ;                 ; --       ; --           ;
; R4       ; 49         ; 3A       ; ^nCSO, DATA4                    ;        ;              ;                     ; Weak Pull Up ;                 ; --       ; On           ;
; R5       ; 60         ; 3A       ; RESERVED_INPUT_WITH_WEAK_PULLUP ;        ;              ;                     ; Column I/O   ;                 ; no       ; On           ;
; R6       ; 58         ; 3A       ; RESERVED_INPUT_WITH_WEAK_PULLUP ;        ;              ;                     ; Column I/O   ;                 ; no       ; On           ;
; R7       ; 71         ; 3A       ; RESERVED_INPUT_WITH_WEAK_PULLUP ;        ;              ;                     ; Column I/O   ;                 ; no       ; On           ;
; R8       ;            ; 3B       ; VCCIO3B                         ; power  ;              ; 2.5V                ; --           ;                 ; --       ; --           ;
; R9       ; 93         ; 3B       ; regs_31[8]                      ; output ; 2.5 V        ;                     ; Column I/O   ; N               ; no       ; Off          ;
; R10      ; 99         ; 3B       ; RESERVED_INPUT_WITH_WEAK_PULLUP ;        ;              ;                     ; Column I/O   ;                 ; no       ; On           ;
; R11      ; 101        ; 3B       ; RESERVED_INPUT_WITH_WEAK_PULLUP ;        ;              ;                     ; Column I/O   ;                 ; no       ; On           ;
; R12      ; 95         ; 3B       ; RESERVED_INPUT_WITH_WEAK_PULLUP ;        ;              ;                     ; Column I/O   ;                 ; no       ; On           ;
; R13      ;            ;          ; GND                             ; gnd    ;              ;                     ; --           ;                 ; --       ; --           ;
; R14      ; 144        ; 4A       ; RESERVED_INPUT_WITH_WEAK_PULLUP ;        ;              ;                     ; Column I/O   ;                 ; no       ; On           ;
; R15      ; 161        ; 5A       ; RESERVED_INPUT_WITH_WEAK_PULLUP ;        ;              ;                     ; Row I/O      ;                 ; no       ; On           ;
; R16      ; 163        ; 5A       ; RESERVED_INPUT_WITH_WEAK_PULLUP ;        ;              ;                     ; Row I/O      ;                 ; no       ; On           ;
; R17      ; 165        ; 5A       ; RESERVED_INPUT_WITH_WEAK_PULLUP ;        ;              ;                     ; Row I/O      ;                 ; no       ; On           ;
; R18      ;            ; 5A       ; VCCIO5A                         ; power  ;              ; 2.5V                ; --           ;                 ; --       ; --           ;
; R19      ;            ; --       ; VCCPGM                          ; power  ;              ; 1.8V/2.5V/3.0V/3.3V ; --           ;                 ; --       ; --           ;
; R20      ;            ; 5A       ; VREFB5AN0                       ; power  ;              ;                     ; --           ;                 ; --       ; --           ;
; R21      ; 162        ; 5A       ; RESERVED_INPUT_WITH_WEAK_PULLUP ;        ;              ;                     ; Row I/O      ;                 ; no       ; On           ;
; R22      ; 160        ; 5A       ; RESERVED_INPUT_WITH_WEAK_PULLUP ;        ;              ;                     ; Row I/O      ;                 ; no       ; On           ;
; T1       ;            ;          ; GND                             ; gnd    ;              ;                     ; --           ;                 ; --       ; --           ;
; T2       ;            ;          ; GND                             ; gnd    ;              ;                     ; --           ;                 ; --       ; --           ;
; T3       ;            ; --       ; VCCA_FPLL                       ; power  ;              ; 2.5V                ; --           ;                 ; --       ; --           ;
; T4       ; 51         ; 3A       ; ^AS_DATA3, DATA3                ;        ;              ;                     ; Weak Pull Up ;                 ; --       ; On           ;
; T5       ;            ; --       ; VCCA_FPLL                       ; power  ;              ; 2.5V                ; --           ;                 ; --       ; --           ;
; T6       ;            ; 3A       ; VCCIO3A                         ; power  ;              ; 2.5V                ; --           ;                 ; --       ; --           ;
; T7       ; 66         ; 3A       ; RESERVED_INPUT_WITH_WEAK_PULLUP ;        ;              ;                     ; Column I/O   ;                 ; no       ; On           ;
; T8       ; 68         ; 3A       ; RESERVED_INPUT_WITH_WEAK_PULLUP ;        ;              ;                     ; Column I/O   ;                 ; no       ; On           ;
; T9       ; 83         ; 3B       ; RESERVED_INPUT_WITH_WEAK_PULLUP ;        ;              ;                     ; Column I/O   ;                 ; no       ; On           ;
; T10      ; 91         ; 3B       ; RESERVED_INPUT_WITH_WEAK_PULLUP ;        ;              ;                     ; Column I/O   ;                 ; no       ; On           ;
; T11      ;            ; 3B       ; VCCIO3B                         ; power  ;              ; 2.5V                ; --           ;                 ; --       ; --           ;
; T12      ; 110        ; 4A       ; RESERVED_INPUT_WITH_WEAK_PULLUP ;        ;              ;                     ; Column I/O   ;                 ; no       ; On           ;
; T13      ; 112        ; 4A       ; RESERVED_INPUT_WITH_WEAK_PULLUP ;        ;              ;                     ; Column I/O   ;                 ; no       ; On           ;
; T14      ; 126        ; 4A       ; RESERVED_INPUT_WITH_WEAK_PULLUP ;        ;              ;                     ; Column I/O   ;                 ; no       ; On           ;
; T15      ; 159        ; 5A       ; RESERVED_INPUT_WITH_WEAK_PULLUP ;        ;              ;                     ; Row I/O      ;                 ; no       ; On           ;
; T16      ;            ;          ; GND                             ; gnd    ;              ;                     ; --           ;                 ; --       ; --           ;
; T17      ; 157        ; 5A       ; RESERVED_INPUT_WITH_WEAK_PULLUP ;        ;              ;                     ; Row I/O      ;                 ; no       ; On           ;
; T18      ; 155        ; 5A       ; RESERVED_INPUT_WITH_WEAK_PULLUP ;        ;              ;                     ; Row I/O      ;                 ; no       ; On           ;
; T19      ; 154        ; 5A       ; RESERVED_INPUT_WITH_WEAK_PULLUP ;        ;              ;                     ; Row I/O      ;                 ; no       ; On           ;
; T20      ; 156        ; 5A       ; RESERVED_INPUT_WITH_WEAK_PULLUP ;        ;              ;                     ; Row I/O      ;                 ; no       ; On           ;
; T21      ;            ;          ; GND                             ; gnd    ;              ;                     ; --           ;                 ; --       ; --           ;
; T22      ; 158        ; 5A       ; RESERVED_INPUT_WITH_WEAK_PULLUP ;        ;              ;                     ; Row I/O      ;                 ; no       ; On           ;
; U1       ; 25         ; 2A       ; RESERVED_INPUT_WITH_WEAK_PULLUP ;        ;              ;                     ; Row I/O      ;                 ; no       ; On           ;
; U2       ; 27         ; 2A       ; RESERVED_INPUT_WITH_WEAK_PULLUP ;        ;              ;                     ; Row I/O      ;                 ; no       ; On           ;
; U3       ;            ;          ; GND                             ; gnd    ;              ;                     ; --           ;                 ; --       ; --           ;
; U4       ;            ;          ; GND                             ; gnd    ;              ;                     ; --           ;                 ; --       ; --           ;
; U5       ;            ;          ; GND                             ; gnd    ;              ;                     ; --           ;                 ; --       ; --           ;
; U6       ; 67         ; 3A       ; RESERVED_INPUT_WITH_WEAK_PULLUP ;        ;              ;                     ; Column I/O   ;                 ; no       ; On           ;
; U7       ; 59         ; 3A       ; RESERVED_INPUT_WITH_WEAK_PULLUP ;        ;              ;                     ; Column I/O   ;                 ; no       ; On           ;
; U8       ; 61         ; 3A       ; RESERVED_INPUT_WITH_WEAK_PULLUP ;        ;              ;                     ; Column I/O   ;                 ; no       ; On           ;
; U9       ;            ;          ; GND                             ; gnd    ;              ;                     ; --           ;                 ; --       ; --           ;
; U10      ; 85         ; 3B       ; RESERVED_INPUT_WITH_WEAK_PULLUP ;        ;              ;                     ; Column I/O   ;                 ; no       ; On           ;
; U11      ; 94         ; 3B       ; RESERVED_INPUT_WITH_WEAK_PULLUP ;        ;              ;                     ; Column I/O   ;                 ; no       ; On           ;
; U12      ; 96         ; 3B       ; RESERVED_INPUT_WITH_WEAK_PULLUP ;        ;              ;                     ; Column I/O   ;                 ; no       ; On           ;
; U13      ; 109        ; 4A       ; RESERVED_INPUT_WITH_WEAK_PULLUP ;        ;              ;                     ; Column I/O   ;                 ; no       ; On           ;
; U14      ;            ; 4A       ; VCCIO4A                         ; power  ;              ; 2.5V                ; --           ;                 ; --       ; --           ;
; U15      ; 128        ; 4A       ; RESERVED_INPUT_WITH_WEAK_PULLUP ;        ;              ;                     ; Column I/O   ;                 ; no       ; On           ;
; U16      ; 150        ; 4A       ; RESERVED_INPUT_WITH_WEAK_PULLUP ;        ;              ;                     ; Column I/O   ;                 ; no       ; On           ;
; U17      ; 152        ; 4A       ; RESERVED_INPUT_WITH_WEAK_PULLUP ;        ;              ;                     ; Column I/O   ;                 ; no       ; On           ;
; U18      ;            ; --       ; VCCA_FPLL                       ; power  ;              ; 2.5V                ; --           ;                 ; --       ; --           ;
; U19      ;            ; 4A       ; VCCIO4A                         ; power  ;              ; 2.5V                ; --           ;                 ; --       ; --           ;
; U20      ; 153        ; 4A       ; RESERVED_INPUT_WITH_WEAK_PULLUP ;        ;              ;                     ; Column I/O   ;                 ; no       ; On           ;
; U21      ; 151        ; 4A       ; RESERVED_INPUT_WITH_WEAK_PULLUP ;        ;              ;                     ; Column I/O   ;                 ; no       ; On           ;
; U22      ; 146        ; 4A       ; RESERVED_INPUT_WITH_WEAK_PULLUP ;        ;              ;                     ; Column I/O   ;                 ; no       ; On           ;
; V1       ;            ;          ; GND                             ; gnd    ;              ;                     ; --           ;                 ; --       ; --           ;
; V2       ;            ;          ; GND                             ; gnd    ;              ;                     ; --           ;                 ; --       ; --           ;
; V3       ; 56         ; 3A       ; ^DCLK                           ;        ;              ;                     ; Weak Pull Up ;                 ; --       ; On           ;
; V4       ;            ;          ; GND                             ; gnd    ;              ;                     ; --           ;                 ; --       ; --           ;
; V5       ; 52         ; 3A       ; #TCK                            ; input  ;              ;                     ; --           ;                 ; --       ; --           ;
; V6       ; 69         ; 3A       ; RESERVED_INPUT_WITH_WEAK_PULLUP ;        ;              ;                     ; Column I/O   ;                 ; no       ; On           ;
; V7       ;            ;          ; GND                             ; gnd    ;              ;                     ; --           ;                 ; --       ; --           ;
; V8       ;            ; --       ; VCCPGM                          ; power  ;              ; 1.8V/2.5V/3.0V/3.3V ; --           ;                 ; --       ; --           ;
; V9       ; 75         ; 3B       ; RESERVED_INPUT_WITH_WEAK_PULLUP ;        ;              ;                     ; Column I/O   ;                 ; no       ; On           ;
; V10      ; 77         ; 3B       ; RESERVED_INPUT_WITH_WEAK_PULLUP ;        ;              ;                     ; Column I/O   ;                 ; no       ; On           ;
; V11      ;            ;          ; NC                              ;        ;              ;                     ; --           ;                 ; --       ; --           ;
; V12      ;            ;          ; GND                             ; gnd    ;              ;                     ; --           ;                 ; --       ; --           ;
; V13      ; 107        ; 4A       ; RESERVED_INPUT_WITH_WEAK_PULLUP ;        ;              ;                     ; Column I/O   ;                 ; no       ; On           ;
; V14      ; 118        ; 4A       ; RESERVED_INPUT_WITH_WEAK_PULLUP ;        ;              ;                     ; Column I/O   ;                 ; no       ; On           ;
; V15      ; 120        ; 4A       ; RESERVED_INPUT_WITH_WEAK_PULLUP ;        ;              ;                     ; Column I/O   ;                 ; no       ; On           ;
; V16      ; 134        ; 4A       ; RESERVED_INPUT_WITH_WEAK_PULLUP ;        ;              ;                     ; Column I/O   ;                 ; no       ; On           ;
; V17      ;            ;          ; GND                             ; gnd    ;              ;                     ; --           ;                 ; --       ; --           ;
; V18      ; 149        ; 4A       ; RESERVED_INPUT_WITH_WEAK_PULLUP ;        ;              ;                     ; Column I/O   ;                 ; no       ; On           ;
; V19      ; 147        ; 4A       ; RESERVED_INPUT_WITH_WEAK_PULLUP ;        ;              ;                     ; Column I/O   ;                 ; no       ; On           ;
; V20      ; 131        ; 4A       ; RESERVED_INPUT_WITH_WEAK_PULLUP ;        ;              ;                     ; Column I/O   ;                 ; no       ; On           ;
; V21      ; 148        ; 4A       ; RESERVED_INPUT_WITH_WEAK_PULLUP ;        ;              ;                     ; Column I/O   ;                 ; no       ; On           ;
; V22      ;            ;          ; GND                             ; gnd    ;              ;                     ; --           ;                 ; --       ; --           ;
; W1       ;            ; 2A       ; VREFB2AN0                       ; power  ;              ;                     ; --           ;                 ; --       ; --           ;
; W2       ; 28         ; 2A       ; RESERVED_INPUT_WITH_WEAK_PULLUP ;        ;              ;                     ; Row I/O      ;                 ; no       ; On           ;
; W3       ;            ;          ; GND                             ; gnd    ;              ;                     ; --           ;                 ; --       ; --           ;
; W4       ;            ;          ; GND                             ; gnd    ;              ;                     ; --           ;                 ; --       ; --           ;
; W5       ; 54         ; 3A       ; #TDI                            ; input  ;              ;                     ; --           ;                 ; --       ; --           ;
; W6       ;            ; 3A       ; VCCPD3A                         ; power  ;              ; 2.5V                ; --           ;                 ; --       ; --           ;
; W7       ;            ; --       ; VCC_AUX                         ; power  ;              ; 2.5V                ; --           ;                 ; --       ; --           ;
; W8       ; 63         ; 3A       ; RESERVED_INPUT_WITH_WEAK_PULLUP ;        ;              ;                     ; Column I/O   ;                 ; no       ; On           ;
; W9       ; 65         ; 3A       ; RESERVED_INPUT_WITH_WEAK_PULLUP ;        ;              ;                     ; Column I/O   ;                 ; no       ; On           ;
; W10      ;            ; 3B       ; VCCIO3B                         ; power  ;              ; 2.5V                ; --           ;                 ; --       ; --           ;
; W11      ;            ; 3B, 4A   ; VCCPD3B4A                       ; power  ;              ; 2.5V                ; --           ;                 ; --       ; --           ;
; W12      ;            ; 3B, 4A   ; VCCPD3B4A                       ; power  ;              ; 2.5V                ; --           ;                 ; --       ; --           ;
; W13      ;            ; --       ; VCC_AUX                         ; power  ;              ; 2.5V                ; --           ;                 ; --       ; --           ;
; W14      ;            ; 3B, 4A   ; VCCPD3B4A                       ; power  ;              ; 2.5V                ; --           ;                 ; --       ; --           ;
; W15      ;            ; 4A       ; VCCIO4A                         ; power  ;              ; 2.5V                ; --           ;                 ; --       ; --           ;
; W16      ; 136        ; 4A       ; RESERVED_INPUT_WITH_WEAK_PULLUP ;        ;              ;                     ; Column I/O   ;                 ; no       ; On           ;
; W17      ;            ; 3B, 4A   ; VCCPD3B4A                       ; power  ;              ; 2.5V                ; --           ;                 ; --       ; --           ;
; W18      ;            ; --       ; VCC_AUX                         ; power  ;              ; 2.5V                ; --           ;                 ; --       ; --           ;
; W19      ; 133        ; 4A       ; RESERVED_INPUT_WITH_WEAK_PULLUP ;        ;              ;                     ; Column I/O   ;                 ; no       ; On           ;
; W20      ;            ; 4A       ; VCCIO4A                         ; power  ;              ; 2.5V                ; --           ;                 ; --       ; --           ;
; W21      ; 145        ; 4A       ; RESERVED_INPUT_WITH_WEAK_PULLUP ;        ;              ;                     ; Column I/O   ;                 ; no       ; On           ;
; W22      ; 140        ; 4A       ; RESERVED_INPUT_WITH_WEAK_PULLUP ;        ;              ;                     ; Column I/O   ;                 ; no       ; On           ;
; Y1       ;            ;          ; GND                             ; gnd    ;              ;                     ; --           ;                 ; --       ; --           ;
; Y2       ;            ;          ; GND                             ; gnd    ;              ;                     ; --           ;                 ; --       ; --           ;
; Y3       ; 30         ; 2A       ; regs_31[24]                     ; output ; 2.5 V        ;                     ; Row I/O      ; N               ; no       ; Off          ;
; Y4       ;            ; 2A       ; VCCIO2A                         ; power  ;              ; 2.5V                ; --           ;                 ; --       ; --           ;
; Y5       ;            ;          ; GND                             ; gnd    ;              ;                     ; --           ;                 ; --       ; --           ;
; Y6       ;            ;          ; NC                              ;        ;              ;                     ; --           ;                 ; --       ; --           ;
; Y7       ;            ; 3A       ; VREFB3AN0                       ; power  ;              ;                     ; --           ;                 ; --       ; --           ;
; Y8       ;            ; 3A       ; VCCIO3A                         ; power  ;              ; 2.5V                ; --           ;                 ; --       ; --           ;
; Y9       ; 92         ; 3B       ; regs_31[4]                      ; output ; 2.5 V        ;                     ; Column I/O   ; N               ; no       ; Off          ;
; Y10      ; 90         ; 3B       ; RESERVED_INPUT_WITH_WEAK_PULLUP ;        ;              ;                     ; Column I/O   ;                 ; no       ; On           ;
; Y11      ; 103        ; 3B       ; RESERVED_INPUT_WITH_WEAK_PULLUP ;        ;              ;                     ; Column I/O   ;                 ; no       ; On           ;
; Y12      ;            ; 3B       ; VREFB3BN0                       ; power  ;              ;                     ; --           ;                 ; --       ; --           ;
; Y13      ;            ; 3B       ; VCCIO3B                         ; power  ;              ; 2.5V                ; --           ;                 ; --       ; --           ;
; Y14      ; 115        ; 4A       ; RESERVED_INPUT_WITH_WEAK_PULLUP ;        ;              ;                     ; Column I/O   ;                 ; no       ; On           ;
; Y15      ; 117        ; 4A       ; RESERVED_INPUT_WITH_WEAK_PULLUP ;        ;              ;                     ; Column I/O   ;                 ; no       ; On           ;
; Y16      ; 123        ; 4A       ; RESERVED_INPUT_WITH_WEAK_PULLUP ;        ;              ;                     ; Column I/O   ;                 ; no       ; On           ;
; Y17      ; 125        ; 4A       ; RESERVED_INPUT_WITH_WEAK_PULLUP ;        ;              ;                     ; Column I/O   ;                 ; no       ; On           ;
; Y18      ;            ;          ; GND                             ; gnd    ;              ;                     ; --           ;                 ; --       ; --           ;
; Y19      ; 141        ; 4A       ; RESERVED_INPUT_WITH_WEAK_PULLUP ;        ;              ;                     ; Column I/O   ;                 ; no       ; On           ;
; Y20      ; 139        ; 4A       ; RESERVED_INPUT_WITH_WEAK_PULLUP ;        ;              ;                     ; Column I/O   ;                 ; no       ; On           ;
; Y21      ; 143        ; 4A       ; RESERVED_INPUT_WITH_WEAK_PULLUP ;        ;              ;                     ; Column I/O   ;                 ; no       ; On           ;
; Y22      ; 138        ; 4A       ; RESERVED_INPUT_WITH_WEAK_PULLUP ;        ;              ;                     ; Column I/O   ;                 ; no       ; On           ;
+----------+------------+----------+---------------------------------+--------+--------------+---------------------+--------------+-----------------+----------+--------------+
Note: Pin directions (input, output or bidir) are based on device operating in user mode.


+---------------------------------------------+
; I/O Assignment Warnings                     ;
+-------------+-------------------------------+
; Pin Name    ; Reason                        ;
+-------------+-------------------------------+
; regs_31[0]  ; Incomplete set of assignments ;
; regs_31[1]  ; Incomplete set of assignments ;
; regs_31[2]  ; Incomplete set of assignments ;
; regs_31[3]  ; Incomplete set of assignments ;
; regs_31[4]  ; Incomplete set of assignments ;
; regs_31[5]  ; Incomplete set of assignments ;
; regs_31[6]  ; Incomplete set of assignments ;
; regs_31[7]  ; Incomplete set of assignments ;
; regs_31[8]  ; Incomplete set of assignments ;
; regs_31[9]  ; Incomplete set of assignments ;
; regs_31[10] ; Incomplete set of assignments ;
; regs_31[11] ; Incomplete set of assignments ;
; regs_31[12] ; Incomplete set of assignments ;
; regs_31[13] ; Incomplete set of assignments ;
; regs_31[14] ; Incomplete set of assignments ;
; regs_31[15] ; Incomplete set of assignments ;
; regs_31[16] ; Incomplete set of assignments ;
; regs_31[17] ; Incomplete set of assignments ;
; regs_31[18] ; Incomplete set of assignments ;
; regs_31[19] ; Incomplete set of assignments ;
; regs_31[20] ; Incomplete set of assignments ;
; regs_31[21] ; Incomplete set of assignments ;
; regs_31[22] ; Incomplete set of assignments ;
; regs_31[23] ; Incomplete set of assignments ;
; regs_31[24] ; Incomplete set of assignments ;
; regs_31[25] ; Incomplete set of assignments ;
; regs_31[26] ; Incomplete set of assignments ;
; regs_31[27] ; Incomplete set of assignments ;
; regs_31[28] ; Incomplete set of assignments ;
; regs_31[29] ; Incomplete set of assignments ;
; regs_31[30] ; Incomplete set of assignments ;
; regs_31[31] ; Incomplete set of assignments ;
; clk         ; Incomplete set of assignments ;
; rst         ; Incomplete set of assignments ;
; regs_31[0]  ; Missing location assignment   ;
; regs_31[1]  ; Missing location assignment   ;
; regs_31[2]  ; Missing location assignment   ;
; regs_31[3]  ; Missing location assignment   ;
; regs_31[4]  ; Missing location assignment   ;
; regs_31[5]  ; Missing location assignment   ;
; regs_31[6]  ; Missing location assignment   ;
; regs_31[7]  ; Missing location assignment   ;
; regs_31[8]  ; Missing location assignment   ;
; regs_31[9]  ; Missing location assignment   ;
; regs_31[10] ; Missing location assignment   ;
; regs_31[11] ; Missing location assignment   ;
; regs_31[12] ; Missing location assignment   ;
; regs_31[13] ; Missing location assignment   ;
; regs_31[14] ; Missing location assignment   ;
; regs_31[15] ; Missing location assignment   ;
; regs_31[16] ; Missing location assignment   ;
; regs_31[17] ; Missing location assignment   ;
; regs_31[18] ; Missing location assignment   ;
; regs_31[19] ; Missing location assignment   ;
; regs_31[20] ; Missing location assignment   ;
; regs_31[21] ; Missing location assignment   ;
; regs_31[22] ; Missing location assignment   ;
; regs_31[23] ; Missing location assignment   ;
; regs_31[24] ; Missing location assignment   ;
; regs_31[25] ; Missing location assignment   ;
; regs_31[26] ; Missing location assignment   ;
; regs_31[27] ; Missing location assignment   ;
; regs_31[28] ; Missing location assignment   ;
; regs_31[29] ; Missing location assignment   ;
; regs_31[30] ; Missing location assignment   ;
; regs_31[31] ; Missing location assignment   ;
; clk         ; Missing location assignment   ;
; rst         ; Missing location assignment   ;
+-------------+-------------------------------+


+------------------------------------------------------------------------------------------------------------------------------------------------------------------------------------------------------------------------------------------------------------------------------------------------------------------------------------------------------------------------------------------------------------------------------------------------------------------------------------------------------------+
; Fitter Resource Utilization by Entity                                                                                                                                                                                                                                                                                                                                                                                                                                                                      ;
+-------------------------------------------+----------------------+----------------------------------+---------------------------------------------------+----------------------------------+----------------------+---------------------+---------------------------+---------------+-------------------+-------+------------+------+--------------+------------------------------------------------------------------------------------------------------------------+---------------------+--------------+
; Compilation Hierarchy Node                ; ALMs needed [=A-B+C] ; [A] ALMs used in final placement ; [B] Estimate of ALMs recoverable by dense packing ; [C] Estimate of ALMs unavailable ; ALMs used for memory ; Combinational ALUTs ; Dedicated Logic Registers ; I/O Registers ; Block Memory Bits ; M10Ks ; DSP Blocks ; Pins ; Virtual Pins ; Full Hierarchy Name                                                                                              ; Entity Name         ; Library Name ;
+-------------------------------------------+----------------------+----------------------------------+---------------------------------------------------+----------------------------------+----------------------+---------------------+---------------------------+---------------+-------------------+-------+------------+------+--------------+------------------------------------------------------------------------------------------------------------------+---------------------+--------------+
; |risc_v                                   ; 6114.0 (1209.8)      ; 6974.5 (1357.7)                  ; 1169.5 (161.8)                                    ; 309.0 (13.9)                     ; 0.0 (0.0)            ; 8635 (1398)         ; 5328 (1232)               ; 0 (0)         ; 0                 ; 0     ; 6          ; 34   ; 0            ; |risc_v                                                                                                          ; risc_v              ; work         ;
;    |LSU:LSU1|                             ; 1949.6 (41.2)        ; 2914.8 (44.3)                    ; 980.3 (3.5)                                       ; 15.1 (0.3)                       ; 0.0 (0.0)            ; 2027 (69)           ; 4096 (0)                  ; 0 (0)         ; 0                 ; 0     ; 0          ; 0    ; 0            ; |risc_v|LSU:LSU1                                                                                                 ; LSU                 ; work         ;
;       |RAM:ram_0|                         ; 474.7 (474.7)        ; 734.0 (734.0)                    ; 260.3 (260.3)                                     ; 1.0 (1.0)                        ; 0.0 (0.0)            ; 490 (490)           ; 1024 (1024)               ; 0 (0)         ; 0                 ; 0     ; 0          ; 0    ; 0            ; |risc_v|LSU:LSU1|RAM:ram_0                                                                                       ; RAM                 ; work         ;
;       |RAM:ram_1|                         ; 473.2 (473.2)        ; 722.0 (722.0)                    ; 257.3 (257.3)                                     ; 8.5 (8.5)                        ; 0.0 (0.0)            ; 488 (488)           ; 1024 (1024)               ; 0 (0)         ; 0                 ; 0     ; 0          ; 0    ; 0            ; |risc_v|LSU:LSU1|RAM:ram_1                                                                                       ; RAM                 ; work         ;
;       |RAM:ram_2|                         ; 492.2 (492.2)        ; 695.7 (695.7)                    ; 205.0 (205.0)                                     ; 1.5 (1.5)                        ; 0.0 (0.0)            ; 490 (490)           ; 1024 (1024)               ; 0 (0)         ; 0                 ; 0     ; 0          ; 0    ; 0            ; |risc_v|LSU:LSU1|RAM:ram_2                                                                                       ; RAM                 ; work         ;
;       |RAM:ram_3|                         ; 468.4 (468.4)        ; 718.8 (718.8)                    ; 254.2 (254.2)                                     ; 3.7 (3.7)                        ; 0.0 (0.0)            ; 490 (490)           ; 1024 (1024)               ; 0 (0)         ; 0                 ; 0     ; 0          ; 0    ; 0            ; |risc_v|LSU:LSU1|RAM:ram_3                                                                                       ; RAM                 ; work         ;
;    |Program_Rom:Program_Rom_1|            ; 19.5 (19.5)          ; 19.5 (19.5)                      ; 0.0 (0.0)                                         ; 0.0 (0.0)                        ; 0.0 (0.0)            ; 34 (34)             ; 0 (0)                     ; 0 (0)         ; 0                 ; 0     ; 0          ; 0    ; 0            ; |risc_v|Program_Rom:Program_Rom_1                                                                                ; Program_Rom         ; work         ;
;    |alu:alu_1|                            ; 224.8 (224.8)        ; 227.7 (227.7)                    ; 7.5 (7.5)                                         ; 4.6 (4.6)                        ; 0.0 (0.0)            ; 330 (330)           ; 0 (0)                     ; 0 (0)         ; 0                 ; 0     ; 0          ; 0    ; 0            ; |risc_v|alu:alu_1                                                                                                ; alu                 ; work         ;
;    |div:div1|                             ; 2662.7 (4.0)         ; 2408.3 (3.7)                     ; 21.0 (0.0)                                        ; 275.4 (0.3)                      ; 0.0 (0.0)            ; 4753 (4)            ; 0 (0)                     ; 0 (0)         ; 0                 ; 0     ; 0          ; 0    ; 0            ; |risc_v|div:div1                                                                                                 ; div                 ; work         ;
;       |lpm_divide:Div0|                   ; 666.9 (0.0)          ; 608.8 (0.0)                      ; 0.0 (0.0)                                         ; 58.1 (0.0)                       ; 0.0 (0.0)            ; 1220 (0)            ; 0 (0)                     ; 0 (0)         ; 0                 ; 0     ; 0          ; 0    ; 0            ; |risc_v|div:div1|lpm_divide:Div0                                                                                 ; lpm_divide          ; work         ;
;          |lpm_divide_rqo:auto_generated|  ; 666.9 (0.0)          ; 608.8 (0.0)                      ; 0.0 (0.0)                                         ; 58.1 (0.0)                       ; 0.0 (0.0)            ; 1220 (0)            ; 0 (0)                     ; 0 (0)         ; 0                 ; 0     ; 0          ; 0    ; 0            ; |risc_v|div:div1|lpm_divide:Div0|lpm_divide_rqo:auto_generated                                                   ; lpm_divide_rqo      ; work         ;
;             |abs_divider_4dg:divider|     ; 666.9 (21.3)         ; 608.8 (20.0)                     ; 0.0 (0.0)                                         ; 58.1 (1.3)                       ; 0.0 (0.0)            ; 1220 (41)           ; 0 (0)                     ; 0 (0)         ; 0                 ; 0     ; 0          ; 0    ; 0            ; |risc_v|div:div1|lpm_divide:Div0|lpm_divide_rqo:auto_generated|abs_divider_4dg:divider                           ; abs_divider_4dg     ; work         ;
;                |alt_u_div_o2f:divider|    ; 617.9 (617.9)        ; 561.2 (561.2)                    ; 0.0 (0.0)                                         ; 56.8 (56.8)                      ; 0.0 (0.0)            ; 1115 (1115)         ; 0 (0)                     ; 0 (0)         ; 0                 ; 0     ; 0          ; 0    ; 0            ; |risc_v|div:div1|lpm_divide:Div0|lpm_divide_rqo:auto_generated|abs_divider_4dg:divider|alt_u_div_o2f:divider     ; alt_u_div_o2f       ; work         ;
;                |lpm_abs_4p9:my_abs_den|   ; 14.3 (14.3)          ; 14.3 (14.3)                      ; 0.0 (0.0)                                         ; 0.0 (0.0)                        ; 0.0 (0.0)            ; 32 (32)             ; 0 (0)                     ; 0 (0)         ; 0                 ; 0     ; 0          ; 0    ; 0            ; |risc_v|div:div1|lpm_divide:Div0|lpm_divide_rqo:auto_generated|abs_divider_4dg:divider|lpm_abs_4p9:my_abs_den    ; lpm_abs_4p9         ; work         ;
;                |lpm_abs_4p9:my_abs_num|   ; 13.3 (13.3)          ; 13.3 (13.3)                      ; 0.0 (0.0)                                         ; 0.0 (0.0)                        ; 0.0 (0.0)            ; 32 (32)             ; 0 (0)                     ; 0 (0)         ; 0                 ; 0     ; 0          ; 0    ; 0            ; |risc_v|div:div1|lpm_divide:Div0|lpm_divide_rqo:auto_generated|abs_divider_4dg:divider|lpm_abs_4p9:my_abs_num    ; lpm_abs_4p9         ; work         ;
;       |lpm_divide:Div1|                   ; 626.2 (0.0)          ; 568.0 (0.0)                      ; 4.7 (0.0)                                         ; 62.9 (0.0)                       ; 0.0 (0.0)            ; 1122 (0)            ; 0 (0)                     ; 0 (0)         ; 0                 ; 0     ; 0          ; 0    ; 0            ; |risc_v|div:div1|lpm_divide:Div1                                                                                 ; lpm_divide          ; work         ;
;          |lpm_divide_3dm:auto_generated|  ; 626.2 (0.0)          ; 568.0 (0.0)                      ; 4.7 (0.0)                                         ; 62.9 (0.0)                       ; 0.0 (0.0)            ; 1122 (0)            ; 0 (0)                     ; 0 (0)         ; 0                 ; 0     ; 0          ; 0    ; 0            ; |risc_v|div:div1|lpm_divide:Div1|lpm_divide_3dm:auto_generated                                                   ; lpm_divide_3dm      ; work         ;
;             |sign_div_unsign_9nh:divider| ; 626.2 (0.0)          ; 568.0 (0.0)                      ; 4.7 (0.0)                                         ; 62.9 (0.0)                       ; 0.0 (0.0)            ; 1122 (0)            ; 0 (0)                     ; 0 (0)         ; 0                 ; 0     ; 0          ; 0    ; 0            ; |risc_v|div:div1|lpm_divide:Div1|lpm_divide_3dm:auto_generated|sign_div_unsign_9nh:divider                       ; sign_div_unsign_9nh ; work         ;
;                |alt_u_div_o2f:divider|    ; 626.2 (626.2)        ; 568.0 (568.0)                    ; 4.7 (4.7)                                         ; 62.9 (62.9)                      ; 0.0 (0.0)            ; 1122 (1122)         ; 0 (0)                     ; 0 (0)         ; 0                 ; 0     ; 0          ; 0    ; 0            ; |risc_v|div:div1|lpm_divide:Div1|lpm_divide_3dm:auto_generated|sign_div_unsign_9nh:divider|alt_u_div_o2f:divider ; alt_u_div_o2f       ; work         ;
;       |lpm_divide:Mod0|                   ; 710.8 (0.0)          ; 651.7 (0.0)                      ; 8.2 (0.0)                                         ; 67.3 (0.0)                       ; 0.0 (0.0)            ; 1290 (0)            ; 0 (0)                     ; 0 (0)         ; 0                 ; 0     ; 0          ; 0    ; 0            ; |risc_v|div:div1|lpm_divide:Mod0                                                                                 ; lpm_divide          ; work         ;
;          |lpm_divide_uio:auto_generated|  ; 710.8 (0.0)          ; 651.7 (0.0)                      ; 8.2 (0.0)                                         ; 67.3 (0.0)                       ; 0.0 (0.0)            ; 1290 (0)            ; 0 (0)                     ; 0 (0)         ; 0                 ; 0     ; 0          ; 0    ; 0            ; |risc_v|div:div1|lpm_divide:Mod0|lpm_divide_uio:auto_generated                                                   ; lpm_divide_uio      ; work         ;
;             |abs_divider_4dg:divider|     ; 710.8 (44.9)         ; 651.7 (45.2)                     ; 8.2 (2.5)                                         ; 67.3 (2.2)                       ; 0.0 (0.0)            ; 1290 (64)           ; 0 (0)                     ; 0 (0)         ; 0                 ; 0     ; 0          ; 0    ; 0            ; |risc_v|div:div1|lpm_divide:Mod0|lpm_divide_uio:auto_generated|abs_divider_4dg:divider                           ; abs_divider_4dg     ; work         ;
;                |alt_u_div_o2f:divider|    ; 649.6 (649.6)        ; 587.3 (587.3)                    ; 2.8 (2.8)                                         ; 65.1 (65.1)                      ; 0.0 (0.0)            ; 1162 (1162)         ; 0 (0)                     ; 0 (0)         ; 0                 ; 0     ; 0          ; 0    ; 0            ; |risc_v|div:div1|lpm_divide:Mod0|lpm_divide_uio:auto_generated|abs_divider_4dg:divider|alt_u_div_o2f:divider     ; alt_u_div_o2f       ; work         ;
;                |lpm_abs_4p9:my_abs_den|   ; 8.2 (8.2)            ; 9.8 (9.8)                        ; 1.7 (1.7)                                         ; 0.0 (0.0)                        ; 0.0 (0.0)            ; 32 (32)             ; 0 (0)                     ; 0 (0)         ; 0                 ; 0     ; 0          ; 0    ; 0            ; |risc_v|div:div1|lpm_divide:Mod0|lpm_divide_uio:auto_generated|abs_divider_4dg:divider|lpm_abs_4p9:my_abs_den    ; lpm_abs_4p9         ; work         ;
;                |lpm_abs_4p9:my_abs_num|   ; 8.2 (8.2)            ; 9.3 (9.3)                        ; 1.2 (1.2)                                         ; 0.0 (0.0)                        ; 0.0 (0.0)            ; 32 (32)             ; 0 (0)                     ; 0 (0)         ; 0                 ; 0     ; 0          ; 0    ; 0            ; |risc_v|div:div1|lpm_divide:Mod0|lpm_divide_uio:auto_generated|abs_divider_4dg:divider|lpm_abs_4p9:my_abs_num    ; lpm_abs_4p9         ; work         ;
;       |lpm_divide:Mod1|                   ; 649.8 (0.0)          ; 576.2 (0.0)                      ; 13.2 (0.0)                                        ; 86.8 (0.0)                       ; 0.0 (0.0)            ; 1117 (0)            ; 0 (0)                     ; 0 (0)         ; 0                 ; 0     ; 0          ; 0    ; 0            ; |risc_v|div:div1|lpm_divide:Mod1                                                                                 ; lpm_divide          ; work         ;
;          |lpm_divide_65m:auto_generated|  ; 649.8 (0.0)          ; 576.2 (0.0)                      ; 13.2 (0.0)                                        ; 86.8 (0.0)                       ; 0.0 (0.0)            ; 1117 (0)            ; 0 (0)                     ; 0 (0)         ; 0                 ; 0     ; 0          ; 0    ; 0            ; |risc_v|div:div1|lpm_divide:Mod1|lpm_divide_65m:auto_generated                                                   ; lpm_divide_65m      ; work         ;
;             |sign_div_unsign_9nh:divider| ; 649.8 (0.0)          ; 576.2 (0.0)                      ; 13.2 (0.0)                                        ; 86.8 (0.0)                       ; 0.0 (0.0)            ; 1117 (0)            ; 0 (0)                     ; 0 (0)         ; 0                 ; 0     ; 0          ; 0    ; 0            ; |risc_v|div:div1|lpm_divide:Mod1|lpm_divide_65m:auto_generated|sign_div_unsign_9nh:divider                       ; sign_div_unsign_9nh ; work         ;
;                |alt_u_div_o2f:divider|    ; 649.8 (649.8)        ; 576.2 (576.2)                    ; 13.2 (13.2)                                       ; 86.8 (86.8)                      ; 0.0 (0.0)            ; 1117 (1117)         ; 0 (0)                     ; 0 (0)         ; 0                 ; 0     ; 0          ; 0    ; 0            ; |risc_v|div:div1|lpm_divide:Mod1|lpm_divide_65m:auto_generated|sign_div_unsign_9nh:divider|alt_u_div_o2f:divider ; alt_u_div_o2f       ; work         ;
;    |mul:mul1|                             ; 46.4 (46.4)          ; 46.5 (46.5)                      ; 0.2 (0.2)                                         ; 0.0 (0.0)                        ; 0.0 (0.0)            ; 93 (93)             ; 0 (0)                     ; 0 (0)         ; 0                 ; 0     ; 6          ; 0    ; 0            ; |risc_v|mul:mul1                                                                                                 ; mul                 ; work         ;
+-------------------------------------------+----------------------+----------------------------------+---------------------------------------------------+----------------------------------+----------------------+---------------------+---------------------------+---------------+-------------------+-------+------------+------+--------------+------------------------------------------------------------------------------------------------------------------+---------------------+--------------+
Note: For table entries with two numbers listed, the numbers in parentheses indicate the number of resources of the given type used by the specific entity alone. The numbers listed outside of parentheses indicate the total resources of the given type used by the specific entity and all of its sub-entities in the hierarchy.


+----------------------------------------------------------------------------------------------------------------------------+
; Delay Chain Summary                                                                                                        ;
+-------------+----------+----+------+------+----+------+-------+--------+------------------------+--------------------------+
; Name        ; Pin Type ; D1 ; D3_0 ; D3_1 ; D4 ; D5   ; D5 OE ; D5 OCT ; T11 (Postamble Gating) ; T11 (Postamble Ungating) ;
+-------------+----------+----+------+------+----+------+-------+--------+------------------------+--------------------------+
; regs_31[0]  ; Output   ; -- ; --   ; --   ; -- ; (0)  ; (31)  ; --     ; --                     ; --                       ;
; regs_31[1]  ; Output   ; -- ; --   ; --   ; -- ; (0)  ; (31)  ; --     ; --                     ; --                       ;
; regs_31[2]  ; Output   ; -- ; --   ; --   ; -- ; (0)  ; (31)  ; --     ; --                     ; --                       ;
; regs_31[3]  ; Output   ; -- ; --   ; --   ; -- ; (0)  ; (31)  ; --     ; --                     ; --                       ;
; regs_31[4]  ; Output   ; -- ; --   ; --   ; -- ; (0)  ; (31)  ; --     ; --                     ; --                       ;
; regs_31[5]  ; Output   ; -- ; --   ; --   ; -- ; (0)  ; (31)  ; --     ; --                     ; --                       ;
; regs_31[6]  ; Output   ; -- ; --   ; --   ; -- ; (0)  ; (31)  ; --     ; --                     ; --                       ;
; regs_31[7]  ; Output   ; -- ; --   ; --   ; -- ; (0)  ; (31)  ; --     ; --                     ; --                       ;
; regs_31[8]  ; Output   ; -- ; --   ; --   ; -- ; (0)  ; (31)  ; --     ; --                     ; --                       ;
; regs_31[9]  ; Output   ; -- ; --   ; --   ; -- ; (0)  ; (31)  ; --     ; --                     ; --                       ;
; regs_31[10] ; Output   ; -- ; --   ; --   ; -- ; (0)  ; (31)  ; --     ; --                     ; --                       ;
; regs_31[11] ; Output   ; -- ; --   ; --   ; -- ; (0)  ; (31)  ; --     ; --                     ; --                       ;
; regs_31[12] ; Output   ; -- ; --   ; --   ; -- ; (0)  ; (31)  ; --     ; --                     ; --                       ;
; regs_31[13] ; Output   ; -- ; --   ; --   ; -- ; (0)  ; (31)  ; --     ; --                     ; --                       ;
; regs_31[14] ; Output   ; -- ; --   ; --   ; -- ; (0)  ; (31)  ; --     ; --                     ; --                       ;
; regs_31[15] ; Output   ; -- ; --   ; --   ; -- ; (0)  ; (31)  ; --     ; --                     ; --                       ;
; regs_31[16] ; Output   ; -- ; --   ; --   ; -- ; (0)  ; (31)  ; --     ; --                     ; --                       ;
; regs_31[17] ; Output   ; -- ; --   ; --   ; -- ; (0)  ; (31)  ; --     ; --                     ; --                       ;
; regs_31[18] ; Output   ; -- ; --   ; --   ; -- ; (0)  ; (31)  ; --     ; --                     ; --                       ;
; regs_31[19] ; Output   ; -- ; --   ; --   ; -- ; (0)  ; (31)  ; --     ; --                     ; --                       ;
; regs_31[20] ; Output   ; -- ; --   ; --   ; -- ; (0)  ; (31)  ; --     ; --                     ; --                       ;
; regs_31[21] ; Output   ; -- ; --   ; --   ; -- ; (0)  ; (31)  ; --     ; --                     ; --                       ;
; regs_31[22] ; Output   ; -- ; --   ; --   ; -- ; (0)  ; (31)  ; --     ; --                     ; --                       ;
; regs_31[23] ; Output   ; -- ; --   ; --   ; -- ; (0)  ; (31)  ; --     ; --                     ; --                       ;
; regs_31[24] ; Output   ; -- ; --   ; --   ; -- ; (0)  ; (31)  ; --     ; --                     ; --                       ;
; regs_31[25] ; Output   ; -- ; --   ; --   ; -- ; (0)  ; (31)  ; --     ; --                     ; --                       ;
; regs_31[26] ; Output   ; -- ; --   ; --   ; -- ; (0)  ; (31)  ; --     ; --                     ; --                       ;
; regs_31[27] ; Output   ; -- ; --   ; --   ; -- ; (0)  ; (31)  ; --     ; --                     ; --                       ;
; regs_31[28] ; Output   ; -- ; --   ; --   ; -- ; (0)  ; (31)  ; --     ; --                     ; --                       ;
; regs_31[29] ; Output   ; -- ; --   ; --   ; -- ; (0)  ; (31)  ; --     ; --                     ; --                       ;
; regs_31[30] ; Output   ; -- ; --   ; --   ; -- ; (0)  ; (31)  ; --     ; --                     ; --                       ;
; regs_31[31] ; Output   ; -- ; --   ; --   ; -- ; (0)  ; (31)  ; --     ; --                     ; --                       ;
; clk         ; Input    ; -- ; (0)  ; --   ; -- ; --   ; --    ; --     ; --                     ; --                       ;
; rst         ; Input    ; -- ; --   ; (0)  ; -- ; --   ; --    ; --     ; --                     ; --                       ;
+-------------+----------+----+------+------+----+------+-------+--------+------------------------+--------------------------+


+--------------------------------------------------------+
; Pad To Core Delay Chain Fanout                         ;
+--------------------------+-------------------+---------+
; Source Pin / Fanout      ; Pad To Core Index ; Setting ;
+--------------------------+-------------------+---------+
; clk                      ;                   ;         ;
; rst                      ;                   ;         ;
;      - regs[16][21]      ; 1                 ; 0       ;
;      - regs[16][10]      ; 1                 ; 0       ;
;      - regs[16][16]      ; 1                 ; 0       ;
;      - regs[16][5]       ; 1                 ; 0       ;
;      - regs[16][0]       ; 1                 ; 0       ;
;      - regs[16][2]       ; 1                 ; 0       ;
;      - regs[16][22]      ; 1                 ; 0       ;
;      - regs[16][29]      ; 1                 ; 0       ;
;      - regs[16][9]       ; 1                 ; 0       ;
;      - regs[16][23]      ; 1                 ; 0       ;
;      - regs[16][24]      ; 1                 ; 0       ;
;      - regs[16][8]       ; 1                 ; 0       ;
;      - regs[16][25]      ; 1                 ; 0       ;
;      - regs[16][26]      ; 1                 ; 0       ;
;      - regs[16][27]      ; 1                 ; 0       ;
;      - regs[16][6]       ; 1                 ; 0       ;
;      - regs[16][17]      ; 1                 ; 0       ;
;      - regs[16][12]      ; 1                 ; 0       ;
;      - regs[16][18]      ; 1                 ; 0       ;
;      - regs[16][1]       ; 1                 ; 0       ;
;      - regs[16][15]      ; 1                 ; 0       ;
;      - regs[16][31]      ; 1                 ; 0       ;
;      - regs[16][19]      ; 1                 ; 0       ;
;      - regs[16][3]       ; 1                 ; 0       ;
;      - regs[16][11]      ; 1                 ; 0       ;
;      - regs[16][28]      ; 1                 ; 0       ;
;      - regs[16][14]      ; 1                 ; 0       ;
;      - regs[16][20]      ; 1                 ; 0       ;
;      - regs[16][7]       ; 1                 ; 0       ;
;      - regs[16][30]      ; 1                 ; 0       ;
;      - regs[16][13]      ; 1                 ; 0       ;
;      - regs[16][4]       ; 1                 ; 0       ;
;      - regs[8][12]       ; 1                 ; 0       ;
;      - regs[8][17]       ; 1                 ; 0       ;
;      - regs[8][4]        ; 1                 ; 0       ;
;      - regs[8][30]       ; 1                 ; 0       ;
;      - regs[8][16]       ; 1                 ; 0       ;
;      - regs[8][29]       ; 1                 ; 0       ;
;      - regs[8][5]        ; 1                 ; 0       ;
;      - regs[8][1]        ; 1                 ; 0       ;
;      - regs[8][9]        ; 1                 ; 0       ;
;      - regs[8][28]       ; 1                 ; 0       ;
;      - regs[8][14]       ; 1                 ; 0       ;
;      - regs[8][27]       ; 1                 ; 0       ;
;      - regs[8][13]       ; 1                 ; 0       ;
;      - regs[8][6]        ; 1                 ; 0       ;
;      - regs[8][26]       ; 1                 ; 0       ;
;      - regs[8][7]        ; 1                 ; 0       ;
;      - regs[8][3]        ; 1                 ; 0       ;
;      - regs[8][25]       ; 1                 ; 0       ;
;      - regs[8][24]       ; 1                 ; 0       ;
;      - regs[8][8]        ; 1                 ; 0       ;
;      - regs[8][23]       ; 1                 ; 0       ;
;      - regs[8][0]        ; 1                 ; 0       ;
;      - regs[8][22]       ; 1                 ; 0       ;
;      - regs[8][15]       ; 1                 ; 0       ;
;      - regs[8][21]       ; 1                 ; 0       ;
;      - regs[8][10]       ; 1                 ; 0       ;
;      - regs[8][20]       ; 1                 ; 0       ;
;      - regs[8][19]       ; 1                 ; 0       ;
;      - regs[8][2]        ; 1                 ; 0       ;
;      - regs[8][11]       ; 1                 ; 0       ;
;      - regs[8][18]       ; 1                 ; 0       ;
;      - regs[8][31]       ; 1                 ; 0       ;
;      - regs[24][20]      ; 1                 ; 0       ;
;      - regs[24][11]      ; 1                 ; 0       ;
;      - regs[24][27]      ; 1                 ; 0       ;
;      - regs[24][2]       ; 1                 ; 0       ;
;      - regs[24][25]      ; 1                 ; 0       ;
;      - regs[24][8]       ; 1                 ; 0       ;
;      - regs[24][9]       ; 1                 ; 0       ;
;      - regs[24][19]      ; 1                 ; 0       ;
;      - regs[24][1]       ; 1                 ; 0       ;
;      - regs[24][16]      ; 1                 ; 0       ;
;      - regs[24][24]      ; 1                 ; 0       ;
;      - regs[24][26]      ; 1                 ; 0       ;
;      - regs[24][23]      ; 1                 ; 0       ;
;      - regs[24][7]       ; 1                 ; 0       ;
;      - regs[24][14]      ; 1                 ; 0       ;
;      - regs[24][29]      ; 1                 ; 0       ;
;      - regs[24][12]      ; 1                 ; 0       ;
;      - regs[24][22]      ; 1                 ; 0       ;
;      - regs[24][10]      ; 1                 ; 0       ;
;      - regs[24][0]       ; 1                 ; 0       ;
;      - regs[24][3]       ; 1                 ; 0       ;
;      - regs[24][4]       ; 1                 ; 0       ;
;      - regs[24][13]      ; 1                 ; 0       ;
;      - regs[24][28]      ; 1                 ; 0       ;
;      - regs[24][6]       ; 1                 ; 0       ;
;      - regs[24][21]      ; 1                 ; 0       ;
;      - regs[24][17]      ; 1                 ; 0       ;
;      - regs[24][5]       ; 1                 ; 0       ;
;      - regs[24][18]      ; 1                 ; 0       ;
;      - regs[24][15]      ; 1                 ; 0       ;
;      - regs[24][31]      ; 1                 ; 0       ;
;      - regs[24][30]      ; 1                 ; 0       ;
;      - regs[4][16]       ; 1                 ; 0       ;
;      - regs[4][18]       ; 1                 ; 0       ;
;      - regs[4][30]       ; 1                 ; 0       ;
;      - regs[4][1]        ; 1                 ; 0       ;
;      - regs[4][24]       ; 1                 ; 0       ;
;      - regs[4][17]       ; 1                 ; 0       ;
;      - regs[4][2]        ; 1                 ; 0       ;
;      - regs[4][3]        ; 1                 ; 0       ;
;      - regs[4][27]       ; 1                 ; 0       ;
;      - regs[4][5]        ; 1                 ; 0       ;
;      - regs[4][19]       ; 1                 ; 0       ;
;      - regs[4][25]       ; 1                 ; 0       ;
;      - regs[4][23]       ; 1                 ; 0       ;
;      - regs[4][21]       ; 1                 ; 0       ;
;      - regs[4][22]       ; 1                 ; 0       ;
;      - regs[4][13]       ; 1                 ; 0       ;
;      - regs[4][15]       ; 1                 ; 0       ;
;      - regs[4][0]        ; 1                 ; 0       ;
;      - regs[4][8]        ; 1                 ; 0       ;
;      - regs[4][4]        ; 1                 ; 0       ;
;      - regs[4][7]        ; 1                 ; 0       ;
;      - regs[4][20]       ; 1                 ; 0       ;
;      - regs[4][28]       ; 1                 ; 0       ;
;      - regs[4][6]        ; 1                 ; 0       ;
;      - regs[4][14]       ; 1                 ; 0       ;
;      - regs[4][29]       ; 1                 ; 0       ;
;      - regs[4][26]       ; 1                 ; 0       ;
;      - regs[4][31]       ; 1                 ; 0       ;
;      - regs[4][12]       ; 1                 ; 0       ;
;      - regs[4][10]       ; 1                 ; 0       ;
;      - regs[4][11]       ; 1                 ; 0       ;
;      - regs[4][9]        ; 1                 ; 0       ;
;      - regs[20][4]       ; 1                 ; 0       ;
;      - regs[20][7]       ; 1                 ; 0       ;
;      - regs[20][16]      ; 1                 ; 0       ;
;      - regs[20][9]       ; 1                 ; 0       ;
;      - regs[20][26]      ; 1                 ; 0       ;
;      - regs[20][19]      ; 1                 ; 0       ;
;      - regs[20][25]      ; 1                 ; 0       ;
;      - regs[20][15]      ; 1                 ; 0       ;
;      - regs[20][14]      ; 1                 ; 0       ;
;      - regs[20][13]      ; 1                 ; 0       ;
;      - regs[20][0]       ; 1                 ; 0       ;
;      - regs[20][17]      ; 1                 ; 0       ;
;      - regs[20][1]       ; 1                 ; 0       ;
;      - regs[20][8]       ; 1                 ; 0       ;
;      - regs[20][2]       ; 1                 ; 0       ;
;      - regs[20][18]      ; 1                 ; 0       ;
;      - regs[20][24]      ; 1                 ; 0       ;
;      - regs[20][31]      ; 1                 ; 0       ;
;      - regs[20][5]       ; 1                 ; 0       ;
;      - regs[20][12]      ; 1                 ; 0       ;
;      - regs[20][3]       ; 1                 ; 0       ;
;      - regs[20][11]      ; 1                 ; 0       ;
;      - regs[20][20]      ; 1                 ; 0       ;
;      - regs[20][30]      ; 1                 ; 0       ;
;      - regs[20][28]      ; 1                 ; 0       ;
;      - regs[20][21]      ; 1                 ; 0       ;
;      - regs[20][6]       ; 1                 ; 0       ;
;      - regs[20][10]      ; 1                 ; 0       ;
;      - regs[20][29]      ; 1                 ; 0       ;
;      - regs[20][22]      ; 1                 ; 0       ;
;      - regs[20][27]      ; 1                 ; 0       ;
;      - regs[20][23]      ; 1                 ; 0       ;
;      - regs[12][13]      ; 1                 ; 0       ;
;      - regs[12][18]      ; 1                 ; 0       ;
;      - regs[12][10]      ; 1                 ; 0       ;
;      - regs[12][30]      ; 1                 ; 0       ;
;      - regs[12][11]      ; 1                 ; 0       ;
;      - regs[12][8]       ; 1                 ; 0       ;
;      - regs[12][2]       ; 1                 ; 0       ;
;      - regs[12][28]      ; 1                 ; 0       ;
;      - regs[12][20]      ; 1                 ; 0       ;
;      - regs[12][19]      ; 1                 ; 0       ;
;      - regs[12][17]      ; 1                 ; 0       ;
;      - regs[12][1]       ; 1                 ; 0       ;
;      - regs[12][6]       ; 1                 ; 0       ;
;      - regs[12][29]      ; 1                 ; 0       ;
;      - regs[12][0]       ; 1                 ; 0       ;
;      - regs[12][25]      ; 1                 ; 0       ;
;      - regs[12][31]      ; 1                 ; 0       ;
;      - regs[12][14]      ; 1                 ; 0       ;
;      - regs[12][27]      ; 1                 ; 0       ;
;      - regs[12][16]      ; 1                 ; 0       ;
;      - regs[12][3]       ; 1                 ; 0       ;
;      - regs[12][24]      ; 1                 ; 0       ;
;      - regs[12][5]       ; 1                 ; 0       ;
;      - regs[12][4]       ; 1                 ; 0       ;
;      - regs[12][21]      ; 1                 ; 0       ;
;      - regs[12][22]      ; 1                 ; 0       ;
;      - regs[12][9]       ; 1                 ; 0       ;
;      - regs[12][12]      ; 1                 ; 0       ;
;      - regs[12][15]      ; 1                 ; 0       ;
;      - regs[12][26]      ; 1                 ; 0       ;
;      - regs[12][23]      ; 1                 ; 0       ;
;      - regs[12][7]       ; 1                 ; 0       ;
;      - regs[28][22]      ; 1                 ; 0       ;
;      - regs[28][31]      ; 1                 ; 0       ;
;      - regs[28][26]      ; 1                 ; 0       ;
;      - regs[28][24]      ; 1                 ; 0       ;
;      - regs[28][10]      ; 1                 ; 0       ;
;      - regs[28][11]      ; 1                 ; 0       ;
;      - regs[28][5]       ; 1                 ; 0       ;
;      - regs[28][1]       ; 1                 ; 0       ;
;      - regs[28][3]       ; 1                 ; 0       ;
;      - regs[28][30]      ; 1                 ; 0       ;
;      - regs[28][13]      ; 1                 ; 0       ;
;      - regs[28][21]      ; 1                 ; 0       ;
;      - regs[28][27]      ; 1                 ; 0       ;
;      - regs[28][7]       ; 1                 ; 0       ;
;      - regs[28][17]      ; 1                 ; 0       ;
;      - regs[28][23]      ; 1                 ; 0       ;
;      - regs[28][19]      ; 1                 ; 0       ;
;      - regs[28][20]      ; 1                 ; 0       ;
;      - regs[28][14]      ; 1                 ; 0       ;
;      - regs[28][28]      ; 1                 ; 0       ;
;      - regs[28][8]       ; 1                 ; 0       ;
;      - regs[28][2]       ; 1                 ; 0       ;
;      - regs[28][18]      ; 1                 ; 0       ;
;      - regs[28][4]       ; 1                 ; 0       ;
;      - regs[28][12]      ; 1                 ; 0       ;
;      - regs[28][29]      ; 1                 ; 0       ;
;      - regs[28][25]      ; 1                 ; 0       ;
;      - regs[28][9]       ; 1                 ; 0       ;
;      - regs[28][6]       ; 1                 ; 0       ;
;      - regs[28][0]       ; 1                 ; 0       ;
;      - regs[28][16]      ; 1                 ; 0       ;
;      - regs[28][15]      ; 1                 ; 0       ;
;      - regs[2][11]       ; 1                 ; 0       ;
;      - regs[2][5]        ; 1                 ; 0       ;
;      - regs[2][30]       ; 1                 ; 0       ;
;      - regs[2][29]       ; 1                 ; 0       ;
;      - regs[2][6]        ; 1                 ; 0       ;
;      - regs[2][9]        ; 1                 ; 0       ;
;      - regs[2][19]       ; 1                 ; 0       ;
;      - regs[2][23]       ; 1                 ; 0       ;
;      - regs[2][24]       ; 1                 ; 0       ;
;      - regs[2][8]        ; 1                 ; 0       ;
;      - regs[2][25]       ; 1                 ; 0       ;
;      - regs[2][22]       ; 1                 ; 0       ;
;      - regs[2][15]       ; 1                 ; 0       ;
;      - regs[2][26]       ; 1                 ; 0       ;
;      - regs[2][13]       ; 1                 ; 0       ;
;      - regs[2][7]        ; 1                 ; 0       ;
;      - regs[2][16]       ; 1                 ; 0       ;
;      - regs[2][4]        ; 1                 ; 0       ;
;      - regs[2][27]       ; 1                 ; 0       ;
;      - regs[2][28]       ; 1                 ; 0       ;
;      - regs[2][0]        ; 1                 ; 0       ;
;      - regs[2][12]       ; 1                 ; 0       ;
;      - regs[2][1]        ; 1                 ; 0       ;
;      - regs[2][21]       ; 1                 ; 0       ;
;      - regs[2][10]       ; 1                 ; 0       ;
;      - regs[2][17]       ; 1                 ; 0       ;
;      - regs[2][2]        ; 1                 ; 0       ;
;      - regs[2][18]       ; 1                 ; 0       ;
;      - regs[2][14]       ; 1                 ; 0       ;
;      - regs[2][3]        ; 1                 ; 0       ;
;      - regs[2][20]       ; 1                 ; 0       ;
;      - regs[2][31]       ; 1                 ; 0       ;
;      - regs[18][25]      ; 1                 ; 0       ;
;      - regs[18][14]      ; 1                 ; 0       ;
;      - regs[18][10]      ; 1                 ; 0       ;
;      - regs[18][19]      ; 1                 ; 0       ;
;      - regs[18][11]      ; 1                 ; 0       ;
;      - regs[18][8]       ; 1                 ; 0       ;
;      - regs[18][24]      ; 1                 ; 0       ;
;      - regs[18][16]      ; 1                 ; 0       ;
;      - regs[18][3]       ; 1                 ; 0       ;
;      - regs[18][31]      ; 1                 ; 0       ;
;      - regs[18][4]       ; 1                 ; 0       ;
;      - regs[18][18]      ; 1                 ; 0       ;
;      - regs[18][12]      ; 1                 ; 0       ;
;      - regs[18][2]       ; 1                 ; 0       ;
;      - regs[18][28]      ; 1                 ; 0       ;
;      - regs[18][9]       ; 1                 ; 0       ;
;      - regs[18][1]       ; 1                 ; 0       ;
;      - regs[18][17]      ; 1                 ; 0       ;
;      - regs[18][5]       ; 1                 ; 0       ;
;      - regs[18][7]       ; 1                 ; 0       ;
;      - regs[18][23]      ; 1                 ; 0       ;
;      - regs[18][29]      ; 1                 ; 0       ;
;      - regs[18][20]      ; 1                 ; 0       ;
;      - regs[18][30]      ; 1                 ; 0       ;
;      - regs[18][26]      ; 1                 ; 0       ;
;      - regs[18][22]      ; 1                 ; 0       ;
;      - regs[18][27]      ; 1                 ; 0       ;
;      - regs[18][0]       ; 1                 ; 0       ;
;      - regs[18][6]       ; 1                 ; 0       ;
;      - regs[18][21]      ; 1                 ; 0       ;
;      - regs[18][13]      ; 1                 ; 0       ;
;      - regs[18][15]      ; 1                 ; 0       ;
;      - regs[10][19]      ; 1                 ; 0       ;
;      - regs[10][24]      ; 1                 ; 0       ;
;      - regs[10][13]      ; 1                 ; 0       ;
;      - regs[10][8]       ; 1                 ; 0       ;
;      - regs[10][23]      ; 1                 ; 0       ;
;      - regs[10][9]       ; 1                 ; 0       ;
;      - regs[10][22]      ; 1                 ; 0       ;
;      - regs[10][21]      ; 1                 ; 0       ;
;      - regs[10][14]      ; 1                 ; 0       ;
;      - regs[10][10]      ; 1                 ; 0       ;
;      - regs[10][29]      ; 1                 ; 0       ;
;      - regs[10][28]      ; 1                 ; 0       ;
;      - regs[10][15]      ; 1                 ; 0       ;
;      - regs[10][20]      ; 1                 ; 0       ;
;      - regs[10][11]      ; 1                 ; 0       ;
;      - regs[10][18]      ; 1                 ; 0       ;
;      - regs[10][12]      ; 1                 ; 0       ;
;      - regs[10][17]      ; 1                 ; 0       ;
;      - regs[10][16]      ; 1                 ; 0       ;
;      - regs[10][0]       ; 1                 ; 0       ;
;      - regs[10][1]       ; 1                 ; 0       ;
;      - regs[10][2]       ; 1                 ; 0       ;
;      - regs[10][3]       ; 1                 ; 0       ;
;      - regs[10][31]      ; 1                 ; 0       ;
;      - regs[10][4]       ; 1                 ; 0       ;
;      - regs[10][30]      ; 1                 ; 0       ;
;      - regs[10][6]       ; 1                 ; 0       ;
;      - regs[10][27]      ; 1                 ; 0       ;
;      - regs[10][26]      ; 1                 ; 0       ;
;      - regs[10][7]       ; 1                 ; 0       ;
;      - regs[10][25]      ; 1                 ; 0       ;
;      - regs[10][5]       ; 1                 ; 0       ;
;      - regs[26][0]       ; 1                 ; 0       ;
;      - regs[26][30]      ; 1                 ; 0       ;
;      - regs[26][11]      ; 1                 ; 0       ;
;      - regs[26][13]      ; 1                 ; 0       ;
;      - regs[26][16]      ; 1                 ; 0       ;
;      - regs[26][17]      ; 1                 ; 0       ;
;      - regs[26][1]       ; 1                 ; 0       ;
;      - regs[26][25]      ; 1                 ; 0       ;
;      - regs[26][24]      ; 1                 ; 0       ;
;      - regs[26][8]       ; 1                 ; 0       ;
;      - regs[26][18]      ; 1                 ; 0       ;
;      - regs[26][21]      ; 1                 ; 0       ;
;      - regs[26][29]      ; 1                 ; 0       ;
;      - regs[26][14]      ; 1                 ; 0       ;
;      - regs[26][27]      ; 1                 ; 0       ;
;      - regs[26][31]      ; 1                 ; 0       ;
;      - regs[26][6]       ; 1                 ; 0       ;
;      - regs[26][20]      ; 1                 ; 0       ;
;      - regs[26][26]      ; 1                 ; 0       ;
;      - regs[26][22]      ; 1                 ; 0       ;
;      - regs[26][10]      ; 1                 ; 0       ;
;      - regs[26][2]       ; 1                 ; 0       ;
;      - regs[26][9]       ; 1                 ; 0       ;
;      - regs[26][3]       ; 1                 ; 0       ;
;      - regs[26][5]       ; 1                 ; 0       ;
;      - regs[26][12]      ; 1                 ; 0       ;
;      - regs[26][15]      ; 1                 ; 0       ;
;      - regs[26][19]      ; 1                 ; 0       ;
;      - regs[26][4]       ; 1                 ; 0       ;
;      - regs[26][23]      ; 1                 ; 0       ;
;      - regs[26][7]       ; 1                 ; 0       ;
;      - regs[26][28]      ; 1                 ; 0       ;
;      - regs[6][0]        ; 1                 ; 0       ;
;      - regs[6][17]       ; 1                 ; 0       ;
;      - regs[6][10]       ; 1                 ; 0       ;
;      - regs[6][24]       ; 1                 ; 0       ;
;      - regs[6][13]       ; 1                 ; 0       ;
;      - regs[6][22]       ; 1                 ; 0       ;
;      - regs[6][23]       ; 1                 ; 0       ;
;      - regs[6][15]       ; 1                 ; 0       ;
;      - regs[6][12]       ; 1                 ; 0       ;
;      - regs[6][14]       ; 1                 ; 0       ;
;      - regs[6][2]        ; 1                 ; 0       ;
;      - regs[6][27]       ; 1                 ; 0       ;
;      - regs[6][30]       ; 1                 ; 0       ;
;      - regs[6][20]       ; 1                 ; 0       ;
;      - regs[6][5]        ; 1                 ; 0       ;
;      - regs[6][19]       ; 1                 ; 0       ;
;      - regs[6][1]        ; 1                 ; 0       ;
;      - regs[6][9]        ; 1                 ; 0       ;
;      - regs[6][18]       ; 1                 ; 0       ;
;      - regs[6][4]        ; 1                 ; 0       ;
;      - regs[6][3]        ; 1                 ; 0       ;
;      - regs[6][16]       ; 1                 ; 0       ;
;      - regs[6][28]       ; 1                 ; 0       ;
;      - regs[6][21]       ; 1                 ; 0       ;
;      - regs[6][26]       ; 1                 ; 0       ;
;      - regs[6][25]       ; 1                 ; 0       ;
;      - regs[6][8]        ; 1                 ; 0       ;
;      - regs[6][11]       ; 1                 ; 0       ;
;      - regs[6][7]        ; 1                 ; 0       ;
;      - regs[6][29]       ; 1                 ; 0       ;
;      - regs[6][6]        ; 1                 ; 0       ;
;      - regs[6][31]       ; 1                 ; 0       ;
;      - regs[22][9]       ; 1                 ; 0       ;
;      - regs[22][10]      ; 1                 ; 0       ;
;      - regs[22][16]      ; 1                 ; 0       ;
;      - regs[22][8]       ; 1                 ; 0       ;
;      - regs[22][25]      ; 1                 ; 0       ;
;      - regs[22][28]      ; 1                 ; 0       ;
;      - regs[22][6]       ; 1                 ; 0       ;
;      - regs[22][21]      ; 1                 ; 0       ;
;      - regs[22][7]       ; 1                 ; 0       ;
;      - regs[22][31]      ; 1                 ; 0       ;
;      - regs[22][23]      ; 1                 ; 0       ;
;      - regs[22][14]      ; 1                 ; 0       ;
;      - regs[22][15]      ; 1                 ; 0       ;
;      - regs[22][30]      ; 1                 ; 0       ;
;      - regs[22][20]      ; 1                 ; 0       ;
;      - regs[22][11]      ; 1                 ; 0       ;
;      - regs[22][4]       ; 1                 ; 0       ;
;      - regs[22][24]      ; 1                 ; 0       ;
;      - regs[22][19]      ; 1                 ; 0       ;
;      - regs[22][3]       ; 1                 ; 0       ;
;      - regs[22][12]      ; 1                 ; 0       ;
;      - regs[22][18]      ; 1                 ; 0       ;
;      - regs[22][2]       ; 1                 ; 0       ;
;      - regs[22][5]       ; 1                 ; 0       ;
;      - regs[22][1]       ; 1                 ; 0       ;
;      - regs[22][26]      ; 1                 ; 0       ;
;      - regs[22][17]      ; 1                 ; 0       ;
;      - regs[22][13]      ; 1                 ; 0       ;
;      - regs[22][0]       ; 1                 ; 0       ;
;      - regs[22][27]      ; 1                 ; 0       ;
;      - regs[22][29]      ; 1                 ; 0       ;
;      - regs[22][22]      ; 1                 ; 0       ;
;      - regs[14][13]      ; 1                 ; 0       ;
;      - regs[14][10]      ; 1                 ; 0       ;
;      - regs[14][29]      ; 1                 ; 0       ;
;      - regs[14][4]       ; 1                 ; 0       ;
;      - regs[14][9]       ; 1                 ; 0       ;
;      - regs[14][30]      ; 1                 ; 0       ;
;      - regs[14][8]       ; 1                 ; 0       ;
;      - regs[14][11]      ; 1                 ; 0       ;
;      - regs[14][15]      ; 1                 ; 0       ;
;      - regs[14][6]       ; 1                 ; 0       ;
;      - regs[14][0]       ; 1                 ; 0       ;
;      - regs[14][17]      ; 1                 ; 0       ;
;      - regs[14][1]       ; 1                 ; 0       ;
;      - regs[14][5]       ; 1                 ; 0       ;
;      - regs[14][27]      ; 1                 ; 0       ;
;      - regs[14][25]      ; 1                 ; 0       ;
;      - regs[14][19]      ; 1                 ; 0       ;
;      - regs[14][12]      ; 1                 ; 0       ;
;      - regs[14][2]       ; 1                 ; 0       ;
;      - regs[14][20]      ; 1                 ; 0       ;
;      - regs[14][21]      ; 1                 ; 0       ;
;      - regs[14][7]       ; 1                 ; 0       ;
;      - regs[14][31]      ; 1                 ; 0       ;
;      - regs[14][18]      ; 1                 ; 0       ;
;      - regs[14][28]      ; 1                 ; 0       ;
;      - regs[14][3]       ; 1                 ; 0       ;
;      - regs[14][23]      ; 1                 ; 0       ;
;      - regs[14][16]      ; 1                 ; 0       ;
;      - regs[14][24]      ; 1                 ; 0       ;
;      - regs[14][14]      ; 1                 ; 0       ;
;      - regs[14][26]      ; 1                 ; 0       ;
;      - regs[14][22]      ; 1                 ; 0       ;
;      - regs[30][27]      ; 1                 ; 0       ;
;      - regs[30][18]      ; 1                 ; 0       ;
;      - regs[30][16]      ; 1                 ; 0       ;
;      - regs[30][7]       ; 1                 ; 0       ;
;      - regs[30][2]       ; 1                 ; 0       ;
;      - regs[30][25]      ; 1                 ; 0       ;
;      - regs[30][14]      ; 1                 ; 0       ;
;      - regs[30][24]      ; 1                 ; 0       ;
;      - regs[30][10]      ; 1                 ; 0       ;
;      - regs[30][8]       ; 1                 ; 0       ;
;      - regs[30][13]      ; 1                 ; 0       ;
;      - regs[30][6]       ; 1                 ; 0       ;
;      - regs[30][1]       ; 1                 ; 0       ;
;      - regs[30][15]      ; 1                 ; 0       ;
;      - regs[30][26]      ; 1                 ; 0       ;
;      - regs[30][17]      ; 1                 ; 0       ;
;      - regs[30][21]      ; 1                 ; 0       ;
;      - regs[30][30]      ; 1                 ; 0       ;
;      - regs[30][0]       ; 1                 ; 0       ;
;      - regs[30][20]      ; 1                 ; 0       ;
;      - regs[30][31]      ; 1                 ; 0       ;
;      - regs[30][9]       ; 1                 ; 0       ;
;      - regs[30][4]       ; 1                 ; 0       ;
;      - regs[30][19]      ; 1                 ; 0       ;
;      - regs[30][12]      ; 1                 ; 0       ;
;      - regs[30][28]      ; 1                 ; 0       ;
;      - regs[30][5]       ; 1                 ; 0       ;
;      - regs[30][11]      ; 1                 ; 0       ;
;      - regs[30][3]       ; 1                 ; 0       ;
;      - regs[30][22]      ; 1                 ; 0       ;
;      - regs[30][23]      ; 1                 ; 0       ;
;      - regs[30][29]      ; 1                 ; 0       ;
;      - regs[1][23]       ; 1                 ; 0       ;
;      - regs[1][1]        ; 1                 ; 0       ;
;      - regs[1][15]       ; 1                 ; 0       ;
;      - regs[1][13]       ; 1                 ; 0       ;
;      - regs[1][28]       ; 1                 ; 0       ;
;      - regs[1][3]        ; 1                 ; 0       ;
;      - regs[1][12]       ; 1                 ; 0       ;
;      - regs[1][10]       ; 1                 ; 0       ;
;      - regs[1][27]       ; 1                 ; 0       ;
;      - regs[1][25]       ; 1                 ; 0       ;
;      - regs[1][18]       ; 1                 ; 0       ;
;      - regs[1][8]        ; 1                 ; 0       ;
;      - regs[1][26]       ; 1                 ; 0       ;
;      - regs[1][5]        ; 1                 ; 0       ;
;      - regs[1][31]       ; 1                 ; 0       ;
;      - regs[1][24]       ; 1                 ; 0       ;
;      - regs[1][2]        ; 1                 ; 0       ;
;      - regs[1][21]       ; 1                 ; 0       ;
;      - regs[1][0]        ; 1                 ; 0       ;
;      - regs[1][9]        ; 1                 ; 0       ;
;      - regs[1][19]       ; 1                 ; 0       ;
;      - regs[1][11]       ; 1                 ; 0       ;
;      - regs[1][30]       ; 1                 ; 0       ;
;      - regs[1][14]       ; 1                 ; 0       ;
;      - regs[1][7]        ; 1                 ; 0       ;
;      - regs[1][22]       ; 1                 ; 0       ;
;      - regs[1][16]       ; 1                 ; 0       ;
;      - regs[1][4]        ; 1                 ; 0       ;
;      - regs[1][17]       ; 1                 ; 0       ;
;      - regs[1][29]       ; 1                 ; 0       ;
;      - regs[1][6]        ; 1                 ; 0       ;
;      - regs[1][20]       ; 1                 ; 0       ;
;      - regs[17][26]      ; 1                 ; 0       ;
;      - regs[17][11]      ; 1                 ; 0       ;
;      - regs[17][15]      ; 1                 ; 0       ;
;      - regs[17][4]       ; 1                 ; 0       ;
;      - regs[17][24]      ; 1                 ; 0       ;
;      - regs[17][5]       ; 1                 ; 0       ;
;      - regs[17][1]       ; 1                 ; 0       ;
;      - regs[17][17]      ; 1                 ; 0       ;
;      - regs[17][14]      ; 1                 ; 0       ;
;      - regs[17][20]      ; 1                 ; 0       ;
;      - regs[17][7]       ; 1                 ; 0       ;
;      - regs[17][23]      ; 1                 ; 0       ;
;      - regs[17][30]      ; 1                 ; 0       ;
;      - regs[17][9]       ; 1                 ; 0       ;
;      - regs[17][29]      ; 1                 ; 0       ;
;      - regs[17][16]      ; 1                 ; 0       ;
;      - regs[17][25]      ; 1                 ; 0       ;
;      - regs[17][27]      ; 1                 ; 0       ;
;      - regs[17][22]      ; 1                 ; 0       ;
;      - regs[17][8]       ; 1                 ; 0       ;
;      - regs[17][3]       ; 1                 ; 0       ;
;      - regs[17][31]      ; 1                 ; 0       ;
;      - regs[17][0]       ; 1                 ; 0       ;
;      - regs[17][6]       ; 1                 ; 0       ;
;      - regs[17][18]      ; 1                 ; 0       ;
;      - regs[17][28]      ; 1                 ; 0       ;
;      - regs[17][12]      ; 1                 ; 0       ;
;      - regs[17][19]      ; 1                 ; 0       ;
;      - regs[17][21]      ; 1                 ; 0       ;
;      - regs[17][2]       ; 1                 ; 0       ;
;      - regs[17][10]      ; 1                 ; 0       ;
;      - regs[17][13]      ; 1                 ; 0       ;
;      - regs[9][15]       ; 1                 ; 0       ;
;      - regs[9][8]        ; 1                 ; 0       ;
;      - regs[9][25]       ; 1                 ; 0       ;
;      - regs[9][7]        ; 1                 ; 0       ;
;      - regs[9][23]       ; 1                 ; 0       ;
;      - regs[9][5]        ; 1                 ; 0       ;
;      - regs[9][26]       ; 1                 ; 0       ;
;      - regs[9][13]       ; 1                 ; 0       ;
;      - regs[9][9]        ; 1                 ; 0       ;
;      - regs[9][22]       ; 1                 ; 0       ;
;      - regs[9][20]       ; 1                 ; 0       ;
;      - regs[9][30]       ; 1                 ; 0       ;
;      - regs[9][4]        ; 1                 ; 0       ;
;      - regs[9][2]        ; 1                 ; 0       ;
;      - regs[9][28]       ; 1                 ; 0       ;
;      - regs[9][3]        ; 1                 ; 0       ;
;      - regs[9][0]        ; 1                 ; 0       ;
;      - regs[9][19]       ; 1                 ; 0       ;
;      - regs[9][29]       ; 1                 ; 0       ;
;      - regs[9][27]       ; 1                 ; 0       ;
;      - regs[9][12]       ; 1                 ; 0       ;
;      - regs[9][14]       ; 1                 ; 0       ;
;      - regs[9][10]       ; 1                 ; 0       ;
;      - regs[9][1]        ; 1                 ; 0       ;
;      - regs[9][11]       ; 1                 ; 0       ;
;      - regs[9][24]       ; 1                 ; 0       ;
;      - regs[9][6]        ; 1                 ; 0       ;
;      - regs[9][16]       ; 1                 ; 0       ;
;      - regs[9][17]       ; 1                 ; 0       ;
;      - regs[9][31]       ; 1                 ; 0       ;
;      - regs[9][21]       ; 1                 ; 0       ;
;      - regs[9][18]       ; 1                 ; 0       ;
;      - regs[25][7]       ; 1                 ; 0       ;
;      - regs[25][6]       ; 1                 ; 0       ;
;      - regs[25][5]       ; 1                 ; 0       ;
;      - regs[25][4]       ; 1                 ; 0       ;
;      - regs[25][3]       ; 1                 ; 0       ;
;      - regs[25][2]       ; 1                 ; 0       ;
;      - regs[25][1]       ; 1                 ; 0       ;
;      - regs[25][0]       ; 1                 ; 0       ;
;      - regs[25][31]      ; 1                 ; 0       ;
;      - regs[25][30]      ; 1                 ; 0       ;
;      - regs[25][29]      ; 1                 ; 0       ;
;      - regs[25][27]      ; 1                 ; 0       ;
;      - regs[25][26]      ; 1                 ; 0       ;
;      - regs[25][25]      ; 1                 ; 0       ;
;      - regs[25][24]      ; 1                 ; 0       ;
;      - regs[25][23]      ; 1                 ; 0       ;
;      - regs[25][22]      ; 1                 ; 0       ;
;      - regs[25][21]      ; 1                 ; 0       ;
;      - regs[25][20]      ; 1                 ; 0       ;
;      - regs[25][19]      ; 1                 ; 0       ;
;      - regs[25][18]      ; 1                 ; 0       ;
;      - regs[25][17]      ; 1                 ; 0       ;
;      - regs[25][16]      ; 1                 ; 0       ;
;      - regs[25][15]      ; 1                 ; 0       ;
;      - regs[25][28]      ; 1                 ; 0       ;
;      - regs[25][14]      ; 1                 ; 0       ;
;      - regs[25][13]      ; 1                 ; 0       ;
;      - regs[25][12]      ; 1                 ; 0       ;
;      - regs[25][11]      ; 1                 ; 0       ;
;      - regs[25][10]      ; 1                 ; 0       ;
;      - regs[25][9]       ; 1                 ; 0       ;
;      - regs[25][8]       ; 1                 ; 0       ;
;      - regs[5][30]       ; 1                 ; 0       ;
;      - regs[5][31]       ; 1                 ; 0       ;
;      - regs[5][5]        ; 1                 ; 0       ;
;      - regs[5][24]       ; 1                 ; 0       ;
;      - regs[5][28]       ; 1                 ; 0       ;
;      - regs[5][25]       ; 1                 ; 0       ;
;      - regs[5][8]        ; 1                 ; 0       ;
;      - regs[5][2]        ; 1                 ; 0       ;
;      - regs[5][3]        ; 1                 ; 0       ;
;      - regs[5][26]       ; 1                 ; 0       ;
;      - regs[5][19]       ; 1                 ; 0       ;
;      - regs[5][9]        ; 1                 ; 0       ;
;      - regs[5][17]       ; 1                 ; 0       ;
;      - regs[5][22]       ; 1                 ; 0       ;
;      - regs[5][11]       ; 1                 ; 0       ;
;      - regs[5][12]       ; 1                 ; 0       ;
;      - regs[5][4]        ; 1                 ; 0       ;
;      - regs[5][29]       ; 1                 ; 0       ;
;      - regs[5][10]       ; 1                 ; 0       ;
;      - regs[5][15]       ; 1                 ; 0       ;
;      - regs[5][0]        ; 1                 ; 0       ;
;      - regs[5][18]       ; 1                 ; 0       ;
;      - regs[5][14]       ; 1                 ; 0       ;
;      - regs[5][27]       ; 1                 ; 0       ;
;      - regs[5][16]       ; 1                 ; 0       ;
;      - regs[5][13]       ; 1                 ; 0       ;
;      - regs[5][23]       ; 1                 ; 0       ;
;      - regs[5][7]        ; 1                 ; 0       ;
;      - regs[5][6]        ; 1                 ; 0       ;
;      - regs[5][20]       ; 1                 ; 0       ;
;      - regs[5][21]       ; 1                 ; 0       ;
;      - regs[5][1]        ; 1                 ; 0       ;
;      - regs[21][12]      ; 1                 ; 0       ;
;      - regs[21][13]      ; 1                 ; 0       ;
;      - regs[21][31]      ; 1                 ; 0       ;
;      - regs[21][0]       ; 1                 ; 0       ;
;      - regs[21][29]      ; 1                 ; 0       ;
;      - regs[21][28]      ; 1                 ; 0       ;
;      - regs[21][6]       ; 1                 ; 0       ;
;      - regs[21][25]      ; 1                 ; 0       ;
;      - regs[21][15]      ; 1                 ; 0       ;
;      - regs[21][8]       ; 1                 ; 0       ;
;      - regs[21][17]      ; 1                 ; 0       ;
;      - regs[21][24]      ; 1                 ; 0       ;
;      - regs[21][4]       ; 1                 ; 0       ;
;      - regs[21][5]       ; 1                 ; 0       ;
;      - regs[21][20]      ; 1                 ; 0       ;
;      - regs[21][18]      ; 1                 ; 0       ;
;      - regs[21][1]       ; 1                 ; 0       ;
;      - regs[21][9]       ; 1                 ; 0       ;
;      - regs[21][23]      ; 1                 ; 0       ;
;      - regs[21][30]      ; 1                 ; 0       ;
;      - regs[21][10]      ; 1                 ; 0       ;
;      - regs[21][21]      ; 1                 ; 0       ;
;      - regs[21][19]      ; 1                 ; 0       ;
;      - regs[21][27]      ; 1                 ; 0       ;
;      - regs[21][14]      ; 1                 ; 0       ;
;      - regs[21][22]      ; 1                 ; 0       ;
;      - regs[21][11]      ; 1                 ; 0       ;
;      - regs[21][3]       ; 1                 ; 0       ;
;      - regs[21][7]       ; 1                 ; 0       ;
;      - regs[21][26]      ; 1                 ; 0       ;
;      - regs[21][2]       ; 1                 ; 0       ;
;      - regs[21][16]      ; 1                 ; 0       ;
;      - regs[13][1]       ; 1                 ; 0       ;
;      - regs[13][8]       ; 1                 ; 0       ;
;      - regs[13][28]      ; 1                 ; 0       ;
;      - regs[13][7]       ; 1                 ; 0       ;
;      - regs[13][5]       ; 1                 ; 0       ;
;      - regs[13][14]      ; 1                 ; 0       ;
;      - regs[13][29]      ; 1                 ; 0       ;
;      - regs[13][23]      ; 1                 ; 0       ;
;      - regs[13][26]      ; 1                 ; 0       ;
;      - regs[13][25]      ; 1                 ; 0       ;
;      - regs[13][27]      ; 1                 ; 0       ;
;      - regs[13][0]       ; 1                 ; 0       ;
;      - regs[13][2]       ; 1                 ; 0       ;
;      - regs[13][30]      ; 1                 ; 0       ;
;      - regs[13][6]       ; 1                 ; 0       ;
;      - regs[13][17]      ; 1                 ; 0       ;
;      - regs[13][20]      ; 1                 ; 0       ;
;      - regs[13][16]      ; 1                 ; 0       ;
;      - regs[13][24]      ; 1                 ; 0       ;
;      - regs[13][19]      ; 1                 ; 0       ;
;      - regs[13][15]      ; 1                 ; 0       ;
;      - regs[13][4]       ; 1                 ; 0       ;
;      - regs[13][11]      ; 1                 ; 0       ;
;      - regs[13][12]      ; 1                 ; 0       ;
;      - regs[13][18]      ; 1                 ; 0       ;
;      - regs[13][13]      ; 1                 ; 0       ;
;      - regs[13][21]      ; 1                 ; 0       ;
;      - regs[13][22]      ; 1                 ; 0       ;
;      - regs[13][10]      ; 1                 ; 0       ;
;      - regs[13][3]       ; 1                 ; 0       ;
;      - regs[13][31]      ; 1                 ; 0       ;
;      - regs[13][9]       ; 1                 ; 0       ;
;      - regs[29][6]       ; 1                 ; 0       ;
;      - regs[29][3]       ; 1                 ; 0       ;
;      - regs[29][2]       ; 1                 ; 0       ;
;      - regs[29][28]      ; 1                 ; 0       ;
;      - regs[29][30]      ; 1                 ; 0       ;
;      - regs[29][5]       ; 1                 ; 0       ;
;      - regs[29][7]       ; 1                 ; 0       ;
;      - regs[29][27]      ; 1                 ; 0       ;
;      - regs[29][12]      ; 1                 ; 0       ;
;      - regs[29][1]       ; 1                 ; 0       ;
;      - regs[29][21]      ; 1                 ; 0       ;
;      - regs[29][0]       ; 1                 ; 0       ;
;      - regs[29][18]      ; 1                 ; 0       ;
;      - regs[29][13]      ; 1                 ; 0       ;
;      - regs[29][24]      ; 1                 ; 0       ;
;      - regs[29][9]       ; 1                 ; 0       ;
;      - regs[29][26]      ; 1                 ; 0       ;
;      - regs[29][17]      ; 1                 ; 0       ;
;      - regs[29][19]      ; 1                 ; 0       ;
;      - regs[29][8]       ; 1                 ; 0       ;
;      - regs[29][15]      ; 1                 ; 0       ;
;      - regs[29][16]      ; 1                 ; 0       ;
;      - regs[29][14]      ; 1                 ; 0       ;
;      - regs[29][29]      ; 1                 ; 0       ;
;      - regs[29][31]      ; 1                 ; 0       ;
;      - regs[29][11]      ; 1                 ; 0       ;
;      - regs[29][20]      ; 1                 ; 0       ;
;      - regs[29][10]      ; 1                 ; 0       ;
;      - regs[29][4]       ; 1                 ; 0       ;
;      - regs[29][25]      ; 1                 ; 0       ;
;      - regs[29][22]      ; 1                 ; 0       ;
;      - regs[29][23]      ; 1                 ; 0       ;
;      - regs[3][29]       ; 1                 ; 0       ;
;      - regs[3][2]        ; 1                 ; 0       ;
;      - regs[3][0]        ; 1                 ; 0       ;
;      - regs[3][4]        ; 1                 ; 0       ;
;      - regs[3][30]       ; 1                 ; 0       ;
;      - regs[3][13]       ; 1                 ; 0       ;
;      - regs[3][15]       ; 1                 ; 0       ;
;      - regs[3][16]       ; 1                 ; 0       ;
;      - regs[3][12]       ; 1                 ; 0       ;
;      - regs[3][17]       ; 1                 ; 0       ;
;      - regs[3][1]        ; 1                 ; 0       ;
;      - regs[3][18]       ; 1                 ; 0       ;
;      - regs[3][11]       ; 1                 ; 0       ;
;      - regs[3][19]       ; 1                 ; 0       ;
;      - regs[3][10]       ; 1                 ; 0       ;
;      - regs[3][20]       ; 1                 ; 0       ;
;      - regs[3][31]       ; 1                 ; 0       ;
;      - regs[3][21]       ; 1                 ; 0       ;
;      - regs[3][3]        ; 1                 ; 0       ;
;      - regs[3][9]        ; 1                 ; 0       ;
;      - regs[3][22]       ; 1                 ; 0       ;
;      - regs[3][14]       ; 1                 ; 0       ;
;      - regs[3][23]       ; 1                 ; 0       ;
;      - regs[3][8]        ; 1                 ; 0       ;
;      - regs[3][24]       ; 1                 ; 0       ;
;      - regs[3][7]        ; 1                 ; 0       ;
;      - regs[3][25]       ; 1                 ; 0       ;
;      - regs[3][26]       ; 1                 ; 0       ;
;      - regs[3][5]        ; 1                 ; 0       ;
;      - regs[3][6]        ; 1                 ; 0       ;
;      - regs[3][27]       ; 1                 ; 0       ;
;      - regs[3][28]       ; 1                 ; 0       ;
;      - regs[19][19]      ; 1                 ; 0       ;
;      - regs[19][21]      ; 1                 ; 0       ;
;      - regs[19][4]       ; 1                 ; 0       ;
;      - regs[19][11]      ; 1                 ; 0       ;
;      - regs[19][17]      ; 1                 ; 0       ;
;      - regs[19][22]      ; 1                 ; 0       ;
;      - regs[19][15]      ; 1                 ; 0       ;
;      - regs[19][1]       ; 1                 ; 0       ;
;      - regs[19][13]      ; 1                 ; 0       ;
;      - regs[19][0]       ; 1                 ; 0       ;
;      - regs[19][31]      ; 1                 ; 0       ;
;      - regs[19][20]      ; 1                 ; 0       ;
;      - regs[19][8]       ; 1                 ; 0       ;
;      - regs[19][23]      ; 1                 ; 0       ;
;      - regs[19][9]       ; 1                 ; 0       ;
;      - regs[19][7]       ; 1                 ; 0       ;
;      - regs[19][3]       ; 1                 ; 0       ;
;      - regs[19][25]      ; 1                 ; 0       ;
;      - regs[19][12]      ; 1                 ; 0       ;
;      - regs[19][18]      ; 1                 ; 0       ;
;      - regs[19][2]       ; 1                 ; 0       ;
;      - regs[19][16]      ; 1                 ; 0       ;
;      - regs[19][24]      ; 1                 ; 0       ;
;      - regs[19][10]      ; 1                 ; 0       ;
;      - regs[19][26]      ; 1                 ; 0       ;
;      - regs[19][27]      ; 1                 ; 0       ;
;      - regs[19][30]      ; 1                 ; 0       ;
;      - regs[19][5]       ; 1                 ; 0       ;
;      - regs[19][6]       ; 1                 ; 0       ;
;      - regs[19][29]      ; 1                 ; 0       ;
;      - regs[19][28]      ; 1                 ; 0       ;
;      - regs[19][14]      ; 1                 ; 0       ;
;      - regs[11][10]      ; 1                 ; 0       ;
;      - regs[11][30]      ; 1                 ; 0       ;
;      - regs[11][20]      ; 1                 ; 0       ;
;      - regs[11][19]      ; 1                 ; 0       ;
;      - regs[11][22]      ; 1                 ; 0       ;
;      - regs[11][21]      ; 1                 ; 0       ;
;      - regs[11][3]       ; 1                 ; 0       ;
;      - regs[11][13]      ; 1                 ; 0       ;
;      - regs[11][14]      ; 1                 ; 0       ;
;      - regs[11][4]       ; 1                 ; 0       ;
;      - regs[11][11]      ; 1                 ; 0       ;
;      - regs[11][12]      ; 1                 ; 0       ;
;      - regs[11][16]      ; 1                 ; 0       ;
;      - regs[11][8]       ; 1                 ; 0       ;
;      - regs[11][25]      ; 1                 ; 0       ;
;      - regs[11][17]      ; 1                 ; 0       ;
;      - regs[11][9]       ; 1                 ; 0       ;
;      - regs[11][18]      ; 1                 ; 0       ;
;      - regs[11][15]      ; 1                 ; 0       ;
;      - regs[11][1]       ; 1                 ; 0       ;
;      - regs[11][27]      ; 1                 ; 0       ;
;      - regs[11][6]       ; 1                 ; 0       ;
;      - regs[11][26]      ; 1                 ; 0       ;
;      - regs[11][29]      ; 1                 ; 0       ;
;      - regs[11][31]      ; 1                 ; 0       ;
;      - regs[11][0]       ; 1                 ; 0       ;
;      - regs[11][24]      ; 1                 ; 0       ;
;      - regs[11][5]       ; 1                 ; 0       ;
;      - regs[11][23]      ; 1                 ; 0       ;
;      - regs[11][7]       ; 1                 ; 0       ;
;      - regs[11][28]      ; 1                 ; 0       ;
;      - regs[11][2]       ; 1                 ; 0       ;
;      - regs[27][28]      ; 1                 ; 0       ;
;      - regs[27][11]      ; 1                 ; 0       ;
;      - regs[27][26]      ; 1                 ; 0       ;
;      - regs[27][31]      ; 1                 ; 0       ;
;      - regs[27][16]      ; 1                 ; 0       ;
;      - regs[27][14]      ; 1                 ; 0       ;
;      - regs[27][15]      ; 1                 ; 0       ;
;      - regs[27][27]      ; 1                 ; 0       ;
;      - regs[27][21]      ; 1                 ; 0       ;
;      - regs[27][10]      ; 1                 ; 0       ;
;      - regs[27][20]      ; 1                 ; 0       ;
;      - regs[27][1]       ; 1                 ; 0       ;
;      - regs[27][5]       ; 1                 ; 0       ;
;      - regs[27][23]      ; 1                 ; 0       ;
;      - regs[27][19]      ; 1                 ; 0       ;
;      - regs[27][30]      ; 1                 ; 0       ;
;      - regs[27][12]      ; 1                 ; 0       ;
;      - regs[27][4]       ; 1                 ; 0       ;
;      - regs[27][9]       ; 1                 ; 0       ;
;      - regs[27][22]      ; 1                 ; 0       ;
;      - regs[27][24]      ; 1                 ; 0       ;
;      - regs[27][18]      ; 1                 ; 0       ;
;      - regs[27][0]       ; 1                 ; 0       ;
;      - regs[27][3]       ; 1                 ; 0       ;
;      - regs[27][25]      ; 1                 ; 0       ;
;      - regs[27][13]      ; 1                 ; 0       ;
;      - regs[27][2]       ; 1                 ; 0       ;
;      - regs[27][6]       ; 1                 ; 0       ;
;      - regs[27][29]      ; 1                 ; 0       ;
;      - regs[27][17]      ; 1                 ; 0       ;
;      - regs[27][8]       ; 1                 ; 0       ;
;      - regs[27][7]       ; 1                 ; 0       ;
;      - regs[7][31]       ; 1                 ; 0       ;
;      - regs[7][14]       ; 1                 ; 0       ;
;      - regs[7][2]        ; 1                 ; 0       ;
;      - regs[7][21]       ; 1                 ; 0       ;
;      - regs[7][23]       ; 1                 ; 0       ;
;      - regs[7][6]        ; 1                 ; 0       ;
;      - regs[7][12]       ; 1                 ; 0       ;
;      - regs[7][25]       ; 1                 ; 0       ;
;      - regs[7][27]       ; 1                 ; 0       ;
;      - regs[7][13]       ; 1                 ; 0       ;
;      - regs[7][20]       ; 1                 ; 0       ;
;      - regs[7][16]       ; 1                 ; 0       ;
;      - regs[7][18]       ; 1                 ; 0       ;
;      - regs[7][29]       ; 1                 ; 0       ;
;      - regs[7][15]       ; 1                 ; 0       ;
;      - regs[7][24]       ; 1                 ; 0       ;
;      - regs[7][0]        ; 1                 ; 0       ;
;      - regs[7][1]        ; 1                 ; 0       ;
;      - regs[7][3]        ; 1                 ; 0       ;
;      - regs[7][11]       ; 1                 ; 0       ;
;      - regs[7][26]       ; 1                 ; 0       ;
;      - regs[7][17]       ; 1                 ; 0       ;
;      - regs[7][22]       ; 1                 ; 0       ;
;      - regs[7][8]        ; 1                 ; 0       ;
;      - regs[7][9]        ; 1                 ; 0       ;
;      - regs[7][19]       ; 1                 ; 0       ;
;      - regs[7][30]       ; 1                 ; 0       ;
;      - regs[7][5]        ; 1                 ; 0       ;
;      - regs[7][4]        ; 1                 ; 0       ;
;      - regs[7][28]       ; 1                 ; 0       ;
;      - regs[7][7]        ; 1                 ; 0       ;
;      - regs[7][10]       ; 1                 ; 0       ;
;      - regs[23][23]      ; 1                 ; 0       ;
;      - regs[23][29]      ; 1                 ; 0       ;
;      - regs[23][9]       ; 1                 ; 0       ;
;      - regs[23][24]      ; 1                 ; 0       ;
;      - regs[23][0]       ; 1                 ; 0       ;
;      - regs[23][2]       ; 1                 ; 0       ;
;      - regs[23][5]       ; 1                 ; 0       ;
;      - regs[23][25]      ; 1                 ; 0       ;
;      - regs[23][16]      ; 1                 ; 0       ;
;      - regs[23][8]       ; 1                 ; 0       ;
;      - regs[23][15]      ; 1                 ; 0       ;
;      - regs[23][13]      ; 1                 ; 0       ;
;      - regs[23][17]      ; 1                 ; 0       ;
;      - regs[23][26]      ; 1                 ; 0       ;
;      - regs[23][3]       ; 1                 ; 0       ;
;      - regs[23][18]      ; 1                 ; 0       ;
;      - regs[23][14]      ; 1                 ; 0       ;
;      - regs[23][12]      ; 1                 ; 0       ;
;      - regs[23][19]      ; 1                 ; 0       ;
;      - regs[23][7]       ; 1                 ; 0       ;
;      - regs[23][27]      ; 1                 ; 0       ;
;      - regs[23][20]      ; 1                 ; 0       ;
;      - regs[23][11]      ; 1                 ; 0       ;
;      - regs[23][31]      ; 1                 ; 0       ;
;      - regs[23][21]      ; 1                 ; 0       ;
;      - regs[23][30]      ; 1                 ; 0       ;
;      - regs[23][4]       ; 1                 ; 0       ;
;      - regs[23][10]      ; 1                 ; 0       ;
;      - regs[23][28]      ; 1                 ; 0       ;
;      - regs[23][22]      ; 1                 ; 0       ;
;      - regs[23][6]       ; 1                 ; 0       ;
;      - regs[23][1]       ; 1                 ; 0       ;
;      - regs[15][28]      ; 1                 ; 0       ;
;      - regs[15][4]       ; 1                 ; 0       ;
;      - regs[15][16]      ; 1                 ; 0       ;
;      - regs[15][15]      ; 1                 ; 0       ;
;      - regs[15][31]      ; 1                 ; 0       ;
;      - regs[15][29]      ; 1                 ; 0       ;
;      - regs[15][11]      ; 1                 ; 0       ;
;      - regs[15][13]      ; 1                 ; 0       ;
;      - regs[15][17]      ; 1                 ; 0       ;
;      - regs[15][12]      ; 1                 ; 0       ;
;      - regs[15][18]      ; 1                 ; 0       ;
;      - regs[15][19]      ; 1                 ; 0       ;
;      - regs[15][20]      ; 1                 ; 0       ;
;      - regs[15][21]      ; 1                 ; 0       ;
;      - regs[15][10]      ; 1                 ; 0       ;
;      - regs[15][14]      ; 1                 ; 0       ;
;      - regs[15][22]      ; 1                 ; 0       ;
;      - regs[15][9]       ; 1                 ; 0       ;
;      - regs[15][23]      ; 1                 ; 0       ;
;      - regs[15][24]      ; 1                 ; 0       ;
;      - regs[15][1]       ; 1                 ; 0       ;
;      - regs[15][8]       ; 1                 ; 0       ;
;      - regs[15][25]      ; 1                 ; 0       ;
;      - regs[15][7]       ; 1                 ; 0       ;
;      - regs[15][26]      ; 1                 ; 0       ;
;      - regs[15][27]      ; 1                 ; 0       ;
;      - regs[15][6]       ; 1                 ; 0       ;
;      - regs[15][2]       ; 1                 ; 0       ;
;      - regs[15][3]       ; 1                 ; 0       ;
;      - regs[15][5]       ; 1                 ; 0       ;
;      - regs[15][30]      ; 1                 ; 0       ;
;      - regs[15][0]       ; 1                 ; 0       ;
;      - regs[31][27]      ; 1                 ; 0       ;
;      - regs[31][28]      ; 1                 ; 0       ;
;      - regs[31][29]      ; 1                 ; 0       ;
;      - regs[31][30]      ; 1                 ; 0       ;
;      - regs[31][31]      ; 1                 ; 0       ;
;      - regs[31][4]       ; 1                 ; 0       ;
;      - regs[31][0]       ; 1                 ; 0       ;
;      - regs[31][1]       ; 1                 ; 0       ;
;      - regs[31][2]       ; 1                 ; 0       ;
;      - regs[31][3]       ; 1                 ; 0       ;
;      - regs[31][5]       ; 1                 ; 0       ;
;      - regs[31][6]       ; 1                 ; 0       ;
;      - regs[31][7]       ; 1                 ; 0       ;
;      - regs[31][8]       ; 1                 ; 0       ;
;      - regs[31][9]       ; 1                 ; 0       ;
;      - regs[31][10]      ; 1                 ; 0       ;
;      - regs[31][11]      ; 1                 ; 0       ;
;      - regs[31][12]      ; 1                 ; 0       ;
;      - regs[31][13]      ; 1                 ; 0       ;
;      - regs[31][14]      ; 1                 ; 0       ;
;      - regs[31][15]      ; 1                 ; 0       ;
;      - regs[31][16]      ; 1                 ; 0       ;
;      - regs[31][17]      ; 1                 ; 0       ;
;      - regs[31][18]      ; 1                 ; 0       ;
;      - regs[31][19]      ; 1                 ; 0       ;
;      - regs[31][20]      ; 1                 ; 0       ;
;      - regs[31][21]      ; 1                 ; 0       ;
;      - regs[31][22]      ; 1                 ; 0       ;
;      - regs[31][23]      ; 1                 ; 0       ;
;      - regs[31][24]      ; 1                 ; 0       ;
;      - regs[31][25]      ; 1                 ; 0       ;
;      - regs[31][26]      ; 1                 ; 0       ;
;      - inst_r[4]         ; 1                 ; 0       ;
;      - ps[0]             ; 1                 ; 0       ;
;      - ps[1]             ; 1                 ; 0       ;
;      - imm_r~2           ; 1                 ; 0       ;
;      - imm_r~6           ; 1                 ; 0       ;
;      - imm_r~10          ; 1                 ; 0       ;
;      - imm_r~14          ; 1                 ; 0       ;
;      - regs[31][27]~0    ; 1                 ; 0       ;
;      - sel_rd_value_r~9  ; 1                 ; 0       ;
;      - sel_alu_b_r~6     ; 1                 ; 0       ;
;      - always6~0         ; 1                 ; 0       ;
;      - sel_alu_b_r~9     ; 1                 ; 0       ;
;      - sel_alu_a_r~0     ; 1                 ; 0       ;
;      - op_r~2            ; 1                 ; 0       ;
;      - op_r~3            ; 1                 ; 0       ;
;      - imm_r~0           ; 1                 ; 0       ;
;      - sel_rd_value_r~11 ; 1                 ; 0       ;
;      - sel_alu_b_r~10    ; 1                 ; 0       ;
;      - sel_rd_value_r~12 ; 1                 ; 0       ;
;      - flush_IDEX_r~0    ; 1                 ; 0       ;
;      - regs[16][21]~1    ; 1                 ; 0       ;
;      - regs[17][26]~2    ; 1                 ; 0       ;
;      - regs[20][4]~3     ; 1                 ; 0       ;
;      - regs[21][12]~4    ; 1                 ; 0       ;
;      - regs[18][25]~5    ; 1                 ; 0       ;
;      - regs[19][19]~6    ; 1                 ; 0       ;
;      - regs[22][9]~7     ; 1                 ; 0       ;
;      - regs[23][23]~8    ; 1                 ; 0       ;
;      - regs[24][20]~9    ; 1                 ; 0       ;
;      - regs[25][7]~10    ; 1                 ; 0       ;
;      - regs[28][22]~11   ; 1                 ; 0       ;
;      - regs[29][6]~12    ; 1                 ; 0       ;
;      - regs[26][0]~13    ; 1                 ; 0       ;
;      - regs[27][28]~14   ; 1                 ; 0       ;
;      - regs[30][27]~15   ; 1                 ; 0       ;
;      - regs[8][12]~16    ; 1                 ; 0       ;
;      - regs[10][19]~17   ; 1                 ; 0       ;
;      - regs[9][15]~18    ; 1                 ; 0       ;
;      - regs[11][10]~19   ; 1                 ; 0       ;
;      - regs[2][11]~20    ; 1                 ; 0       ;
;      - regs[3][29]~21    ; 1                 ; 0       ;
;      - regs[1][23]~22    ; 1                 ; 0       ;
;      - regs[12][13]~23   ; 1                 ; 0       ;
;      - regs[14][13]~24   ; 1                 ; 0       ;
;      - regs[13][1]~25    ; 1                 ; 0       ;
;      - regs[15][28]~26   ; 1                 ; 0       ;
;      - regs[4][16]~27    ; 1                 ; 0       ;
;      - regs[6][0]~28     ; 1                 ; 0       ;
;      - regs[5][30]~29    ; 1                 ; 0       ;
;      - regs[7][31]~30    ; 1                 ; 0       ;
;      - always0~0         ; 1                 ; 0       ;
;      - pc~20             ; 1                 ; 0       ;
;      - pc[0]~21          ; 1                 ; 0       ;
;      - pc~22             ; 1                 ; 0       ;
;      - sel_pc_r~1        ; 1                 ; 0       ;
;      - sel_jump_r~0      ; 1                 ; 0       ;
+--------------------------+-------------------+---------+


+-----------------------------------------------------------------------------------------------------------------------------------------------------------------------+
; Control Signals                                                                                                                                                       ;
+-----------------------------+----------------------+---------+-------------------------+--------+----------------------+------------------+---------------------------+
; Name                        ; Location             ; Fan-Out ; Usage                   ; Global ; Global Resource Used ; Global Line Name ; Enable Signal Source Name ;
+-----------------------------+----------------------+---------+-------------------------+--------+----------------------+------------------+---------------------------+
; LSU:LSU1|RAM:ram_0|ram~2090 ; MLABCELL_X18_Y17_N9  ; 8       ; Clock enable            ; no     ; --                   ; --               ; --                        ;
; LSU:LSU1|RAM:ram_0|ram~2092 ; MLABCELL_X18_Y17_N18 ; 8       ; Clock enable            ; no     ; --                   ; --               ; --                        ;
; LSU:LSU1|RAM:ram_0|ram~2094 ; LABCELL_X17_Y17_N15  ; 8       ; Clock enable            ; no     ; --                   ; --               ; --                        ;
; LSU:LSU1|RAM:ram_0|ram~2096 ; LABCELL_X16_Y16_N57  ; 8       ; Clock enable            ; no     ; --                   ; --               ; --                        ;
; LSU:LSU1|RAM:ram_0|ram~2098 ; LABCELL_X16_Y14_N0   ; 8       ; Clock enable            ; no     ; --                   ; --               ; --                        ;
; LSU:LSU1|RAM:ram_0|ram~2100 ; LABCELL_X16_Y12_N27  ; 8       ; Clock enable            ; no     ; --                   ; --               ; --                        ;
; LSU:LSU1|RAM:ram_0|ram~2102 ; LABCELL_X14_Y11_N0   ; 8       ; Clock enable            ; no     ; --                   ; --               ; --                        ;
; LSU:LSU1|RAM:ram_0|ram~2104 ; LABCELL_X14_Y10_N12  ; 8       ; Clock enable            ; no     ; --                   ; --               ; --                        ;
; LSU:LSU1|RAM:ram_0|ram~2106 ; LABCELL_X14_Y16_N15  ; 8       ; Clock enable            ; no     ; --                   ; --               ; --                        ;
; LSU:LSU1|RAM:ram_0|ram~2108 ; LABCELL_X17_Y16_N39  ; 8       ; Clock enable            ; no     ; --                   ; --               ; --                        ;
; LSU:LSU1|RAM:ram_0|ram~2110 ; LABCELL_X17_Y16_N45  ; 8       ; Clock enable            ; no     ; --                   ; --               ; --                        ;
; LSU:LSU1|RAM:ram_0|ram~2112 ; LABCELL_X14_Y16_N57  ; 8       ; Clock enable            ; no     ; --                   ; --               ; --                        ;
; LSU:LSU1|RAM:ram_0|ram~2114 ; LABCELL_X14_Y13_N24  ; 8       ; Clock enable            ; no     ; --                   ; --               ; --                        ;
; LSU:LSU1|RAM:ram_0|ram~2116 ; LABCELL_X17_Y13_N57  ; 8       ; Clock enable            ; no     ; --                   ; --               ; --                        ;
; LSU:LSU1|RAM:ram_0|ram~2118 ; LABCELL_X14_Y13_N9   ; 8       ; Clock enable            ; no     ; --                   ; --               ; --                        ;
; LSU:LSU1|RAM:ram_0|ram~2120 ; LABCELL_X17_Y13_N54  ; 8       ; Clock enable            ; no     ; --                   ; --               ; --                        ;
; LSU:LSU1|RAM:ram_0|ram~2122 ; LABCELL_X20_Y14_N3   ; 8       ; Clock enable            ; no     ; --                   ; --               ; --                        ;
; LSU:LSU1|RAM:ram_0|ram~2124 ; LABCELL_X20_Y14_N57  ; 8       ; Clock enable            ; no     ; --                   ; --               ; --                        ;
; LSU:LSU1|RAM:ram_0|ram~2126 ; LABCELL_X19_Y14_N18  ; 8       ; Clock enable            ; no     ; --                   ; --               ; --                        ;
; LSU:LSU1|RAM:ram_0|ram~2128 ; LABCELL_X19_Y14_N36  ; 8       ; Clock enable            ; no     ; --                   ; --               ; --                        ;
; LSU:LSU1|RAM:ram_0|ram~2130 ; LABCELL_X16_Y13_N42  ; 8       ; Clock enable            ; no     ; --                   ; --               ; --                        ;
; LSU:LSU1|RAM:ram_0|ram~2132 ; LABCELL_X17_Y13_N9   ; 8       ; Clock enable            ; no     ; --                   ; --               ; --                        ;
; LSU:LSU1|RAM:ram_0|ram~2134 ; LABCELL_X16_Y13_N3   ; 8       ; Clock enable            ; no     ; --                   ; --               ; --                        ;
; LSU:LSU1|RAM:ram_0|ram~2136 ; LABCELL_X17_Y13_N0   ; 8       ; Clock enable            ; no     ; --                   ; --               ; --                        ;
; LSU:LSU1|RAM:ram_0|ram~2138 ; LABCELL_X17_Y11_N6   ; 8       ; Clock enable            ; no     ; --                   ; --               ; --                        ;
; LSU:LSU1|RAM:ram_0|ram~2140 ; LABCELL_X19_Y11_N9   ; 8       ; Clock enable            ; no     ; --                   ; --               ; --                        ;
; LSU:LSU1|RAM:ram_0|ram~2142 ; LABCELL_X14_Y13_N6   ; 8       ; Clock enable            ; no     ; --                   ; --               ; --                        ;
; LSU:LSU1|RAM:ram_0|ram~2144 ; LABCELL_X20_Y11_N15  ; 8       ; Clock enable            ; no     ; --                   ; --               ; --                        ;
; LSU:LSU1|RAM:ram_0|ram~2146 ; LABCELL_X20_Y16_N12  ; 8       ; Clock enable            ; no     ; --                   ; --               ; --                        ;
; LSU:LSU1|RAM:ram_0|ram~2148 ; LABCELL_X14_Y14_N30  ; 8       ; Clock enable            ; no     ; --                   ; --               ; --                        ;
; LSU:LSU1|RAM:ram_0|ram~2150 ; LABCELL_X20_Y16_N21  ; 8       ; Clock enable            ; no     ; --                   ; --               ; --                        ;
; LSU:LSU1|RAM:ram_0|ram~2152 ; LABCELL_X14_Y14_N48  ; 8       ; Clock enable            ; no     ; --                   ; --               ; --                        ;
; LSU:LSU1|RAM:ram_0|ram~2154 ; MLABCELL_X18_Y17_N6  ; 8       ; Clock enable            ; no     ; --                   ; --               ; --                        ;
; LSU:LSU1|RAM:ram_0|ram~2155 ; MLABCELL_X18_Y17_N21 ; 8       ; Clock enable            ; no     ; --                   ; --               ; --                        ;
; LSU:LSU1|RAM:ram_0|ram~2156 ; LABCELL_X17_Y17_N57  ; 8       ; Clock enable            ; no     ; --                   ; --               ; --                        ;
; LSU:LSU1|RAM:ram_0|ram~2157 ; LABCELL_X14_Y16_N21  ; 8       ; Clock enable            ; no     ; --                   ; --               ; --                        ;
; LSU:LSU1|RAM:ram_0|ram~2158 ; LABCELL_X14_Y15_N6   ; 8       ; Clock enable            ; no     ; --                   ; --               ; --                        ;
; LSU:LSU1|RAM:ram_0|ram~2159 ; LABCELL_X14_Y15_N24  ; 8       ; Clock enable            ; no     ; --                   ; --               ; --                        ;
; LSU:LSU1|RAM:ram_0|ram~2160 ; LABCELL_X14_Y11_N3   ; 8       ; Clock enable            ; no     ; --                   ; --               ; --                        ;
; LSU:LSU1|RAM:ram_0|ram~2161 ; LABCELL_X14_Y15_N3   ; 8       ; Clock enable            ; no     ; --                   ; --               ; --                        ;
; LSU:LSU1|RAM:ram_0|ram~2162 ; LABCELL_X14_Y16_N0   ; 8       ; Clock enable            ; no     ; --                   ; --               ; --                        ;
; LSU:LSU1|RAM:ram_0|ram~2163 ; LABCELL_X14_Y16_N12  ; 8       ; Clock enable            ; no     ; --                   ; --               ; --                        ;
; LSU:LSU1|RAM:ram_0|ram~2164 ; LABCELL_X16_Y16_N48  ; 8       ; Clock enable            ; no     ; --                   ; --               ; --                        ;
; LSU:LSU1|RAM:ram_0|ram~2165 ; LABCELL_X14_Y16_N48  ; 8       ; Clock enable            ; no     ; --                   ; --               ; --                        ;
; LSU:LSU1|RAM:ram_0|ram~2166 ; LABCELL_X14_Y13_N27  ; 8       ; Clock enable            ; no     ; --                   ; --               ; --                        ;
; LSU:LSU1|RAM:ram_0|ram~2167 ; LABCELL_X20_Y15_N15  ; 8       ; Clock enable            ; no     ; --                   ; --               ; --                        ;
; LSU:LSU1|RAM:ram_0|ram~2168 ; LABCELL_X20_Y15_N6   ; 8       ; Clock enable            ; no     ; --                   ; --               ; --                        ;
; LSU:LSU1|RAM:ram_0|ram~2169 ; LABCELL_X17_Y13_N30  ; 8       ; Clock enable            ; no     ; --                   ; --               ; --                        ;
; LSU:LSU1|RAM:ram_0|ram~2170 ; MLABCELL_X18_Y14_N18 ; 8       ; Clock enable            ; no     ; --                   ; --               ; --                        ;
; LSU:LSU1|RAM:ram_0|ram~2171 ; MLABCELL_X13_Y12_N27 ; 8       ; Clock enable            ; no     ; --                   ; --               ; --                        ;
; LSU:LSU1|RAM:ram_0|ram~2172 ; MLABCELL_X13_Y12_N42 ; 8       ; Clock enable            ; no     ; --                   ; --               ; --                        ;
; LSU:LSU1|RAM:ram_0|ram~2173 ; MLABCELL_X13_Y13_N3  ; 8       ; Clock enable            ; no     ; --                   ; --               ; --                        ;
; LSU:LSU1|RAM:ram_0|ram~2174 ; LABCELL_X16_Y13_N33  ; 8       ; Clock enable            ; no     ; --                   ; --               ; --                        ;
; LSU:LSU1|RAM:ram_0|ram~2175 ; LABCELL_X17_Y13_N24  ; 8       ; Clock enable            ; no     ; --                   ; --               ; --                        ;
; LSU:LSU1|RAM:ram_0|ram~2176 ; LABCELL_X16_Y13_N39  ; 8       ; Clock enable            ; no     ; --                   ; --               ; --                        ;
; LSU:LSU1|RAM:ram_0|ram~2177 ; LABCELL_X17_Y13_N12  ; 8       ; Clock enable            ; no     ; --                   ; --               ; --                        ;
; LSU:LSU1|RAM:ram_0|ram~2178 ; LABCELL_X12_Y14_N21  ; 8       ; Clock enable            ; no     ; --                   ; --               ; --                        ;
; LSU:LSU1|RAM:ram_0|ram~2179 ; LABCELL_X14_Y13_N42  ; 8       ; Clock enable            ; no     ; --                   ; --               ; --                        ;
; LSU:LSU1|RAM:ram_0|ram~2180 ; MLABCELL_X13_Y13_N45 ; 8       ; Clock enable            ; no     ; --                   ; --               ; --                        ;
; LSU:LSU1|RAM:ram_0|ram~2181 ; LABCELL_X20_Y11_N30  ; 8       ; Clock enable            ; no     ; --                   ; --               ; --                        ;
; LSU:LSU1|RAM:ram_0|ram~2182 ; LABCELL_X20_Y16_N45  ; 8       ; Clock enable            ; no     ; --                   ; --               ; --                        ;
; LSU:LSU1|RAM:ram_0|ram~2183 ; LABCELL_X14_Y14_N33  ; 8       ; Clock enable            ; no     ; --                   ; --               ; --                        ;
; LSU:LSU1|RAM:ram_0|ram~2184 ; LABCELL_X20_Y16_N18  ; 8       ; Clock enable            ; no     ; --                   ; --               ; --                        ;
; LSU:LSU1|RAM:ram_0|ram~2185 ; LABCELL_X20_Y16_N15  ; 8       ; Clock enable            ; no     ; --                   ; --               ; --                        ;
; LSU:LSU1|RAM:ram_0|ram~2187 ; LABCELL_X19_Y17_N48  ; 8       ; Clock enable            ; no     ; --                   ; --               ; --                        ;
; LSU:LSU1|RAM:ram_0|ram~2189 ; LABCELL_X17_Y17_N6   ; 8       ; Clock enable            ; no     ; --                   ; --               ; --                        ;
; LSU:LSU1|RAM:ram_0|ram~2191 ; MLABCELL_X18_Y17_N33 ; 8       ; Clock enable            ; no     ; --                   ; --               ; --                        ;
; LSU:LSU1|RAM:ram_0|ram~2193 ; LABCELL_X14_Y17_N33  ; 8       ; Clock enable            ; no     ; --                   ; --               ; --                        ;
; LSU:LSU1|RAM:ram_0|ram~2195 ; LABCELL_X17_Y11_N48  ; 8       ; Clock enable            ; no     ; --                   ; --               ; --                        ;
; LSU:LSU1|RAM:ram_0|ram~2197 ; LABCELL_X17_Y10_N48  ; 8       ; Clock enable            ; no     ; --                   ; --               ; --                        ;
; LSU:LSU1|RAM:ram_0|ram~2199 ; LABCELL_X14_Y10_N33  ; 8       ; Clock enable            ; no     ; --                   ; --               ; --                        ;
; LSU:LSU1|RAM:ram_0|ram~2201 ; LABCELL_X17_Y10_N57  ; 8       ; Clock enable            ; no     ; --                   ; --               ; --                        ;
; LSU:LSU1|RAM:ram_0|ram~2203 ; LABCELL_X16_Y15_N3   ; 8       ; Clock enable            ; no     ; --                   ; --               ; --                        ;
; LSU:LSU1|RAM:ram_0|ram~2205 ; LABCELL_X14_Y16_N9   ; 8       ; Clock enable            ; no     ; --                   ; --               ; --                        ;
; LSU:LSU1|RAM:ram_0|ram~2207 ; LABCELL_X17_Y17_N54  ; 8       ; Clock enable            ; no     ; --                   ; --               ; --                        ;
; LSU:LSU1|RAM:ram_0|ram~2209 ; LABCELL_X16_Y16_N3   ; 8       ; Clock enable            ; no     ; --                   ; --               ; --                        ;
; LSU:LSU1|RAM:ram_0|ram~2211 ; LABCELL_X21_Y13_N30  ; 8       ; Clock enable            ; no     ; --                   ; --               ; --                        ;
; LSU:LSU1|RAM:ram_0|ram~2213 ; LABCELL_X21_Y13_N9   ; 8       ; Clock enable            ; no     ; --                   ; --               ; --                        ;
; LSU:LSU1|RAM:ram_0|ram~2215 ; LABCELL_X14_Y13_N57  ; 8       ; Clock enable            ; no     ; --                   ; --               ; --                        ;
; LSU:LSU1|RAM:ram_0|ram~2217 ; LABCELL_X21_Y13_N3   ; 8       ; Clock enable            ; no     ; --                   ; --               ; --                        ;
; LSU:LSU1|RAM:ram_0|ram~2219 ; LABCELL_X17_Y14_N42  ; 8       ; Clock enable            ; no     ; --                   ; --               ; --                        ;
; LSU:LSU1|RAM:ram_0|ram~2221 ; LABCELL_X20_Y14_N6   ; 8       ; Clock enable            ; no     ; --                   ; --               ; --                        ;
; LSU:LSU1|RAM:ram_0|ram~2223 ; MLABCELL_X18_Y14_N6  ; 8       ; Clock enable            ; no     ; --                   ; --               ; --                        ;
; LSU:LSU1|RAM:ram_0|ram~2225 ; LABCELL_X19_Y16_N24  ; 8       ; Clock enable            ; no     ; --                   ; --               ; --                        ;
; LSU:LSU1|RAM:ram_0|ram~2227 ; LABCELL_X20_Y12_N33  ; 8       ; Clock enable            ; no     ; --                   ; --               ; --                        ;
; LSU:LSU1|RAM:ram_0|ram~2229 ; LABCELL_X21_Y13_N42  ; 8       ; Clock enable            ; no     ; --                   ; --               ; --                        ;
; LSU:LSU1|RAM:ram_0|ram~2231 ; LABCELL_X21_Y13_N18  ; 8       ; Clock enable            ; no     ; --                   ; --               ; --                        ;
; LSU:LSU1|RAM:ram_0|ram~2233 ; LABCELL_X16_Y13_N21  ; 8       ; Clock enable            ; no     ; --                   ; --               ; --                        ;
; LSU:LSU1|RAM:ram_0|ram~2235 ; LABCELL_X14_Y11_N27  ; 8       ; Clock enable            ; no     ; --                   ; --               ; --                        ;
; LSU:LSU1|RAM:ram_0|ram~2237 ; LABCELL_X17_Y11_N45  ; 8       ; Clock enable            ; no     ; --                   ; --               ; --                        ;
; LSU:LSU1|RAM:ram_0|ram~2239 ; LABCELL_X16_Y12_N6   ; 8       ; Clock enable            ; no     ; --                   ; --               ; --                        ;
; LSU:LSU1|RAM:ram_0|ram~2241 ; LABCELL_X17_Y11_N33  ; 8       ; Clock enable            ; no     ; --                   ; --               ; --                        ;
; LSU:LSU1|RAM:ram_0|ram~2243 ; LABCELL_X17_Y14_N15  ; 8       ; Clock enable            ; no     ; --                   ; --               ; --                        ;
; LSU:LSU1|RAM:ram_0|ram~2245 ; MLABCELL_X18_Y14_N9  ; 8       ; Clock enable            ; no     ; --                   ; --               ; --                        ;
; LSU:LSU1|RAM:ram_0|ram~2247 ; LABCELL_X17_Y14_N51  ; 8       ; Clock enable            ; no     ; --                   ; --               ; --                        ;
; LSU:LSU1|RAM:ram_0|ram~2249 ; LABCELL_X17_Y14_N27  ; 8       ; Clock enable            ; no     ; --                   ; --               ; --                        ;
; LSU:LSU1|RAM:ram_0|ram~2250 ; LABCELL_X16_Y17_N21  ; 8       ; Clock enable            ; no     ; --                   ; --               ; --                        ;
; LSU:LSU1|RAM:ram_0|ram~2251 ; LABCELL_X16_Y17_N18  ; 8       ; Clock enable            ; no     ; --                   ; --               ; --                        ;
; LSU:LSU1|RAM:ram_0|ram~2252 ; LABCELL_X16_Y17_N27  ; 8       ; Clock enable            ; no     ; --                   ; --               ; --                        ;
; LSU:LSU1|RAM:ram_0|ram~2253 ; LABCELL_X14_Y17_N51  ; 8       ; Clock enable            ; no     ; --                   ; --               ; --                        ;
; LSU:LSU1|RAM:ram_0|ram~2254 ; LABCELL_X10_Y15_N42  ; 8       ; Clock enable            ; no     ; --                   ; --               ; --                        ;
; LSU:LSU1|RAM:ram_0|ram~2255 ; LABCELL_X12_Y15_N21  ; 8       ; Clock enable            ; no     ; --                   ; --               ; --                        ;
; LSU:LSU1|RAM:ram_0|ram~2256 ; LABCELL_X10_Y15_N45  ; 8       ; Clock enable            ; no     ; --                   ; --               ; --                        ;
; LSU:LSU1|RAM:ram_0|ram~2257 ; MLABCELL_X18_Y14_N21 ; 8       ; Clock enable            ; no     ; --                   ; --               ; --                        ;
; LSU:LSU1|RAM:ram_0|ram~2258 ; LABCELL_X14_Y16_N6   ; 8       ; Clock enable            ; no     ; --                   ; --               ; --                        ;
; LSU:LSU1|RAM:ram_0|ram~2259 ; LABCELL_X14_Y16_N18  ; 8       ; Clock enable            ; no     ; --                   ; --               ; --                        ;
; LSU:LSU1|RAM:ram_0|ram~2260 ; LABCELL_X10_Y16_N9   ; 8       ; Clock enable            ; no     ; --                   ; --               ; --                        ;
; LSU:LSU1|RAM:ram_0|ram~2261 ; LABCELL_X16_Y16_N0   ; 8       ; Clock enable            ; no     ; --                   ; --               ; --                        ;
; LSU:LSU1|RAM:ram_0|ram~2262 ; LABCELL_X21_Y13_N33  ; 8       ; Clock enable            ; no     ; --                   ; --               ; --                        ;
; LSU:LSU1|RAM:ram_0|ram~2263 ; LABCELL_X21_Y15_N18  ; 8       ; Clock enable            ; no     ; --                   ; --               ; --                        ;
; LSU:LSU1|RAM:ram_0|ram~2264 ; LABCELL_X14_Y13_N54  ; 8       ; Clock enable            ; no     ; --                   ; --               ; --                        ;
; LSU:LSU1|RAM:ram_0|ram~2265 ; LABCELL_X21_Y15_N21  ; 8       ; Clock enable            ; no     ; --                   ; --               ; --                        ;
; LSU:LSU1|RAM:ram_0|ram~2266 ; LABCELL_X17_Y14_N6   ; 8       ; Clock enable            ; no     ; --                   ; --               ; --                        ;
; LSU:LSU1|RAM:ram_0|ram~2267 ; LABCELL_X10_Y12_N21  ; 8       ; Clock enable            ; no     ; --                   ; --               ; --                        ;
; LSU:LSU1|RAM:ram_0|ram~2268 ; MLABCELL_X9_Y12_N57  ; 8       ; Clock enable            ; no     ; --                   ; --               ; --                        ;
; LSU:LSU1|RAM:ram_0|ram~2269 ; MLABCELL_X9_Y12_N36  ; 8       ; Clock enable            ; no     ; --                   ; --               ; --                        ;
; LSU:LSU1|RAM:ram_0|ram~2270 ; LABCELL_X19_Y12_N54  ; 8       ; Clock enable            ; no     ; --                   ; --               ; --                        ;
; LSU:LSU1|RAM:ram_0|ram~2271 ; LABCELL_X21_Y13_N45  ; 8       ; Clock enable            ; no     ; --                   ; --               ; --                        ;
; LSU:LSU1|RAM:ram_0|ram~2272 ; LABCELL_X21_Y13_N21  ; 8       ; Clock enable            ; no     ; --                   ; --               ; --                        ;
; LSU:LSU1|RAM:ram_0|ram~2273 ; LABCELL_X16_Y13_N27  ; 8       ; Clock enable            ; no     ; --                   ; --               ; --                        ;
; LSU:LSU1|RAM:ram_0|ram~2274 ; LABCELL_X14_Y11_N24  ; 8       ; Clock enable            ; no     ; --                   ; --               ; --                        ;
; LSU:LSU1|RAM:ram_0|ram~2275 ; LABCELL_X16_Y12_N48  ; 8       ; Clock enable            ; no     ; --                   ; --               ; --                        ;
; LSU:LSU1|RAM:ram_0|ram~2276 ; LABCELL_X16_Y12_N9   ; 8       ; Clock enable            ; no     ; --                   ; --               ; --                        ;
; LSU:LSU1|RAM:ram_0|ram~2277 ; LABCELL_X16_Y12_N54  ; 8       ; Clock enable            ; no     ; --                   ; --               ; --                        ;
; LSU:LSU1|RAM:ram_0|ram~2278 ; LABCELL_X19_Y18_N45  ; 8       ; Clock enable            ; no     ; --                   ; --               ; --                        ;
; LSU:LSU1|RAM:ram_0|ram~2279 ; LABCELL_X21_Y18_N3   ; 8       ; Clock enable            ; no     ; --                   ; --               ; --                        ;
; LSU:LSU1|RAM:ram_0|ram~2280 ; LABCELL_X19_Y18_N51  ; 8       ; Clock enable            ; no     ; --                   ; --               ; --                        ;
; LSU:LSU1|RAM:ram_0|ram~2281 ; LABCELL_X21_Y18_N42  ; 8       ; Clock enable            ; no     ; --                   ; --               ; --                        ;
; LSU:LSU1|RAM:ram_1|ram~2089 ; LABCELL_X50_Y13_N21  ; 8       ; Clock enable            ; no     ; --                   ; --               ; --                        ;
; LSU:LSU1|RAM:ram_1|ram~2091 ; LABCELL_X48_Y13_N18  ; 8       ; Clock enable            ; no     ; --                   ; --               ; --                        ;
; LSU:LSU1|RAM:ram_1|ram~2093 ; LABCELL_X48_Y13_N27  ; 8       ; Clock enable            ; no     ; --                   ; --               ; --                        ;
; LSU:LSU1|RAM:ram_1|ram~2095 ; MLABCELL_X49_Y15_N18 ; 8       ; Clock enable            ; no     ; --                   ; --               ; --                        ;
; LSU:LSU1|RAM:ram_1|ram~2097 ; LABCELL_X40_Y17_N0   ; 8       ; Clock enable            ; no     ; --                   ; --               ; --                        ;
; LSU:LSU1|RAM:ram_1|ram~2099 ; LABCELL_X43_Y15_N57  ; 8       ; Clock enable            ; no     ; --                   ; --               ; --                        ;
; LSU:LSU1|RAM:ram_1|ram~2101 ; LABCELL_X40_Y17_N36  ; 8       ; Clock enable            ; no     ; --                   ; --               ; --                        ;
; LSU:LSU1|RAM:ram_1|ram~2103 ; LABCELL_X43_Y15_N30  ; 8       ; Clock enable            ; no     ; --                   ; --               ; --                        ;
; LSU:LSU1|RAM:ram_1|ram~2105 ; LABCELL_X43_Y12_N48  ; 8       ; Clock enable            ; no     ; --                   ; --               ; --                        ;
; LSU:LSU1|RAM:ram_1|ram~2107 ; LABCELL_X43_Y12_N18  ; 8       ; Clock enable            ; no     ; --                   ; --               ; --                        ;
; LSU:LSU1|RAM:ram_1|ram~2109 ; LABCELL_X43_Y12_N12  ; 8       ; Clock enable            ; no     ; --                   ; --               ; --                        ;
; LSU:LSU1|RAM:ram_1|ram~2111 ; LABCELL_X43_Y12_N57  ; 8       ; Clock enable            ; no     ; --                   ; --               ; --                        ;
; LSU:LSU1|RAM:ram_1|ram~2113 ; LABCELL_X41_Y13_N24  ; 8       ; Clock enable            ; no     ; --                   ; --               ; --                        ;
; LSU:LSU1|RAM:ram_1|ram~2115 ; MLABCELL_X49_Y15_N9  ; 8       ; Clock enable            ; no     ; --                   ; --               ; --                        ;
; LSU:LSU1|RAM:ram_1|ram~2117 ; MLABCELL_X49_Y15_N48 ; 8       ; Clock enable            ; no     ; --                   ; --               ; --                        ;
; LSU:LSU1|RAM:ram_1|ram~2119 ; LABCELL_X41_Y13_N48  ; 8       ; Clock enable            ; no     ; --                   ; --               ; --                        ;
; LSU:LSU1|RAM:ram_1|ram~2121 ; LABCELL_X43_Y15_N15  ; 8       ; Clock enable            ; no     ; --                   ; --               ; --                        ;
; LSU:LSU1|RAM:ram_1|ram~2123 ; LABCELL_X41_Y17_N33  ; 8       ; Clock enable            ; no     ; --                   ; --               ; --                        ;
; LSU:LSU1|RAM:ram_1|ram~2125 ; MLABCELL_X42_Y18_N33 ; 8       ; Clock enable            ; no     ; --                   ; --               ; --                        ;
; LSU:LSU1|RAM:ram_1|ram~2127 ; LABCELL_X41_Y14_N48  ; 8       ; Clock enable            ; no     ; --                   ; --               ; --                        ;
; LSU:LSU1|RAM:ram_1|ram~2129 ; LABCELL_X39_Y12_N36  ; 8       ; Clock enable            ; no     ; --                   ; --               ; --                        ;
; LSU:LSU1|RAM:ram_1|ram~2131 ; LABCELL_X43_Y12_N54  ; 8       ; Clock enable            ; no     ; --                   ; --               ; --                        ;
; LSU:LSU1|RAM:ram_1|ram~2133 ; LABCELL_X43_Y15_N6   ; 8       ; Clock enable            ; no     ; --                   ; --               ; --                        ;
; LSU:LSU1|RAM:ram_1|ram~2135 ; LABCELL_X43_Y15_N39  ; 8       ; Clock enable            ; no     ; --                   ; --               ; --                        ;
; LSU:LSU1|RAM:ram_1|ram~2137 ; LABCELL_X50_Y15_N0   ; 8       ; Clock enable            ; no     ; --                   ; --               ; --                        ;
; LSU:LSU1|RAM:ram_1|ram~2139 ; MLABCELL_X45_Y14_N12 ; 8       ; Clock enable            ; no     ; --                   ; --               ; --                        ;
; LSU:LSU1|RAM:ram_1|ram~2141 ; LABCELL_X47_Y13_N12  ; 8       ; Clock enable            ; no     ; --                   ; --               ; --                        ;
; LSU:LSU1|RAM:ram_1|ram~2143 ; MLABCELL_X45_Y14_N36 ; 8       ; Clock enable            ; no     ; --                   ; --               ; --                        ;
; LSU:LSU1|RAM:ram_1|ram~2145 ; LABCELL_X48_Y13_N54  ; 8       ; Clock enable            ; no     ; --                   ; --               ; --                        ;
; LSU:LSU1|RAM:ram_1|ram~2147 ; LABCELL_X41_Y16_N48  ; 8       ; Clock enable            ; no     ; --                   ; --               ; --                        ;
; LSU:LSU1|RAM:ram_1|ram~2149 ; LABCELL_X41_Y16_N0   ; 8       ; Clock enable            ; no     ; --                   ; --               ; --                        ;
; LSU:LSU1|RAM:ram_1|ram~2151 ; MLABCELL_X49_Y15_N24 ; 8       ; Clock enable            ; no     ; --                   ; --               ; --                        ;
; LSU:LSU1|RAM:ram_1|ram~2152 ; LABCELL_X41_Y13_N42  ; 8       ; Clock enable            ; no     ; --                   ; --               ; --                        ;
; LSU:LSU1|RAM:ram_1|ram~2153 ; LABCELL_X47_Y13_N36  ; 8       ; Clock enable            ; no     ; --                   ; --               ; --                        ;
; LSU:LSU1|RAM:ram_1|ram~2154 ; LABCELL_X47_Y16_N36  ; 8       ; Clock enable            ; no     ; --                   ; --               ; --                        ;
; LSU:LSU1|RAM:ram_1|ram~2155 ; MLABCELL_X49_Y15_N21 ; 8       ; Clock enable            ; no     ; --                   ; --               ; --                        ;
; LSU:LSU1|RAM:ram_1|ram~2156 ; LABCELL_X40_Y17_N3   ; 8       ; Clock enable            ; no     ; --                   ; --               ; --                        ;
; LSU:LSU1|RAM:ram_1|ram~2157 ; LABCELL_X43_Y15_N54  ; 8       ; Clock enable            ; no     ; --                   ; --               ; --                        ;
; LSU:LSU1|RAM:ram_1|ram~2158 ; LABCELL_X40_Y17_N39  ; 8       ; Clock enable            ; no     ; --                   ; --               ; --                        ;
; LSU:LSU1|RAM:ram_1|ram~2159 ; LABCELL_X43_Y15_N33  ; 8       ; Clock enable            ; no     ; --                   ; --               ; --                        ;
; LSU:LSU1|RAM:ram_1|ram~2160 ; LABCELL_X43_Y12_N51  ; 8       ; Clock enable            ; no     ; --                   ; --               ; --                        ;
; LSU:LSU1|RAM:ram_1|ram~2161 ; LABCELL_X43_Y12_N21  ; 8       ; Clock enable            ; no     ; --                   ; --               ; --                        ;
; LSU:LSU1|RAM:ram_1|ram~2162 ; LABCELL_X43_Y12_N15  ; 8       ; Clock enable            ; no     ; --                   ; --               ; --                        ;
; LSU:LSU1|RAM:ram_1|ram~2163 ; LABCELL_X43_Y12_N27  ; 8       ; Clock enable            ; no     ; --                   ; --               ; --                        ;
; LSU:LSU1|RAM:ram_1|ram~2164 ; LABCELL_X41_Y13_N27  ; 8       ; Clock enable            ; no     ; --                   ; --               ; --                        ;
; LSU:LSU1|RAM:ram_1|ram~2165 ; MLABCELL_X49_Y15_N6  ; 8       ; Clock enable            ; no     ; --                   ; --               ; --                        ;
; LSU:LSU1|RAM:ram_1|ram~2166 ; MLABCELL_X49_Y15_N51 ; 8       ; Clock enable            ; no     ; --                   ; --               ; --                        ;
; LSU:LSU1|RAM:ram_1|ram~2167 ; LABCELL_X41_Y13_N51  ; 8       ; Clock enable            ; no     ; --                   ; --               ; --                        ;
; LSU:LSU1|RAM:ram_1|ram~2168 ; LABCELL_X43_Y15_N12  ; 8       ; Clock enable            ; no     ; --                   ; --               ; --                        ;
; LSU:LSU1|RAM:ram_1|ram~2169 ; LABCELL_X41_Y17_N30  ; 8       ; Clock enable            ; no     ; --                   ; --               ; --                        ;
; LSU:LSU1|RAM:ram_1|ram~2170 ; MLABCELL_X42_Y18_N30 ; 8       ; Clock enable            ; no     ; --                   ; --               ; --                        ;
; LSU:LSU1|RAM:ram_1|ram~2171 ; LABCELL_X43_Y15_N36  ; 8       ; Clock enable            ; no     ; --                   ; --               ; --                        ;
; LSU:LSU1|RAM:ram_1|ram~2172 ; LABCELL_X39_Y12_N0   ; 8       ; Clock enable            ; no     ; --                   ; --               ; --                        ;
; LSU:LSU1|RAM:ram_1|ram~2173 ; MLABCELL_X45_Y12_N57 ; 8       ; Clock enable            ; no     ; --                   ; --               ; --                        ;
; LSU:LSU1|RAM:ram_1|ram~2174 ; LABCELL_X43_Y15_N9   ; 8       ; Clock enable            ; no     ; --                   ; --               ; --                        ;
; LSU:LSU1|RAM:ram_1|ram~2175 ; MLABCELL_X45_Y12_N27 ; 8       ; Clock enable            ; no     ; --                   ; --               ; --                        ;
; LSU:LSU1|RAM:ram_1|ram~2176 ; LABCELL_X50_Y15_N33  ; 8       ; Clock enable            ; no     ; --                   ; --               ; --                        ;
; LSU:LSU1|RAM:ram_1|ram~2177 ; MLABCELL_X45_Y14_N15 ; 8       ; Clock enable            ; no     ; --                   ; --               ; --                        ;
; LSU:LSU1|RAM:ram_1|ram~2178 ; LABCELL_X47_Y13_N15  ; 8       ; Clock enable            ; no     ; --                   ; --               ; --                        ;
; LSU:LSU1|RAM:ram_1|ram~2179 ; MLABCELL_X45_Y14_N39 ; 8       ; Clock enable            ; no     ; --                   ; --               ; --                        ;
; LSU:LSU1|RAM:ram_1|ram~2180 ; LABCELL_X47_Y13_N9   ; 8       ; Clock enable            ; no     ; --                   ; --               ; --                        ;
; LSU:LSU1|RAM:ram_1|ram~2181 ; LABCELL_X41_Y16_N51  ; 8       ; Clock enable            ; no     ; --                   ; --               ; --                        ;
; LSU:LSU1|RAM:ram_1|ram~2182 ; LABCELL_X41_Y16_N3   ; 8       ; Clock enable            ; no     ; --                   ; --               ; --                        ;
; LSU:LSU1|RAM:ram_1|ram~2183 ; MLABCELL_X49_Y15_N27 ; 8       ; Clock enable            ; no     ; --                   ; --               ; --                        ;
; LSU:LSU1|RAM:ram_1|ram~2185 ; LABCELL_X50_Y13_N18  ; 8       ; Clock enable            ; no     ; --                   ; --               ; --                        ;
; LSU:LSU1|RAM:ram_1|ram~2187 ; MLABCELL_X49_Y15_N54 ; 8       ; Clock enable            ; no     ; --                   ; --               ; --                        ;
; LSU:LSU1|RAM:ram_1|ram~2189 ; LABCELL_X48_Y13_N48  ; 8       ; Clock enable            ; no     ; --                   ; --               ; --                        ;
; LSU:LSU1|RAM:ram_1|ram~2191 ; LABCELL_X47_Y13_N45  ; 8       ; Clock enable            ; no     ; --                   ; --               ; --                        ;
; LSU:LSU1|RAM:ram_1|ram~2193 ; LABCELL_X40_Y18_N42  ; 8       ; Clock enable            ; no     ; --                   ; --               ; --                        ;
; LSU:LSU1|RAM:ram_1|ram~2195 ; LABCELL_X43_Y12_N42  ; 8       ; Clock enable            ; no     ; --                   ; --               ; --                        ;
; LSU:LSU1|RAM:ram_1|ram~2197 ; MLABCELL_X42_Y16_N36 ; 8       ; Clock enable            ; no     ; --                   ; --               ; --                        ;
; LSU:LSU1|RAM:ram_1|ram~2199 ; LABCELL_X40_Y17_N24  ; 8       ; Clock enable            ; no     ; --                   ; --               ; --                        ;
; LSU:LSU1|RAM:ram_1|ram~2201 ; MLABCELL_X42_Y16_N24 ; 8       ; Clock enable            ; no     ; --                   ; --               ; --                        ;
; LSU:LSU1|RAM:ram_1|ram~2203 ; MLABCELL_X42_Y16_N15 ; 8       ; Clock enable            ; no     ; --                   ; --               ; --                        ;
; LSU:LSU1|RAM:ram_1|ram~2205 ; MLABCELL_X42_Y16_N42 ; 8       ; Clock enable            ; no     ; --                   ; --               ; --                        ;
; LSU:LSU1|RAM:ram_1|ram~2207 ; MLABCELL_X42_Y16_N0  ; 8       ; Clock enable            ; no     ; --                   ; --               ; --                        ;
; LSU:LSU1|RAM:ram_1|ram~2209 ; LABCELL_X41_Y16_N39  ; 8       ; Clock enable            ; no     ; --                   ; --               ; --                        ;
; LSU:LSU1|RAM:ram_1|ram~2211 ; MLABCELL_X45_Y11_N36 ; 8       ; Clock enable            ; no     ; --                   ; --               ; --                        ;
; LSU:LSU1|RAM:ram_1|ram~2213 ; MLABCELL_X49_Y15_N33 ; 8       ; Clock enable            ; no     ; --                   ; --               ; --                        ;
; LSU:LSU1|RAM:ram_1|ram~2215 ; LABCELL_X47_Y13_N48  ; 8       ; Clock enable            ; no     ; --                   ; --               ; --                        ;
; LSU:LSU1|RAM:ram_1|ram~2217 ; LABCELL_X40_Y17_N48  ; 8       ; Clock enable            ; no     ; --                   ; --               ; --                        ;
; LSU:LSU1|RAM:ram_1|ram~2219 ; LABCELL_X41_Y13_N30  ; 8       ; Clock enable            ; no     ; --                   ; --               ; --                        ;
; LSU:LSU1|RAM:ram_1|ram~2221 ; LABCELL_X43_Y13_N0   ; 8       ; Clock enable            ; no     ; --                   ; --               ; --                        ;
; LSU:LSU1|RAM:ram_1|ram~2223 ; LABCELL_X40_Y17_N54  ; 8       ; Clock enable            ; no     ; --                   ; --               ; --                        ;
; LSU:LSU1|RAM:ram_1|ram~2225 ; LABCELL_X43_Y15_N18  ; 8       ; Clock enable            ; no     ; --                   ; --               ; --                        ;
; LSU:LSU1|RAM:ram_1|ram~2227 ; LABCELL_X39_Y12_N42  ; 8       ; Clock enable            ; no     ; --                   ; --               ; --                        ;
; LSU:LSU1|RAM:ram_1|ram~2229 ; MLABCELL_X42_Y16_N54 ; 8       ; Clock enable            ; no     ; --                   ; --               ; --                        ;
; LSU:LSU1|RAM:ram_1|ram~2231 ; LABCELL_X43_Y13_N18  ; 8       ; Clock enable            ; no     ; --                   ; --               ; --                        ;
; LSU:LSU1|RAM:ram_1|ram~2233 ; MLABCELL_X45_Y12_N6  ; 8       ; Clock enable            ; no     ; --                   ; --               ; --                        ;
; LSU:LSU1|RAM:ram_1|ram~2235 ; MLABCELL_X45_Y14_N6  ; 8       ; Clock enable            ; no     ; --                   ; --               ; --                        ;
; LSU:LSU1|RAM:ram_1|ram~2237 ; MLABCELL_X45_Y12_N51 ; 8       ; Clock enable            ; no     ; --                   ; --               ; --                        ;
; LSU:LSU1|RAM:ram_1|ram~2239 ; LABCELL_X48_Y14_N36  ; 8       ; Clock enable            ; no     ; --                   ; --               ; --                        ;
; LSU:LSU1|RAM:ram_1|ram~2241 ; LABCELL_X41_Y13_N6   ; 8       ; Clock enable            ; no     ; --                   ; --               ; --                        ;
; LSU:LSU1|RAM:ram_1|ram~2243 ; LABCELL_X47_Y13_N54  ; 8       ; Clock enable            ; no     ; --                   ; --               ; --                        ;
; LSU:LSU1|RAM:ram_1|ram~2245 ; LABCELL_X41_Y16_N6   ; 8       ; Clock enable            ; no     ; --                   ; --               ; --                        ;
; LSU:LSU1|RAM:ram_1|ram~2247 ; LABCELL_X41_Y16_N12  ; 8       ; Clock enable            ; no     ; --                   ; --               ; --                        ;
; LSU:LSU1|RAM:ram_1|ram~2248 ; LABCELL_X50_Y16_N9   ; 8       ; Clock enable            ; no     ; --                   ; --               ; --                        ;
; LSU:LSU1|RAM:ram_1|ram~2249 ; LABCELL_X50_Y16_N27  ; 8       ; Clock enable            ; no     ; --                   ; --               ; --                        ;
; LSU:LSU1|RAM:ram_1|ram~2250 ; LABCELL_X48_Y13_N12  ; 8       ; Clock enable            ; no     ; --                   ; --               ; --                        ;
; LSU:LSU1|RAM:ram_1|ram~2251 ; LABCELL_X47_Y13_N42  ; 8       ; Clock enable            ; no     ; --                   ; --               ; --                        ;
; LSU:LSU1|RAM:ram_1|ram~2252 ; LABCELL_X40_Y18_N45  ; 8       ; Clock enable            ; no     ; --                   ; --               ; --                        ;
; LSU:LSU1|RAM:ram_1|ram~2253 ; LABCELL_X43_Y12_N45  ; 8       ; Clock enable            ; no     ; --                   ; --               ; --                        ;
; LSU:LSU1|RAM:ram_1|ram~2254 ; MLABCELL_X42_Y16_N39 ; 8       ; Clock enable            ; no     ; --                   ; --               ; --                        ;
; LSU:LSU1|RAM:ram_1|ram~2255 ; LABCELL_X40_Y17_N27  ; 8       ; Clock enable            ; no     ; --                   ; --               ; --                        ;
; LSU:LSU1|RAM:ram_1|ram~2256 ; MLABCELL_X42_Y16_N27 ; 8       ; Clock enable            ; no     ; --                   ; --               ; --                        ;
; LSU:LSU1|RAM:ram_1|ram~2257 ; MLABCELL_X42_Y16_N12 ; 8       ; Clock enable            ; no     ; --                   ; --               ; --                        ;
; LSU:LSU1|RAM:ram_1|ram~2258 ; MLABCELL_X42_Y16_N45 ; 8       ; Clock enable            ; no     ; --                   ; --               ; --                        ;
; LSU:LSU1|RAM:ram_1|ram~2259 ; MLABCELL_X42_Y16_N3  ; 8       ; Clock enable            ; no     ; --                   ; --               ; --                        ;
; LSU:LSU1|RAM:ram_1|ram~2260 ; LABCELL_X41_Y16_N36  ; 8       ; Clock enable            ; no     ; --                   ; --               ; --                        ;
; LSU:LSU1|RAM:ram_1|ram~2261 ; MLABCELL_X45_Y11_N57 ; 8       ; Clock enable            ; no     ; --                   ; --               ; --                        ;
; LSU:LSU1|RAM:ram_1|ram~2262 ; MLABCELL_X49_Y15_N30 ; 8       ; Clock enable            ; no     ; --                   ; --               ; --                        ;
; LSU:LSU1|RAM:ram_1|ram~2263 ; LABCELL_X47_Y13_N51  ; 8       ; Clock enable            ; no     ; --                   ; --               ; --                        ;
; LSU:LSU1|RAM:ram_1|ram~2264 ; LABCELL_X40_Y17_N51  ; 8       ; Clock enable            ; no     ; --                   ; --               ; --                        ;
; LSU:LSU1|RAM:ram_1|ram~2265 ; LABCELL_X41_Y13_N33  ; 8       ; Clock enable            ; no     ; --                   ; --               ; --                        ;
; LSU:LSU1|RAM:ram_1|ram~2266 ; LABCELL_X43_Y13_N3   ; 8       ; Clock enable            ; no     ; --                   ; --               ; --                        ;
; LSU:LSU1|RAM:ram_1|ram~2267 ; LABCELL_X40_Y17_N57  ; 8       ; Clock enable            ; no     ; --                   ; --               ; --                        ;
; LSU:LSU1|RAM:ram_1|ram~2268 ; LABCELL_X43_Y15_N21  ; 8       ; Clock enable            ; no     ; --                   ; --               ; --                        ;
; LSU:LSU1|RAM:ram_1|ram~2269 ; MLABCELL_X45_Y12_N36 ; 8       ; Clock enable            ; no     ; --                   ; --               ; --                        ;
; LSU:LSU1|RAM:ram_1|ram~2270 ; MLABCELL_X42_Y16_N57 ; 8       ; Clock enable            ; no     ; --                   ; --               ; --                        ;
; LSU:LSU1|RAM:ram_1|ram~2271 ; LABCELL_X43_Y13_N21  ; 8       ; Clock enable            ; no     ; --                   ; --               ; --                        ;
; LSU:LSU1|RAM:ram_1|ram~2272 ; MLABCELL_X45_Y12_N9  ; 8       ; Clock enable            ; no     ; --                   ; --               ; --                        ;
; LSU:LSU1|RAM:ram_1|ram~2273 ; MLABCELL_X45_Y14_N9  ; 8       ; Clock enable            ; no     ; --                   ; --               ; --                        ;
; LSU:LSU1|RAM:ram_1|ram~2274 ; MLABCELL_X45_Y12_N30 ; 8       ; Clock enable            ; no     ; --                   ; --               ; --                        ;
; LSU:LSU1|RAM:ram_1|ram~2275 ; LABCELL_X48_Y14_N39  ; 8       ; Clock enable            ; no     ; --                   ; --               ; --                        ;
; LSU:LSU1|RAM:ram_1|ram~2276 ; LABCELL_X41_Y13_N9   ; 8       ; Clock enable            ; no     ; --                   ; --               ; --                        ;
; LSU:LSU1|RAM:ram_1|ram~2277 ; LABCELL_X47_Y13_N57  ; 8       ; Clock enable            ; no     ; --                   ; --               ; --                        ;
; LSU:LSU1|RAM:ram_1|ram~2278 ; LABCELL_X41_Y16_N9   ; 8       ; Clock enable            ; no     ; --                   ; --               ; --                        ;
; LSU:LSU1|RAM:ram_1|ram~2279 ; LABCELL_X41_Y16_N42  ; 8       ; Clock enable            ; no     ; --                   ; --               ; --                        ;
; LSU:LSU1|RAM:ram_2|ram~2090 ; LABCELL_X41_Y22_N0   ; 8       ; Clock enable            ; no     ; --                   ; --               ; --                        ;
; LSU:LSU1|RAM:ram_2|ram~2092 ; MLABCELL_X49_Y21_N36 ; 8       ; Clock enable            ; no     ; --                   ; --               ; --                        ;
; LSU:LSU1|RAM:ram_2|ram~2094 ; MLABCELL_X49_Y21_N33 ; 8       ; Clock enable            ; no     ; --                   ; --               ; --                        ;
; LSU:LSU1|RAM:ram_2|ram~2096 ; LABCELL_X47_Y22_N42  ; 8       ; Clock enable            ; no     ; --                   ; --               ; --                        ;
; LSU:LSU1|RAM:ram_2|ram~2098 ; LABCELL_X48_Y22_N54  ; 8       ; Clock enable            ; no     ; --                   ; --               ; --                        ;
; LSU:LSU1|RAM:ram_2|ram~2100 ; LABCELL_X47_Y22_N45  ; 8       ; Clock enable            ; no     ; --                   ; --               ; --                        ;
; LSU:LSU1|RAM:ram_2|ram~2102 ; LABCELL_X43_Y22_N45  ; 8       ; Clock enable            ; no     ; --                   ; --               ; --                        ;
; LSU:LSU1|RAM:ram_2|ram~2104 ; MLABCELL_X42_Y21_N51 ; 8       ; Clock enable            ; no     ; --                   ; --               ; --                        ;
; LSU:LSU1|RAM:ram_2|ram~2106 ; LABCELL_X43_Y21_N0   ; 8       ; Clock enable            ; no     ; --                   ; --               ; --                        ;
; LSU:LSU1|RAM:ram_2|ram~2108 ; MLABCELL_X45_Y22_N57 ; 8       ; Clock enable            ; no     ; --                   ; --               ; --                        ;
; LSU:LSU1|RAM:ram_2|ram~2110 ; MLABCELL_X45_Y22_N51 ; 8       ; Clock enable            ; no     ; --                   ; --               ; --                        ;
; LSU:LSU1|RAM:ram_2|ram~2112 ; LABCELL_X43_Y21_N3   ; 8       ; Clock enable            ; no     ; --                   ; --               ; --                        ;
; LSU:LSU1|RAM:ram_2|ram~2114 ; LABCELL_X47_Y22_N3   ; 8       ; Clock enable            ; no     ; --                   ; --               ; --                        ;
; LSU:LSU1|RAM:ram_2|ram~2116 ; LABCELL_X52_Y20_N42  ; 8       ; Clock enable            ; no     ; --                   ; --               ; --                        ;
; LSU:LSU1|RAM:ram_2|ram~2118 ; MLABCELL_X45_Y20_N0  ; 8       ; Clock enable            ; no     ; --                   ; --               ; --                        ;
; LSU:LSU1|RAM:ram_2|ram~2120 ; LABCELL_X47_Y22_N6   ; 8       ; Clock enable            ; no     ; --                   ; --               ; --                        ;
; LSU:LSU1|RAM:ram_2|ram~2122 ; LABCELL_X41_Y20_N45  ; 8       ; Clock enable            ; no     ; --                   ; --               ; --                        ;
; LSU:LSU1|RAM:ram_2|ram~2124 ; LABCELL_X41_Y20_N9   ; 8       ; Clock enable            ; no     ; --                   ; --               ; --                        ;
; LSU:LSU1|RAM:ram_2|ram~2126 ; MLABCELL_X42_Y20_N27 ; 8       ; Clock enable            ; no     ; --                   ; --               ; --                        ;
; LSU:LSU1|RAM:ram_2|ram~2128 ; MLABCELL_X42_Y21_N9  ; 8       ; Clock enable            ; no     ; --                   ; --               ; --                        ;
; LSU:LSU1|RAM:ram_2|ram~2130 ; LABCELL_X44_Y22_N6   ; 8       ; Clock enable            ; no     ; --                   ; --               ; --                        ;
; LSU:LSU1|RAM:ram_2|ram~2132 ; LABCELL_X48_Y24_N30  ; 8       ; Clock enable            ; no     ; --                   ; --               ; --                        ;
; LSU:LSU1|RAM:ram_2|ram~2134 ; MLABCELL_X42_Y21_N24 ; 8       ; Clock enable            ; no     ; --                   ; --               ; --                        ;
; LSU:LSU1|RAM:ram_2|ram~2136 ; LABCELL_X44_Y22_N57  ; 8       ; Clock enable            ; no     ; --                   ; --               ; --                        ;
; LSU:LSU1|RAM:ram_2|ram~2138 ; MLABCELL_X42_Y21_N18 ; 8       ; Clock enable            ; no     ; --                   ; --               ; --                        ;
; LSU:LSU1|RAM:ram_2|ram~2140 ; LABCELL_X47_Y22_N48  ; 8       ; Clock enable            ; no     ; --                   ; --               ; --                        ;
; LSU:LSU1|RAM:ram_2|ram~2142 ; LABCELL_X47_Y21_N33  ; 8       ; Clock enable            ; no     ; --                   ; --               ; --                        ;
; LSU:LSU1|RAM:ram_2|ram~2144 ; MLABCELL_X45_Y22_N48 ; 8       ; Clock enable            ; no     ; --                   ; --               ; --                        ;
; LSU:LSU1|RAM:ram_2|ram~2146 ; LABCELL_X44_Y21_N51  ; 8       ; Clock enable            ; no     ; --                   ; --               ; --                        ;
; LSU:LSU1|RAM:ram_2|ram~2148 ; MLABCELL_X42_Y21_N21 ; 8       ; Clock enable            ; no     ; --                   ; --               ; --                        ;
; LSU:LSU1|RAM:ram_2|ram~2150 ; MLABCELL_X45_Y21_N54 ; 8       ; Clock enable            ; no     ; --                   ; --               ; --                        ;
; LSU:LSU1|RAM:ram_2|ram~2152 ; LABCELL_X41_Y22_N6   ; 8       ; Clock enable            ; no     ; --                   ; --               ; --                        ;
; LSU:LSU1|RAM:ram_2|ram~2154 ; MLABCELL_X42_Y22_N54 ; 8       ; Clock enable            ; no     ; --                   ; --               ; --                        ;
; LSU:LSU1|RAM:ram_2|ram~2155 ; LABCELL_X44_Y22_N54  ; 8       ; Clock enable            ; no     ; --                   ; --               ; --                        ;
; LSU:LSU1|RAM:ram_2|ram~2156 ; MLABCELL_X42_Y22_N57 ; 8       ; Clock enable            ; no     ; --                   ; --               ; --                        ;
; LSU:LSU1|RAM:ram_2|ram~2157 ; LABCELL_X47_Y22_N21  ; 8       ; Clock enable            ; no     ; --                   ; --               ; --                        ;
; LSU:LSU1|RAM:ram_2|ram~2158 ; MLABCELL_X42_Y22_N3  ; 8       ; Clock enable            ; no     ; --                   ; --               ; --                        ;
; LSU:LSU1|RAM:ram_2|ram~2159 ; MLABCELL_X37_Y23_N24 ; 8       ; Clock enable            ; no     ; --                   ; --               ; --                        ;
; LSU:LSU1|RAM:ram_2|ram~2160 ; MLABCELL_X37_Y23_N33 ; 8       ; Clock enable            ; no     ; --                   ; --               ; --                        ;
; LSU:LSU1|RAM:ram_2|ram~2161 ; MLABCELL_X42_Y21_N36 ; 8       ; Clock enable            ; no     ; --                   ; --               ; --                        ;
; LSU:LSU1|RAM:ram_2|ram~2162 ; LABCELL_X39_Y21_N18  ; 8       ; Clock enable            ; no     ; --                   ; --               ; --                        ;
; LSU:LSU1|RAM:ram_2|ram~2163 ; LABCELL_X39_Y21_N33  ; 8       ; Clock enable            ; no     ; --                   ; --               ; --                        ;
; LSU:LSU1|RAM:ram_2|ram~2164 ; LABCELL_X47_Y22_N0   ; 8       ; Clock enable            ; no     ; --                   ; --               ; --                        ;
; LSU:LSU1|RAM:ram_2|ram~2165 ; MLABCELL_X42_Y21_N57 ; 8       ; Clock enable            ; no     ; --                   ; --               ; --                        ;
; LSU:LSU1|RAM:ram_2|ram~2166 ; LABCELL_X50_Y29_N18  ; 8       ; Clock enable            ; no     ; --                   ; --               ; --                        ;
; LSU:LSU1|RAM:ram_2|ram~2167 ; LABCELL_X50_Y29_N21  ; 8       ; Clock enable            ; no     ; --                   ; --               ; --                        ;
; LSU:LSU1|RAM:ram_2|ram~2168 ; MLABCELL_X45_Y25_N39 ; 8       ; Clock enable            ; no     ; --                   ; --               ; --                        ;
; LSU:LSU1|RAM:ram_2|ram~2169 ; LABCELL_X47_Y22_N9   ; 8       ; Clock enable            ; no     ; --                   ; --               ; --                        ;
; LSU:LSU1|RAM:ram_2|ram~2170 ; LABCELL_X40_Y22_N18  ; 8       ; Clock enable            ; no     ; --                   ; --               ; --                        ;
; LSU:LSU1|RAM:ram_2|ram~2171 ; LABCELL_X40_Y20_N27  ; 8       ; Clock enable            ; no     ; --                   ; --               ; --                        ;
; LSU:LSU1|RAM:ram_2|ram~2172 ; LABCELL_X36_Y22_N33  ; 8       ; Clock enable            ; no     ; --                   ; --               ; --                        ;
; LSU:LSU1|RAM:ram_2|ram~2173 ; MLABCELL_X42_Y21_N3  ; 8       ; Clock enable            ; no     ; --                   ; --               ; --                        ;
; LSU:LSU1|RAM:ram_2|ram~2174 ; LABCELL_X44_Y22_N24  ; 8       ; Clock enable            ; no     ; --                   ; --               ; --                        ;
; LSU:LSU1|RAM:ram_2|ram~2175 ; MLABCELL_X37_Y25_N57 ; 8       ; Clock enable            ; no     ; --                   ; --               ; --                        ;
; LSU:LSU1|RAM:ram_2|ram~2176 ; MLABCELL_X42_Y21_N42 ; 8       ; Clock enable            ; no     ; --                   ; --               ; --                        ;
; LSU:LSU1|RAM:ram_2|ram~2177 ; LABCELL_X40_Y22_N36  ; 8       ; Clock enable            ; no     ; --                   ; --               ; --                        ;
; LSU:LSU1|RAM:ram_2|ram~2178 ; MLABCELL_X42_Y21_N45 ; 8       ; Clock enable            ; no     ; --                   ; --               ; --                        ;
; LSU:LSU1|RAM:ram_2|ram~2179 ; LABCELL_X44_Y23_N30  ; 8       ; Clock enable            ; no     ; --                   ; --               ; --                        ;
; LSU:LSU1|RAM:ram_2|ram~2180 ; LABCELL_X41_Y23_N48  ; 8       ; Clock enable            ; no     ; --                   ; --               ; --                        ;
; LSU:LSU1|RAM:ram_2|ram~2181 ; LABCELL_X43_Y24_N21  ; 8       ; Clock enable            ; no     ; --                   ; --               ; --                        ;
; LSU:LSU1|RAM:ram_2|ram~2182 ; LABCELL_X40_Y24_N0   ; 8       ; Clock enable            ; no     ; --                   ; --               ; --                        ;
; LSU:LSU1|RAM:ram_2|ram~2183 ; MLABCELL_X42_Y21_N12 ; 8       ; Clock enable            ; no     ; --                   ; --               ; --                        ;
; LSU:LSU1|RAM:ram_2|ram~2184 ; LABCELL_X43_Y23_N36  ; 8       ; Clock enable            ; no     ; --                   ; --               ; --                        ;
; LSU:LSU1|RAM:ram_2|ram~2185 ; LABCELL_X41_Y22_N9   ; 8       ; Clock enable            ; no     ; --                   ; --               ; --                        ;
; LSU:LSU1|RAM:ram_2|ram~2187 ; LABCELL_X47_Y20_N42  ; 8       ; Clock enable            ; no     ; --                   ; --               ; --                        ;
; LSU:LSU1|RAM:ram_2|ram~2189 ; LABCELL_X44_Y21_N21  ; 8       ; Clock enable            ; no     ; --                   ; --               ; --                        ;
; LSU:LSU1|RAM:ram_2|ram~2191 ; LABCELL_X41_Y19_N15  ; 8       ; Clock enable            ; no     ; --                   ; --               ; --                        ;
; LSU:LSU1|RAM:ram_2|ram~2193 ; LABCELL_X41_Y19_N30  ; 8       ; Clock enable            ; no     ; --                   ; --               ; --                        ;
; LSU:LSU1|RAM:ram_2|ram~2195 ; LABCELL_X50_Y21_N24  ; 8       ; Clock enable            ; no     ; --                   ; --               ; --                        ;
; LSU:LSU1|RAM:ram_2|ram~2197 ; LABCELL_X50_Y21_N33  ; 8       ; Clock enable            ; no     ; --                   ; --               ; --                        ;
; LSU:LSU1|RAM:ram_2|ram~2199 ; LABCELL_X52_Y21_N45  ; 8       ; Clock enable            ; no     ; --                   ; --               ; --                        ;
; LSU:LSU1|RAM:ram_2|ram~2201 ; LABCELL_X47_Y21_N30  ; 8       ; Clock enable            ; no     ; --                   ; --               ; --                        ;
; LSU:LSU1|RAM:ram_2|ram~2203 ; MLABCELL_X49_Y19_N21 ; 8       ; Clock enable            ; no     ; --                   ; --               ; --                        ;
; LSU:LSU1|RAM:ram_2|ram~2205 ; MLABCELL_X49_Y19_N33 ; 8       ; Clock enable            ; no     ; --                   ; --               ; --                        ;
; LSU:LSU1|RAM:ram_2|ram~2207 ; LABCELL_X41_Y20_N3   ; 8       ; Clock enable            ; no     ; --                   ; --               ; --                        ;
; LSU:LSU1|RAM:ram_2|ram~2209 ; LABCELL_X44_Y23_N51  ; 8       ; Clock enable            ; no     ; --                   ; --               ; --                        ;
; LSU:LSU1|RAM:ram_2|ram~2211 ; LABCELL_X52_Y22_N21  ; 8       ; Clock enable            ; no     ; --                   ; --               ; --                        ;
; LSU:LSU1|RAM:ram_2|ram~2213 ; LABCELL_X52_Y22_N6   ; 8       ; Clock enable            ; no     ; --                   ; --               ; --                        ;
; LSU:LSU1|RAM:ram_2|ram~2215 ; LABCELL_X50_Y20_N30  ; 8       ; Clock enable            ; no     ; --                   ; --               ; --                        ;
; LSU:LSU1|RAM:ram_2|ram~2217 ; LABCELL_X52_Y22_N45  ; 8       ; Clock enable            ; no     ; --                   ; --               ; --                        ;
; LSU:LSU1|RAM:ram_2|ram~2219 ; LABCELL_X41_Y20_N39  ; 8       ; Clock enable            ; no     ; --                   ; --               ; --                        ;
; LSU:LSU1|RAM:ram_2|ram~2221 ; LABCELL_X41_Y20_N15  ; 8       ; Clock enable            ; no     ; --                   ; --               ; --                        ;
; LSU:LSU1|RAM:ram_2|ram~2223 ; MLABCELL_X45_Y20_N12 ; 8       ; Clock enable            ; no     ; --                   ; --               ; --                        ;
; LSU:LSU1|RAM:ram_2|ram~2225 ; LABCELL_X41_Y20_N18  ; 8       ; Clock enable            ; no     ; --                   ; --               ; --                        ;
; LSU:LSU1|RAM:ram_2|ram~2227 ; LABCELL_X47_Y24_N39  ; 8       ; Clock enable            ; no     ; --                   ; --               ; --                        ;
; LSU:LSU1|RAM:ram_2|ram~2229 ; LABCELL_X47_Y24_N42  ; 8       ; Clock enable            ; no     ; --                   ; --               ; --                        ;
; LSU:LSU1|RAM:ram_2|ram~2231 ; LABCELL_X47_Y23_N30  ; 8       ; Clock enable            ; no     ; --                   ; --               ; --                        ;
; LSU:LSU1|RAM:ram_2|ram~2233 ; LABCELL_X44_Y23_N42  ; 8       ; Clock enable            ; no     ; --                   ; --               ; --                        ;
; LSU:LSU1|RAM:ram_2|ram~2235 ; LABCELL_X43_Y23_N12  ; 8       ; Clock enable            ; no     ; --                   ; --               ; --                        ;
; LSU:LSU1|RAM:ram_2|ram~2237 ; MLABCELL_X45_Y23_N33 ; 8       ; Clock enable            ; no     ; --                   ; --               ; --                        ;
; LSU:LSU1|RAM:ram_2|ram~2239 ; MLABCELL_X45_Y23_N27 ; 8       ; Clock enable            ; no     ; --                   ; --               ; --                        ;
; LSU:LSU1|RAM:ram_2|ram~2241 ; LABCELL_X41_Y23_N39  ; 8       ; Clock enable            ; no     ; --                   ; --               ; --                        ;
; LSU:LSU1|RAM:ram_2|ram~2243 ; LABCELL_X43_Y23_N45  ; 8       ; Clock enable            ; no     ; --                   ; --               ; --                        ;
; LSU:LSU1|RAM:ram_2|ram~2245 ; LABCELL_X50_Y21_N21  ; 8       ; Clock enable            ; no     ; --                   ; --               ; --                        ;
; LSU:LSU1|RAM:ram_2|ram~2247 ; LABCELL_X47_Y23_N9   ; 8       ; Clock enable            ; no     ; --                   ; --               ; --                        ;
; LSU:LSU1|RAM:ram_2|ram~2249 ; LABCELL_X44_Y23_N36  ; 8       ; Clock enable            ; no     ; --                   ; --               ; --                        ;
; LSU:LSU1|RAM:ram_2|ram~2250 ; LABCELL_X40_Y22_N39  ; 8       ; Clock enable            ; no     ; --                   ; --               ; --                        ;
; LSU:LSU1|RAM:ram_2|ram~2251 ; LABCELL_X40_Y22_N42  ; 8       ; Clock enable            ; no     ; --                   ; --               ; --                        ;
; LSU:LSU1|RAM:ram_2|ram~2252 ; LABCELL_X39_Y22_N6   ; 8       ; Clock enable            ; no     ; --                   ; --               ; --                        ;
; LSU:LSU1|RAM:ram_2|ram~2253 ; LABCELL_X36_Y22_N54  ; 8       ; Clock enable            ; no     ; --                   ; --               ; --                        ;
; LSU:LSU1|RAM:ram_2|ram~2254 ; LABCELL_X39_Y21_N12  ; 8       ; Clock enable            ; no     ; --                   ; --               ; --                        ;
; LSU:LSU1|RAM:ram_2|ram~2255 ; MLABCELL_X37_Y19_N9  ; 8       ; Clock enable            ; no     ; --                   ; --               ; --                        ;
; LSU:LSU1|RAM:ram_2|ram~2256 ; MLABCELL_X42_Y19_N24 ; 8       ; Clock enable            ; no     ; --                   ; --               ; --                        ;
; LSU:LSU1|RAM:ram_2|ram~2257 ; MLABCELL_X37_Y19_N6  ; 8       ; Clock enable            ; no     ; --                   ; --               ; --                        ;
; LSU:LSU1|RAM:ram_2|ram~2258 ; MLABCELL_X37_Y20_N0  ; 8       ; Clock enable            ; no     ; --                   ; --               ; --                        ;
; LSU:LSU1|RAM:ram_2|ram~2259 ; MLABCELL_X37_Y20_N45 ; 8       ; Clock enable            ; no     ; --                   ; --               ; --                        ;
; LSU:LSU1|RAM:ram_2|ram~2260 ; MLABCELL_X37_Y20_N57 ; 8       ; Clock enable            ; no     ; --                   ; --               ; --                        ;
; LSU:LSU1|RAM:ram_2|ram~2261 ; LABCELL_X44_Y23_N48  ; 8       ; Clock enable            ; no     ; --                   ; --               ; --                        ;
; LSU:LSU1|RAM:ram_2|ram~2262 ; LABCELL_X43_Y24_N33  ; 8       ; Clock enable            ; no     ; --                   ; --               ; --                        ;
; LSU:LSU1|RAM:ram_2|ram~2263 ; LABCELL_X43_Y24_N24  ; 8       ; Clock enable            ; no     ; --                   ; --               ; --                        ;
; LSU:LSU1|RAM:ram_2|ram~2264 ; MLABCELL_X42_Y24_N57 ; 8       ; Clock enable            ; no     ; --                   ; --               ; --                        ;
; LSU:LSU1|RAM:ram_2|ram~2265 ; LABCELL_X50_Y22_N24  ; 8       ; Clock enable            ; no     ; --                   ; --               ; --                        ;
; LSU:LSU1|RAM:ram_2|ram~2266 ; LABCELL_X40_Y20_N57  ; 8       ; Clock enable            ; no     ; --                   ; --               ; --                        ;
; LSU:LSU1|RAM:ram_2|ram~2267 ; LABCELL_X40_Y20_N54  ; 8       ; Clock enable            ; no     ; --                   ; --               ; --                        ;
; LSU:LSU1|RAM:ram_2|ram~2268 ; MLABCELL_X45_Y20_N6  ; 8       ; Clock enable            ; no     ; --                   ; --               ; --                        ;
; LSU:LSU1|RAM:ram_2|ram~2269 ; LABCELL_X39_Y20_N57  ; 8       ; Clock enable            ; no     ; --                   ; --               ; --                        ;
; LSU:LSU1|RAM:ram_2|ram~2270 ; LABCELL_X44_Y23_N0   ; 8       ; Clock enable            ; no     ; --                   ; --               ; --                        ;
; LSU:LSU1|RAM:ram_2|ram~2271 ; LABCELL_X41_Y25_N51  ; 8       ; Clock enable            ; no     ; --                   ; --               ; --                        ;
; LSU:LSU1|RAM:ram_2|ram~2272 ; LABCELL_X41_Y25_N48  ; 8       ; Clock enable            ; no     ; --                   ; --               ; --                        ;
; LSU:LSU1|RAM:ram_2|ram~2273 ; LABCELL_X44_Y23_N45  ; 8       ; Clock enable            ; no     ; --                   ; --               ; --                        ;
; LSU:LSU1|RAM:ram_2|ram~2274 ; LABCELL_X41_Y23_N30  ; 8       ; Clock enable            ; no     ; --                   ; --               ; --                        ;
; LSU:LSU1|RAM:ram_2|ram~2275 ; LABCELL_X44_Y23_N6   ; 8       ; Clock enable            ; no     ; --                   ; --               ; --                        ;
; LSU:LSU1|RAM:ram_2|ram~2276 ; LABCELL_X41_Y23_N6   ; 8       ; Clock enable            ; no     ; --                   ; --               ; --                        ;
; LSU:LSU1|RAM:ram_2|ram~2277 ; LABCELL_X41_Y23_N12  ; 8       ; Clock enable            ; no     ; --                   ; --               ; --                        ;
; LSU:LSU1|RAM:ram_2|ram~2278 ; LABCELL_X43_Y23_N24  ; 8       ; Clock enable            ; no     ; --                   ; --               ; --                        ;
; LSU:LSU1|RAM:ram_2|ram~2279 ; LABCELL_X41_Y25_N9   ; 8       ; Clock enable            ; no     ; --                   ; --               ; --                        ;
; LSU:LSU1|RAM:ram_2|ram~2280 ; LABCELL_X44_Y22_N27  ; 8       ; Clock enable            ; no     ; --                   ; --               ; --                        ;
; LSU:LSU1|RAM:ram_2|ram~2281 ; LABCELL_X43_Y23_N30  ; 8       ; Clock enable            ; no     ; --                   ; --               ; --                        ;
; LSU:LSU1|RAM:ram_3|ram~2090 ; LABCELL_X24_Y13_N12  ; 8       ; Clock enable            ; no     ; --                   ; --               ; --                        ;
; LSU:LSU1|RAM:ram_3|ram~2092 ; LABCELL_X25_Y13_N30  ; 8       ; Clock enable            ; no     ; --                   ; --               ; --                        ;
; LSU:LSU1|RAM:ram_3|ram~2094 ; LABCELL_X25_Y13_N33  ; 8       ; Clock enable            ; no     ; --                   ; --               ; --                        ;
; LSU:LSU1|RAM:ram_3|ram~2096 ; LABCELL_X26_Y13_N57  ; 8       ; Clock enable            ; no     ; --                   ; --               ; --                        ;
; LSU:LSU1|RAM:ram_3|ram~2098 ; LABCELL_X31_Y13_N6   ; 8       ; Clock enable            ; no     ; --                   ; --               ; --                        ;
; LSU:LSU1|RAM:ram_3|ram~2100 ; LABCELL_X29_Y11_N6   ; 8       ; Clock enable            ; no     ; --                   ; --               ; --                        ;
; LSU:LSU1|RAM:ram_3|ram~2102 ; LABCELL_X32_Y11_N21  ; 8       ; Clock enable            ; no     ; --                   ; --               ; --                        ;
; LSU:LSU1|RAM:ram_3|ram~2104 ; LABCELL_X24_Y11_N36  ; 8       ; Clock enable            ; no     ; --                   ; --               ; --                        ;
; LSU:LSU1|RAM:ram_3|ram~2106 ; MLABCELL_X28_Y17_N6  ; 8       ; Clock enable            ; no     ; --                   ; --               ; --                        ;
; LSU:LSU1|RAM:ram_3|ram~2108 ; MLABCELL_X28_Y17_N54 ; 8       ; Clock enable            ; no     ; --                   ; --               ; --                        ;
; LSU:LSU1|RAM:ram_3|ram~2110 ; MLABCELL_X28_Y17_N57 ; 8       ; Clock enable            ; no     ; --                   ; --               ; --                        ;
; LSU:LSU1|RAM:ram_3|ram~2112 ; LABCELL_X29_Y17_N36  ; 8       ; Clock enable            ; no     ; --                   ; --               ; --                        ;
; LSU:LSU1|RAM:ram_3|ram~2114 ; MLABCELL_X28_Y12_N18 ; 8       ; Clock enable            ; no     ; --                   ; --               ; --                        ;
; LSU:LSU1|RAM:ram_3|ram~2116 ; MLABCELL_X34_Y13_N39 ; 8       ; Clock enable            ; no     ; --                   ; --               ; --                        ;
; LSU:LSU1|RAM:ram_3|ram~2118 ; LABCELL_X31_Y13_N3   ; 8       ; Clock enable            ; no     ; --                   ; --               ; --                        ;
; LSU:LSU1|RAM:ram_3|ram~2120 ; LABCELL_X32_Y12_N27  ; 8       ; Clock enable            ; no     ; --                   ; --               ; --                        ;
; LSU:LSU1|RAM:ram_3|ram~2122 ; LABCELL_X29_Y12_N33  ; 8       ; Clock enable            ; no     ; --                   ; --               ; --                        ;
; LSU:LSU1|RAM:ram_3|ram~2124 ; LABCELL_X29_Y10_N12  ; 8       ; Clock enable            ; no     ; --                   ; --               ; --                        ;
; LSU:LSU1|RAM:ram_3|ram~2126 ; LABCELL_X29_Y13_N9   ; 8       ; Clock enable            ; no     ; --                   ; --               ; --                        ;
; LSU:LSU1|RAM:ram_3|ram~2128 ; MLABCELL_X28_Y16_N24 ; 8       ; Clock enable            ; no     ; --                   ; --               ; --                        ;
; LSU:LSU1|RAM:ram_3|ram~2130 ; LABCELL_X26_Y12_N45  ; 8       ; Clock enable            ; no     ; --                   ; --               ; --                        ;
; LSU:LSU1|RAM:ram_3|ram~2132 ; LABCELL_X26_Y12_N24  ; 8       ; Clock enable            ; no     ; --                   ; --               ; --                        ;
; LSU:LSU1|RAM:ram_3|ram~2134 ; LABCELL_X29_Y11_N45  ; 8       ; Clock enable            ; no     ; --                   ; --               ; --                        ;
; LSU:LSU1|RAM:ram_3|ram~2136 ; LABCELL_X26_Y12_N57  ; 8       ; Clock enable            ; no     ; --                   ; --               ; --                        ;
; LSU:LSU1|RAM:ram_3|ram~2138 ; LABCELL_X32_Y13_N57  ; 8       ; Clock enable            ; no     ; --                   ; --               ; --                        ;
; LSU:LSU1|RAM:ram_3|ram~2140 ; MLABCELL_X28_Y10_N0  ; 8       ; Clock enable            ; no     ; --                   ; --               ; --                        ;
; LSU:LSU1|RAM:ram_3|ram~2142 ; LABCELL_X32_Y13_N3   ; 8       ; Clock enable            ; no     ; --                   ; --               ; --                        ;
; LSU:LSU1|RAM:ram_3|ram~2144 ; MLABCELL_X34_Y13_N36 ; 8       ; Clock enable            ; no     ; --                   ; --               ; --                        ;
; LSU:LSU1|RAM:ram_3|ram~2146 ; LABCELL_X29_Y13_N30  ; 8       ; Clock enable            ; no     ; --                   ; --               ; --                        ;
; LSU:LSU1|RAM:ram_3|ram~2148 ; LABCELL_X32_Y11_N6   ; 8       ; Clock enable            ; no     ; --                   ; --               ; --                        ;
; LSU:LSU1|RAM:ram_3|ram~2150 ; LABCELL_X35_Y15_N6   ; 8       ; Clock enable            ; no     ; --                   ; --               ; --                        ;
; LSU:LSU1|RAM:ram_3|ram~2152 ; LABCELL_X29_Y13_N33  ; 8       ; Clock enable            ; no     ; --                   ; --               ; --                        ;
; LSU:LSU1|RAM:ram_3|ram~2154 ; LABCELL_X24_Y13_N15  ; 8       ; Clock enable            ; no     ; --                   ; --               ; --                        ;
; LSU:LSU1|RAM:ram_3|ram~2155 ; LABCELL_X32_Y15_N9   ; 8       ; Clock enable            ; no     ; --                   ; --               ; --                        ;
; LSU:LSU1|RAM:ram_3|ram~2156 ; MLABCELL_X28_Y15_N54 ; 8       ; Clock enable            ; no     ; --                   ; --               ; --                        ;
; LSU:LSU1|RAM:ram_3|ram~2157 ; MLABCELL_X28_Y12_N15 ; 8       ; Clock enable            ; no     ; --                   ; --               ; --                        ;
; LSU:LSU1|RAM:ram_3|ram~2158 ; LABCELL_X32_Y14_N45  ; 8       ; Clock enable            ; no     ; --                   ; --               ; --                        ;
; LSU:LSU1|RAM:ram_3|ram~2159 ; LABCELL_X32_Y11_N24  ; 8       ; Clock enable            ; no     ; --                   ; --               ; --                        ;
; LSU:LSU1|RAM:ram_3|ram~2160 ; MLABCELL_X34_Y10_N18 ; 8       ; Clock enable            ; no     ; --                   ; --               ; --                        ;
; LSU:LSU1|RAM:ram_3|ram~2161 ; MLABCELL_X34_Y13_N57 ; 8       ; Clock enable            ; no     ; --                   ; --               ; --                        ;
; LSU:LSU1|RAM:ram_3|ram~2162 ; LABCELL_X26_Y17_N57  ; 8       ; Clock enable            ; no     ; --                   ; --               ; --                        ;
; LSU:LSU1|RAM:ram_3|ram~2163 ; MLABCELL_X34_Y14_N18 ; 8       ; Clock enable            ; no     ; --                   ; --               ; --                        ;
; LSU:LSU1|RAM:ram_3|ram~2164 ; MLABCELL_X28_Y15_N30 ; 8       ; Clock enable            ; no     ; --                   ; --               ; --                        ;
; LSU:LSU1|RAM:ram_3|ram~2165 ; LABCELL_X26_Y17_N51  ; 8       ; Clock enable            ; no     ; --                   ; --               ; --                        ;
; LSU:LSU1|RAM:ram_3|ram~2166 ; MLABCELL_X28_Y12_N21 ; 8       ; Clock enable            ; no     ; --                   ; --               ; --                        ;
; LSU:LSU1|RAM:ram_3|ram~2167 ; LABCELL_X32_Y12_N6   ; 8       ; Clock enable            ; no     ; --                   ; --               ; --                        ;
; LSU:LSU1|RAM:ram_3|ram~2168 ; LABCELL_X32_Y13_N9   ; 8       ; Clock enable            ; no     ; --                   ; --               ; --                        ;
; LSU:LSU1|RAM:ram_3|ram~2169 ; LABCELL_X32_Y12_N9   ; 8       ; Clock enable            ; no     ; --                   ; --               ; --                        ;
; LSU:LSU1|RAM:ram_3|ram~2170 ; LABCELL_X31_Y10_N24  ; 8       ; Clock enable            ; no     ; --                   ; --               ; --                        ;
; LSU:LSU1|RAM:ram_3|ram~2171 ; LABCELL_X29_Y10_N57  ; 8       ; Clock enable            ; no     ; --                   ; --               ; --                        ;
; LSU:LSU1|RAM:ram_3|ram~2172 ; LABCELL_X31_Y10_N54  ; 8       ; Clock enable            ; no     ; --                   ; --               ; --                        ;
; LSU:LSU1|RAM:ram_3|ram~2173 ; LABCELL_X29_Y10_N3   ; 8       ; Clock enable            ; no     ; --                   ; --               ; --                        ;
; LSU:LSU1|RAM:ram_3|ram~2174 ; LABCELL_X26_Y12_N42  ; 8       ; Clock enable            ; no     ; --                   ; --               ; --                        ;
; LSU:LSU1|RAM:ram_3|ram~2175 ; LABCELL_X26_Y12_N27  ; 8       ; Clock enable            ; no     ; --                   ; --               ; --                        ;
; LSU:LSU1|RAM:ram_3|ram~2176 ; LABCELL_X29_Y11_N57  ; 8       ; Clock enable            ; no     ; --                   ; --               ; --                        ;
; LSU:LSU1|RAM:ram_3|ram~2177 ; LABCELL_X26_Y12_N54  ; 8       ; Clock enable            ; no     ; --                   ; --               ; --                        ;
; LSU:LSU1|RAM:ram_3|ram~2178 ; MLABCELL_X34_Y13_N54 ; 8       ; Clock enable            ; no     ; --                   ; --               ; --                        ;
; LSU:LSU1|RAM:ram_3|ram~2179 ; LABCELL_X36_Y13_N42  ; 8       ; Clock enable            ; no     ; --                   ; --               ; --                        ;
; LSU:LSU1|RAM:ram_3|ram~2180 ; LABCELL_X32_Y13_N15  ; 8       ; Clock enable            ; no     ; --                   ; --               ; --                        ;
; LSU:LSU1|RAM:ram_3|ram~2181 ; LABCELL_X35_Y13_N21  ; 8       ; Clock enable            ; no     ; --                   ; --               ; --                        ;
; LSU:LSU1|RAM:ram_3|ram~2182 ; MLABCELL_X34_Y15_N3  ; 8       ; Clock enable            ; no     ; --                   ; --               ; --                        ;
; LSU:LSU1|RAM:ram_3|ram~2183 ; MLABCELL_X34_Y15_N18 ; 8       ; Clock enable            ; no     ; --                   ; --               ; --                        ;
; LSU:LSU1|RAM:ram_3|ram~2184 ; LABCELL_X35_Y15_N39  ; 8       ; Clock enable            ; no     ; --                   ; --               ; --                        ;
; LSU:LSU1|RAM:ram_3|ram~2185 ; MLABCELL_X34_Y15_N33 ; 8       ; Clock enable            ; no     ; --                   ; --               ; --                        ;
; LSU:LSU1|RAM:ram_3|ram~2187 ; LABCELL_X31_Y13_N33  ; 8       ; Clock enable            ; no     ; --                   ; --               ; --                        ;
; LSU:LSU1|RAM:ram_3|ram~2189 ; LABCELL_X26_Y13_N3   ; 8       ; Clock enable            ; no     ; --                   ; --               ; --                        ;
; LSU:LSU1|RAM:ram_3|ram~2191 ; LABCELL_X26_Y17_N42  ; 8       ; Clock enable            ; no     ; --                   ; --               ; --                        ;
; LSU:LSU1|RAM:ram_3|ram~2193 ; LABCELL_X29_Y13_N18  ; 8       ; Clock enable            ; no     ; --                   ; --               ; --                        ;
; LSU:LSU1|RAM:ram_3|ram~2195 ; LABCELL_X26_Y16_N57  ; 8       ; Clock enable            ; no     ; --                   ; --               ; --                        ;
; LSU:LSU1|RAM:ram_3|ram~2197 ; LABCELL_X25_Y10_N15  ; 8       ; Clock enable            ; no     ; --                   ; --               ; --                        ;
; LSU:LSU1|RAM:ram_3|ram~2199 ; MLABCELL_X28_Y12_N12 ; 8       ; Clock enable            ; no     ; --                   ; --               ; --                        ;
; LSU:LSU1|RAM:ram_3|ram~2201 ; LABCELL_X25_Y10_N30  ; 8       ; Clock enable            ; no     ; --                   ; --               ; --                        ;
; LSU:LSU1|RAM:ram_3|ram~2203 ; LABCELL_X24_Y17_N3   ; 8       ; Clock enable            ; no     ; --                   ; --               ; --                        ;
; LSU:LSU1|RAM:ram_3|ram~2205 ; LABCELL_X26_Y17_N48  ; 8       ; Clock enable            ; no     ; --                   ; --               ; --                        ;
; LSU:LSU1|RAM:ram_3|ram~2207 ; LABCELL_X26_Y17_N15  ; 8       ; Clock enable            ; no     ; --                   ; --               ; --                        ;
; LSU:LSU1|RAM:ram_3|ram~2209 ; LABCELL_X24_Y13_N36  ; 8       ; Clock enable            ; no     ; --                   ; --               ; --                        ;
; LSU:LSU1|RAM:ram_3|ram~2211 ; LABCELL_X35_Y16_N39  ; 8       ; Clock enable            ; no     ; --                   ; --               ; --                        ;
; LSU:LSU1|RAM:ram_3|ram~2213 ; MLABCELL_X34_Y14_N45 ; 8       ; Clock enable            ; no     ; --                   ; --               ; --                        ;
; LSU:LSU1|RAM:ram_3|ram~2215 ; LABCELL_X32_Y13_N42  ; 8       ; Clock enable            ; no     ; --                   ; --               ; --                        ;
; LSU:LSU1|RAM:ram_3|ram~2217 ; LABCELL_X35_Y16_N57  ; 8       ; Clock enable            ; no     ; --                   ; --               ; --                        ;
; LSU:LSU1|RAM:ram_3|ram~2219 ; LABCELL_X26_Y16_N3   ; 8       ; Clock enable            ; no     ; --                   ; --               ; --                        ;
; LSU:LSU1|RAM:ram_3|ram~2221 ; LABCELL_X31_Y17_N30  ; 8       ; Clock enable            ; no     ; --                   ; --               ; --                        ;
; LSU:LSU1|RAM:ram_3|ram~2223 ; LABCELL_X25_Y16_N18  ; 8       ; Clock enable            ; no     ; --                   ; --               ; --                        ;
; LSU:LSU1|RAM:ram_3|ram~2225 ; LABCELL_X31_Y17_N36  ; 8       ; Clock enable            ; no     ; --                   ; --               ; --                        ;
; LSU:LSU1|RAM:ram_3|ram~2227 ; LABCELL_X29_Y13_N54  ; 8       ; Clock enable            ; no     ; --                   ; --               ; --                        ;
; LSU:LSU1|RAM:ram_3|ram~2229 ; MLABCELL_X28_Y12_N54 ; 8       ; Clock enable            ; no     ; --                   ; --               ; --                        ;
; LSU:LSU1|RAM:ram_3|ram~2231 ; LABCELL_X32_Y11_N0   ; 8       ; Clock enable            ; no     ; --                   ; --               ; --                        ;
; LSU:LSU1|RAM:ram_3|ram~2233 ; LABCELL_X24_Y12_N57  ; 8       ; Clock enable            ; no     ; --                   ; --               ; --                        ;
; LSU:LSU1|RAM:ram_3|ram~2235 ; LABCELL_X29_Y9_N54   ; 8       ; Clock enable            ; no     ; --                   ; --               ; --                        ;
; LSU:LSU1|RAM:ram_3|ram~2237 ; LABCELL_X26_Y9_N6    ; 8       ; Clock enable            ; no     ; --                   ; --               ; --                        ;
; LSU:LSU1|RAM:ram_3|ram~2239 ; LABCELL_X29_Y9_N21   ; 8       ; Clock enable            ; no     ; --                   ; --               ; --                        ;
; LSU:LSU1|RAM:ram_3|ram~2241 ; MLABCELL_X28_Y9_N9   ; 8       ; Clock enable            ; no     ; --                   ; --               ; --                        ;
; LSU:LSU1|RAM:ram_3|ram~2243 ; LABCELL_X32_Y13_N51  ; 8       ; Clock enable            ; no     ; --                   ; --               ; --                        ;
; LSU:LSU1|RAM:ram_3|ram~2245 ; LABCELL_X35_Y11_N48  ; 8       ; Clock enable            ; no     ; --                   ; --               ; --                        ;
; LSU:LSU1|RAM:ram_3|ram~2247 ; MLABCELL_X34_Y11_N0  ; 8       ; Clock enable            ; no     ; --                   ; --               ; --                        ;
; LSU:LSU1|RAM:ram_3|ram~2249 ; MLABCELL_X34_Y14_N54 ; 8       ; Clock enable            ; no     ; --                   ; --               ; --                        ;
; LSU:LSU1|RAM:ram_3|ram~2250 ; LABCELL_X29_Y13_N6   ; 8       ; Clock enable            ; no     ; --                   ; --               ; --                        ;
; LSU:LSU1|RAM:ram_3|ram~2251 ; LABCELL_X26_Y15_N6   ; 8       ; Clock enable            ; no     ; --                   ; --               ; --                        ;
; LSU:LSU1|RAM:ram_3|ram~2252 ; LABCELL_X26_Y17_N45  ; 8       ; Clock enable            ; no     ; --                   ; --               ; --                        ;
; LSU:LSU1|RAM:ram_3|ram~2253 ; LABCELL_X29_Y13_N21  ; 8       ; Clock enable            ; no     ; --                   ; --               ; --                        ;
; LSU:LSU1|RAM:ram_3|ram~2254 ; LABCELL_X26_Y16_N54  ; 8       ; Clock enable            ; no     ; --                   ; --               ; --                        ;
; LSU:LSU1|RAM:ram_3|ram~2255 ; LABCELL_X25_Y10_N33  ; 8       ; Clock enable            ; no     ; --                   ; --               ; --                        ;
; LSU:LSU1|RAM:ram_3|ram~2256 ; LABCELL_X36_Y10_N6   ; 8       ; Clock enable            ; no     ; --                   ; --               ; --                        ;
; LSU:LSU1|RAM:ram_3|ram~2257 ; MLABCELL_X28_Y10_N27 ; 8       ; Clock enable            ; no     ; --                   ; --               ; --                        ;
; LSU:LSU1|RAM:ram_3|ram~2258 ; LABCELL_X24_Y17_N57  ; 8       ; Clock enable            ; no     ; --                   ; --               ; --                        ;
; LSU:LSU1|RAM:ram_3|ram~2259 ; LABCELL_X26_Y14_N9   ; 8       ; Clock enable            ; no     ; --                   ; --               ; --                        ;
; LSU:LSU1|RAM:ram_3|ram~2260 ; LABCELL_X26_Y14_N54  ; 8       ; Clock enable            ; no     ; --                   ; --               ; --                        ;
; LSU:LSU1|RAM:ram_3|ram~2261 ; LABCELL_X24_Y13_N9   ; 8       ; Clock enable            ; no     ; --                   ; --               ; --                        ;
; LSU:LSU1|RAM:ram_3|ram~2262 ; LABCELL_X35_Y12_N54  ; 8       ; Clock enable            ; no     ; --                   ; --               ; --                        ;
; LSU:LSU1|RAM:ram_3|ram~2263 ; LABCELL_X35_Y12_N9   ; 8       ; Clock enable            ; no     ; --                   ; --               ; --                        ;
; LSU:LSU1|RAM:ram_3|ram~2264 ; LABCELL_X32_Y13_N21  ; 8       ; Clock enable            ; no     ; --                   ; --               ; --                        ;
; LSU:LSU1|RAM:ram_3|ram~2265 ; LABCELL_X35_Y16_N36  ; 8       ; Clock enable            ; no     ; --                   ; --               ; --                        ;
; LSU:LSU1|RAM:ram_3|ram~2266 ; LABCELL_X26_Y16_N21  ; 8       ; Clock enable            ; no     ; --                   ; --               ; --                        ;
; LSU:LSU1|RAM:ram_3|ram~2267 ; LABCELL_X32_Y15_N54  ; 8       ; Clock enable            ; no     ; --                   ; --               ; --                        ;
; LSU:LSU1|RAM:ram_3|ram~2268 ; LABCELL_X31_Y9_N27   ; 8       ; Clock enable            ; no     ; --                   ; --               ; --                        ;
; LSU:LSU1|RAM:ram_3|ram~2269 ; LABCELL_X31_Y9_N18   ; 8       ; Clock enable            ; no     ; --                   ; --               ; --                        ;
; LSU:LSU1|RAM:ram_3|ram~2270 ; LABCELL_X29_Y13_N57  ; 8       ; Clock enable            ; no     ; --                   ; --               ; --                        ;
; LSU:LSU1|RAM:ram_3|ram~2271 ; MLABCELL_X28_Y12_N57 ; 8       ; Clock enable            ; no     ; --                   ; --               ; --                        ;
; LSU:LSU1|RAM:ram_3|ram~2272 ; LABCELL_X24_Y12_N51  ; 8       ; Clock enable            ; no     ; --                   ; --               ; --                        ;
; LSU:LSU1|RAM:ram_3|ram~2273 ; LABCELL_X24_Y12_N39  ; 8       ; Clock enable            ; no     ; --                   ; --               ; --                        ;
; LSU:LSU1|RAM:ram_3|ram~2274 ; MLABCELL_X34_Y17_N0  ; 8       ; Clock enable            ; no     ; --                   ; --               ; --                        ;
; LSU:LSU1|RAM:ram_3|ram~2275 ; LABCELL_X32_Y17_N6   ; 8       ; Clock enable            ; no     ; --                   ; --               ; --                        ;
; LSU:LSU1|RAM:ram_3|ram~2276 ; LABCELL_X32_Y11_N42  ; 8       ; Clock enable            ; no     ; --                   ; --               ; --                        ;
; LSU:LSU1|RAM:ram_3|ram~2277 ; MLABCELL_X34_Y17_N18 ; 8       ; Clock enable            ; no     ; --                   ; --               ; --                        ;
; LSU:LSU1|RAM:ram_3|ram~2278 ; LABCELL_X32_Y13_N36  ; 8       ; Clock enable            ; no     ; --                   ; --               ; --                        ;
; LSU:LSU1|RAM:ram_3|ram~2279 ; LABCELL_X35_Y15_N9   ; 8       ; Clock enable            ; no     ; --                   ; --               ; --                        ;
; LSU:LSU1|RAM:ram_3|ram~2280 ; MLABCELL_X34_Y13_N18 ; 8       ; Clock enable            ; no     ; --                   ; --               ; --                        ;
; LSU:LSU1|RAM:ram_3|ram~2281 ; LABCELL_X35_Y18_N36  ; 8       ; Clock enable            ; no     ; --                   ; --               ; --                        ;
; always0~0                   ; LABCELL_X25_Y22_N48  ; 30      ; Sync. clear             ; no     ; --                   ; --               ; --                        ;
; always6~0                   ; MLABCELL_X23_Y22_N30 ; 188     ; Sync. clear             ; no     ; --                   ; --               ; --                        ;
; clk                         ; PIN_M16              ; 5334    ; Clock                   ; yes    ; Global Clock         ; GCLK10           ; --                        ;
; imm_r[12]~1                 ; LABCELL_X25_Y23_N39  ; 8       ; Sync. load              ; no     ; --                   ; --               ; --                        ;
; imm_~0                      ; LABCELL_X26_Y23_N54  ; 12      ; Sync. load              ; no     ; --                   ; --               ; --                        ;
; pc[0]~21                    ; MLABCELL_X23_Y22_N54 ; 2       ; Clock enable            ; no     ; --                   ; --               ; --                        ;
; regs[10][19]~17             ; LABCELL_X7_Y24_N3    ; 32      ; Clock enable            ; no     ; --                   ; --               ; --                        ;
; regs[11][10]~19             ; LABCELL_X7_Y24_N57   ; 32      ; Clock enable            ; no     ; --                   ; --               ; --                        ;
; regs[12][13]~23             ; LABCELL_X7_Y24_N36   ; 32      ; Clock enable            ; no     ; --                   ; --               ; --                        ;
; regs[13][1]~25              ; LABCELL_X24_Y28_N54  ; 32      ; Clock enable            ; no     ; --                   ; --               ; --                        ;
; regs[14][13]~24             ; LABCELL_X7_Y24_N9    ; 32      ; Clock enable            ; no     ; --                   ; --               ; --                        ;
; regs[15][28]~26             ; LABCELL_X7_Y24_N39   ; 32      ; Clock enable            ; no     ; --                   ; --               ; --                        ;
; regs[16][21]~1              ; LABCELL_X7_Y27_N9    ; 32      ; Clock enable            ; no     ; --                   ; --               ; --                        ;
; regs[17][26]~2              ; LABCELL_X29_Y26_N15  ; 32      ; Clock enable            ; no     ; --                   ; --               ; --                        ;
; regs[18][25]~5              ; LABCELL_X7_Y27_N57   ; 32      ; Clock enable            ; no     ; --                   ; --               ; --                        ;
; regs[19][19]~6              ; LABCELL_X20_Y27_N36  ; 32      ; Clock enable            ; no     ; --                   ; --               ; --                        ;
; regs[1][23]~22              ; LABCELL_X25_Y30_N12  ; 32      ; Clock enable            ; no     ; --                   ; --               ; --                        ;
; regs[20][4]~3               ; LABCELL_X7_Y27_N39   ; 32      ; Clock enable            ; no     ; --                   ; --               ; --                        ;
; regs[21][12]~4              ; LABCELL_X7_Y24_N51   ; 32      ; Clock enable            ; no     ; --                   ; --               ; --                        ;
; regs[22][9]~7               ; MLABCELL_X28_Y26_N27 ; 32      ; Clock enable            ; no     ; --                   ; --               ; --                        ;
; regs[23][23]~8              ; LABCELL_X20_Y27_N42  ; 32      ; Clock enable            ; no     ; --                   ; --               ; --                        ;
; regs[24][20]~9              ; LABCELL_X7_Y24_N30   ; 32      ; Clock enable            ; no     ; --                   ; --               ; --                        ;
; regs[25][7]~10              ; LABCELL_X29_Y26_N33  ; 32      ; Clock enable            ; no     ; --                   ; --               ; --                        ;
; regs[26][0]~13              ; LABCELL_X7_Y24_N24   ; 32      ; Clock enable            ; no     ; --                   ; --               ; --                        ;
; regs[27][28]~14             ; LABCELL_X26_Y28_N48  ; 32      ; Clock enable            ; no     ; --                   ; --               ; --                        ;
; regs[28][22]~11             ; LABCELL_X7_Y24_N48   ; 32      ; Clock enable            ; no     ; --                   ; --               ; --                        ;
; regs[29][6]~12              ; LABCELL_X26_Y28_N9   ; 32      ; Clock enable            ; no     ; --                   ; --               ; --                        ;
; regs[2][11]~20              ; LABCELL_X25_Y30_N6   ; 32      ; Clock enable            ; no     ; --                   ; --               ; --                        ;
; regs[30][27]~15             ; LABCELL_X7_Y24_N21   ; 32      ; Clock enable            ; no     ; --                   ; --               ; --                        ;
; regs[31][27]~0              ; LABCELL_X26_Y28_N30  ; 32      ; Clock enable            ; no     ; --                   ; --               ; --                        ;
; regs[3][29]~21              ; LABCELL_X26_Y28_N54  ; 32      ; Clock enable            ; no     ; --                   ; --               ; --                        ;
; regs[4][16]~27              ; LABCELL_X25_Y30_N27  ; 32      ; Clock enable            ; no     ; --                   ; --               ; --                        ;
; regs[5][30]~29              ; LABCELL_X26_Y28_N21  ; 32      ; Clock enable            ; no     ; --                   ; --               ; --                        ;
; regs[6][0]~28               ; LABCELL_X7_Y24_N42   ; 32      ; Clock enable            ; no     ; --                   ; --               ; --                        ;
; regs[7][31]~30              ; LABCELL_X7_Y24_N0    ; 32      ; Clock enable            ; no     ; --                   ; --               ; --                        ;
; regs[8][12]~16              ; LABCELL_X7_Y24_N6    ; 32      ; Clock enable            ; no     ; --                   ; --               ; --                        ;
; regs[9][15]~18              ; LABCELL_X7_Y24_N54   ; 32      ; Clock enable            ; no     ; --                   ; --               ; --                        ;
; rst                         ; PIN_D3               ; 1048    ; Sync. clear, Sync. load ; no     ; --                   ; --               ; --                        ;
+-----------------------------+----------------------+---------+-------------------------+--------+----------------------+------------------+---------------------------+


+-------------------------------------------------------------------------------------------------+
; Global & Other Fast Signals                                                                     ;
+------+----------+---------+----------------------+------------------+---------------------------+
; Name ; Location ; Fan-Out ; Global Resource Used ; Global Line Name ; Enable Signal Source Name ;
+------+----------+---------+----------------------+------------------+---------------------------+
; clk  ; PIN_M16  ; 5334    ; Global Clock         ; GCLK10           ; --                        ;
+------+----------+---------+----------------------+------------------+---------------------------+


+---------------------------------+
; Non-Global High Fan-Out Signals ;
+-----------+---------------------+
; Name      ; Fan-Out             ;
+-----------+---------------------+
; rst~input ; 1048                ;
+-----------+---------------------+


+-------------------------------------------------+
; Fitter DSP Block Usage Summary                  ;
+-----------------------------------+-------------+
; Statistic                         ; Number Used ;
+-----------------------------------+-------------+
; Two Independent 18x18             ; 4           ;
; Sum of two 18x18                  ; 2           ;
; Total number of DSP blocks        ; 6           ;
;                                   ;             ;
; Fixed Point Signed Multiplier     ; 1           ;
; Fixed Point Unsigned Multiplier   ; 5           ;
; Fixed Point Mixed Sign Multiplier ; 2           ;
+-----------------------------------+-------------+


+----------------------------------------------------------------------------------------------------------------------------------------------------------------------------------------------------------------------------------------------------------------------------------------------------------------------------------------------------------------------------------------------------------------+
; DSP Block Details                                                                                                                                                                                                                                                                                                                                                                                              ;
+--------------------+-----------------------+----------------+---------------------+------------------------+------------------------+------------------------+------------------------+------------------------+------------------------+-----------------+--------------------------------+---------------------+-------------------------------+------------------------------+------------------------------+
; Name               ; Mode                  ; Location       ; Sign Representation ; Data AX Input Register ; Data AY Input Register ; Data AZ Input Register ; Data BX Input Register ; Data BY Input Register ; Data BZ Input Register ; Output Register ; Dedicated Shift Register Chain ; Dedicated Pre-Adder ; Dedicated Coefficient Storage ; Dedicated Output Adder Chain ; Dedicated Output Accumulator ;
+--------------------+-----------------------+----------------+---------------------+------------------------+------------------------+------------------------+------------------------+------------------------+------------------------+-----------------+--------------------------------+---------------------+-------------------------------+------------------------------+------------------------------+
; mul:mul1|Mult0~12  ; Two Independent 18x18 ; DSP_X8_Y23_N0  ; Unsigned            ; yes                    ; yes                    ; --                     ; --                     ; --                     ; --                     ; no              ; no                             ; no                  ; no                            ; no                           ; no                           ;
; mul:mul1|Mult0~533 ; Sum of two 18x18      ; DSP_X8_Y21_N0  ; Mixed               ; yes                    ; yes                    ; --                     ; yes                    ; yes                    ; --                     ; no              ; no                             ; no                  ; no                            ; no                           ; no                           ;
; mul:mul1|Mult1~140 ; Sum of two 18x18      ; DSP_X15_Y21_N0 ; Unsigned            ; yes                    ; yes                    ; --                     ; yes                    ; yes                    ; --                     ; no              ; no                             ; no                  ; no                            ; no                           ; no                           ;
; mul:mul1|Mult1~481 ; Two Independent 18x18 ; DSP_X15_Y23_N0 ; Unsigned            ; yes                    ; yes                    ; --                     ; --                     ; --                     ; --                     ; no              ; no                             ; no                  ; no                            ; no                           ; no                           ;
; mul:mul1|Mult0~874 ; Two Independent 18x18 ; DSP_X8_Y19_N0  ; Mixed               ; yes                    ; yes                    ; --                     ; --                     ; --                     ; --                     ; no              ; no                             ; no                  ; no                            ; no                           ; no                           ;
; mul:mul1|Mult1~826 ; Two Independent 18x18 ; DSP_X15_Y19_N0 ; Unsigned            ; yes                    ; yes                    ; --                     ; --                     ; --                     ; --                     ; no              ; no                             ; no                  ; no                            ; no                           ; no                           ;
+--------------------+-----------------------+----------------+---------------------+------------------------+------------------------+------------------------+------------------------+------------------------+------------------------+-----------------+--------------------------------+---------------------+-------------------------------+------------------------------+------------------------------+


+----------------------------------------------------------+
; Routing Usage Summary                                    ;
+------------------------------+---------------------------+
; Routing Resource Type        ; Usage                     ;
+------------------------------+---------------------------+
; Block interconnects          ; 25,540 / 140,056 ( 18 % ) ;
; C12 interconnects            ; 334 / 6,048 ( 6 % )       ;
; C2 interconnects             ; 7,443 / 54,648 ( 14 % )   ;
; C4 interconnects             ; 4,049 / 25,920 ( 16 % )   ;
; DQS bus muxes                ; 0 / 17 ( 0 % )            ;
; DQS-18 I/O buses             ; 0 / 17 ( 0 % )            ;
; DQS-9 I/O buses              ; 0 / 17 ( 0 % )            ;
; Direct links                 ; 2,792 / 140,056 ( 2 % )   ;
; Global clocks                ; 1 / 16 ( 6 % )            ;
; Local interconnects          ; 4,715 / 36,960 ( 13 % )   ;
; Quadrant clocks              ; 0 / 88 ( 0 % )            ;
; R14 interconnects            ; 480 / 5,984 ( 8 % )       ;
; R14/C12 interconnect drivers ; 702 / 9,504 ( 7 % )       ;
; R3 interconnects             ; 10,235 / 60,192 ( 17 % )  ;
; R6 interconnects             ; 14,633 / 127,072 ( 12 % ) ;
; Spine clocks                 ; 4 / 120 ( 3 % )           ;
; Wire stub REs                ; 0 / 7,344 ( 0 % )         ;
+------------------------------+---------------------------+


+------------------------------------------+
; I/O Rules Summary                        ;
+----------------------------------+-------+
; I/O Rules Statistic              ; Total ;
+----------------------------------+-------+
; Total I/O Rules                  ; 28    ;
; Number of I/O Rules Passed       ; 6     ;
; Number of I/O Rules Failed       ; 0     ;
; Number of I/O Rules Unchecked    ; 0     ;
; Number of I/O Rules Inapplicable ; 22    ;
+----------------------------------+-------+


+-----------------------------------------------------------------------------------------------------------------------------------------------------------------------------------------------------------------------------------------------------------------------------------+
; I/O Rules Details                                                                                                                                                                                                                                                                 ;
+--------------+-----------+-----------------------------------+------------------------------------------------------------------------------------+----------+--------------------------------------------------------------------------+---------------------+-------------------+
; Status       ; ID        ; Category                          ; Rule Description                                                                   ; Severity ; Information                                                              ; Area                ; Extra Information ;
+--------------+-----------+-----------------------------------+------------------------------------------------------------------------------------+----------+--------------------------------------------------------------------------+---------------------+-------------------+
; Inapplicable ; IO_000001 ; Capacity Checks                   ; Number of pins in an I/O bank should not exceed the number of locations available. ; Critical ; No Location assignments found.                                           ; I/O                 ;                   ;
; Inapplicable ; IO_000002 ; Capacity Checks                   ; Number of clocks in an I/O bank should not exceed the number of clocks available.  ; Critical ; No Global Signal assignments found.                                      ; I/O                 ;                   ;
; Inapplicable ; IO_000003 ; Capacity Checks                   ; Number of pins in a Vrefgroup should not exceed the number of locations available. ; Critical ; No Location assignments found.                                           ; I/O                 ;                   ;
; Inapplicable ; IO_000004 ; Voltage Compatibility Checks      ; The I/O bank should support the requested VCCIO.                                   ; Critical ; No IOBANK_VCCIO assignments found.                                       ; I/O                 ;                   ;
; Inapplicable ; IO_000005 ; Voltage Compatibility Checks      ; The I/O bank should not have competing VREF values.                                ; Critical ; No VREF I/O Standard assignments found.                                  ; I/O                 ;                   ;
; Pass         ; IO_000006 ; Voltage Compatibility Checks      ; The I/O bank should not have competing VCCIO values.                               ; Critical ; 0 such failures found.                                                   ; I/O                 ;                   ;
; Inapplicable ; IO_000007 ; Valid Location Checks             ; Checks for unavailable locations.                                                  ; Critical ; No Location assignments found.                                           ; I/O                 ;                   ;
; Inapplicable ; IO_000008 ; Valid Location Checks             ; Checks for reserved locations.                                                     ; Critical ; No reserved LogicLock region found.                                      ; I/O                 ;                   ;
; Pass         ; IO_000009 ; I/O Properties Checks for One I/O ; The location should support the requested I/O standard.                            ; Critical ; 0 such failures found.                                                   ; I/O                 ;                   ;
; Pass         ; IO_000010 ; I/O Properties Checks for One I/O ; The location should support the requested I/O direction.                           ; Critical ; 0 such failures found.                                                   ; I/O                 ;                   ;
; Inapplicable ; IO_000011 ; I/O Properties Checks for One I/O ; The location should support the requested Current Strength.                        ; Critical ; No Current Strength assignments found.                                   ; I/O                 ;                   ;
; Pass         ; IO_000012 ; I/O Properties Checks for One I/O ; The location should support the requested On Chip Termination value.               ; Critical ; 0 such failures found.                                                   ; I/O                 ;                   ;
; Inapplicable ; IO_000013 ; I/O Properties Checks for One I/O ; The location should support the requested Bus Hold value.                          ; Critical ; No Enable Bus-Hold Circuitry assignments found.                          ; I/O                 ;                   ;
; Inapplicable ; IO_000014 ; I/O Properties Checks for One I/O ; The location should support the requested Weak Pull Up value.                      ; Critical ; No Weak Pull-Up Resistor assignments found.                              ; I/O                 ;                   ;
; Inapplicable ; IO_000015 ; I/O Properties Checks for One I/O ; The location should support the requested PCI Clamp Diode.                         ; Critical ; No Clamping Diode assignments found.                                     ; I/O                 ;                   ;
; Inapplicable ; IO_000018 ; I/O Properties Checks for One I/O ; The I/O standard should support the requested Current Strength.                    ; Critical ; No Current Strength assignments found.                                   ; I/O                 ;                   ;
; Pass         ; IO_000019 ; I/O Properties Checks for One I/O ; The I/O standard should support the requested On Chip Termination value.           ; Critical ; 0 such failures found.                                                   ; I/O                 ;                   ;
; Inapplicable ; IO_000020 ; I/O Properties Checks for One I/O ; The I/O standard should support the requested PCI Clamp Diode.                     ; Critical ; No Clamping Diode assignments found.                                     ; I/O                 ;                   ;
; Inapplicable ; IO_000021 ; I/O Properties Checks for One I/O ; The I/O standard should support the requested Weak Pull Up value.                  ; Critical ; No Weak Pull-Up Resistor assignments found.                              ; I/O                 ;                   ;
; Inapplicable ; IO_000022 ; I/O Properties Checks for One I/O ; The I/O standard should support the requested Bus Hold value.                      ; Critical ; No Enable Bus-Hold Circuitry assignments found.                          ; I/O                 ;                   ;
; Inapplicable ; IO_000023 ; I/O Properties Checks for One I/O ; The I/O standard should support the Open Drain value.                              ; Critical ; No open drain assignments found.                                         ; I/O                 ;                   ;
; Pass         ; IO_000024 ; I/O Properties Checks for One I/O ; The I/O direction should support the On Chip Termination value.                    ; Critical ; 0 such failures found.                                                   ; I/O                 ;                   ;
; Inapplicable ; IO_000026 ; I/O Properties Checks for One I/O ; On Chip Termination and Current Strength should not be used at the same time.      ; Critical ; No Current Strength assignments found.                                   ; I/O                 ;                   ;
; Inapplicable ; IO_000027 ; I/O Properties Checks for One I/O ; Weak Pull Up and Bus Hold should not be used at the same time.                     ; Critical ; No Enable Bus-Hold Circuitry or Weak Pull-Up Resistor assignments found. ; I/O                 ;                   ;
; Inapplicable ; IO_000045 ; I/O Properties Checks for One I/O ; The I/O standard should support the requested Slew Rate value.                     ; Critical ; No Slew Rate assignments found.                                          ; I/O                 ;                   ;
; Inapplicable ; IO_000046 ; I/O Properties Checks for One I/O ; The location should support the requested Slew Rate value.                         ; Critical ; No Slew Rate assignments found.                                          ; I/O                 ;                   ;
; Inapplicable ; IO_000047 ; I/O Properties Checks for One I/O ; On Chip Termination and Slew Rate should not be used at the same time.             ; Critical ; No Slew Rate assignments found.                                          ; I/O                 ;                   ;
; Inapplicable ; IO_000034 ; SI Related Distance Checks        ; Single-ended outputs should be 0 LAB row(s) away from a differential I/O.          ; High     ; No Differential I/O Standard assignments found.                          ; I/O                 ;                   ;
; ----         ; ----      ; Disclaimer                        ; OCT rules are checked but not reported.                                            ; None     ; ----                                                                     ; On Chip Termination ;                   ;
+--------------+-----------+-----------------------------------+------------------------------------------------------------------------------------+----------+--------------------------------------------------------------------------+---------------------+-------------------+


+-----------------------------------------------------------------------------------------------------------------------------------------------------------------------------------------------------------------------------------------------------------------------------------------------------------------------------------------------------------------------------------------------------------------------------------------------+
; I/O Rules Matrix                                                                                                                                                                                                                                                                                                                                                                                                                              ;
+--------------------+--------------+--------------+--------------+--------------+--------------+-----------+--------------+--------------+-----------+-----------+--------------+--------------+--------------+--------------+--------------+--------------+--------------+--------------+--------------+--------------+--------------+--------------+--------------+--------------+--------------+--------------+--------------+--------------+
; Pin/Rules          ; IO_000001    ; IO_000002    ; IO_000003    ; IO_000004    ; IO_000005    ; IO_000006 ; IO_000007    ; IO_000008    ; IO_000009 ; IO_000010 ; IO_000011    ; IO_000012    ; IO_000013    ; IO_000014    ; IO_000015    ; IO_000018    ; IO_000019    ; IO_000020    ; IO_000021    ; IO_000022    ; IO_000023    ; IO_000024    ; IO_000026    ; IO_000027    ; IO_000045    ; IO_000046    ; IO_000047    ; IO_000034    ;
+--------------------+--------------+--------------+--------------+--------------+--------------+-----------+--------------+--------------+-----------+-----------+--------------+--------------+--------------+--------------+--------------+--------------+--------------+--------------+--------------+--------------+--------------+--------------+--------------+--------------+--------------+--------------+--------------+--------------+
; Total Pass         ; 0            ; 0            ; 0            ; 0            ; 0            ; 34        ; 0            ; 0            ; 34        ; 34        ; 0            ; 32           ; 0            ; 0            ; 0            ; 0            ; 32           ; 0            ; 0            ; 0            ; 0            ; 32           ; 0            ; 0            ; 0            ; 0            ; 0            ; 0            ;
; Total Unchecked    ; 0            ; 0            ; 0            ; 0            ; 0            ; 0         ; 0            ; 0            ; 0         ; 0         ; 0            ; 0            ; 0            ; 0            ; 0            ; 0            ; 0            ; 0            ; 0            ; 0            ; 0            ; 0            ; 0            ; 0            ; 0            ; 0            ; 0            ; 0            ;
; Total Inapplicable ; 34           ; 34           ; 34           ; 34           ; 34           ; 0         ; 34           ; 34           ; 0         ; 0         ; 34           ; 2            ; 34           ; 34           ; 34           ; 34           ; 2            ; 34           ; 34           ; 34           ; 34           ; 2            ; 34           ; 34           ; 34           ; 34           ; 34           ; 34           ;
; Total Fail         ; 0            ; 0            ; 0            ; 0            ; 0            ; 0         ; 0            ; 0            ; 0         ; 0         ; 0            ; 0            ; 0            ; 0            ; 0            ; 0            ; 0            ; 0            ; 0            ; 0            ; 0            ; 0            ; 0            ; 0            ; 0            ; 0            ; 0            ; 0            ;
; regs_31[0]         ; Inapplicable ; Inapplicable ; Inapplicable ; Inapplicable ; Inapplicable ; Pass      ; Inapplicable ; Inapplicable ; Pass      ; Pass      ; Inapplicable ; Pass         ; Inapplicable ; Inapplicable ; Inapplicable ; Inapplicable ; Pass         ; Inapplicable ; Inapplicable ; Inapplicable ; Inapplicable ; Pass         ; Inapplicable ; Inapplicable ; Inapplicable ; Inapplicable ; Inapplicable ; Inapplicable ;
; regs_31[1]         ; Inapplicable ; Inapplicable ; Inapplicable ; Inapplicable ; Inapplicable ; Pass      ; Inapplicable ; Inapplicable ; Pass      ; Pass      ; Inapplicable ; Pass         ; Inapplicable ; Inapplicable ; Inapplicable ; Inapplicable ; Pass         ; Inapplicable ; Inapplicable ; Inapplicable ; Inapplicable ; Pass         ; Inapplicable ; Inapplicable ; Inapplicable ; Inapplicable ; Inapplicable ; Inapplicable ;
; regs_31[2]         ; Inapplicable ; Inapplicable ; Inapplicable ; Inapplicable ; Inapplicable ; Pass      ; Inapplicable ; Inapplicable ; Pass      ; Pass      ; Inapplicable ; Pass         ; Inapplicable ; Inapplicable ; Inapplicable ; Inapplicable ; Pass         ; Inapplicable ; Inapplicable ; Inapplicable ; Inapplicable ; Pass         ; Inapplicable ; Inapplicable ; Inapplicable ; Inapplicable ; Inapplicable ; Inapplicable ;
; regs_31[3]         ; Inapplicable ; Inapplicable ; Inapplicable ; Inapplicable ; Inapplicable ; Pass      ; Inapplicable ; Inapplicable ; Pass      ; Pass      ; Inapplicable ; Pass         ; Inapplicable ; Inapplicable ; Inapplicable ; Inapplicable ; Pass         ; Inapplicable ; Inapplicable ; Inapplicable ; Inapplicable ; Pass         ; Inapplicable ; Inapplicable ; Inapplicable ; Inapplicable ; Inapplicable ; Inapplicable ;
; regs_31[4]         ; Inapplicable ; Inapplicable ; Inapplicable ; Inapplicable ; Inapplicable ; Pass      ; Inapplicable ; Inapplicable ; Pass      ; Pass      ; Inapplicable ; Pass         ; Inapplicable ; Inapplicable ; Inapplicable ; Inapplicable ; Pass         ; Inapplicable ; Inapplicable ; Inapplicable ; Inapplicable ; Pass         ; Inapplicable ; Inapplicable ; Inapplicable ; Inapplicable ; Inapplicable ; Inapplicable ;
; regs_31[5]         ; Inapplicable ; Inapplicable ; Inapplicable ; Inapplicable ; Inapplicable ; Pass      ; Inapplicable ; Inapplicable ; Pass      ; Pass      ; Inapplicable ; Pass         ; Inapplicable ; Inapplicable ; Inapplicable ; Inapplicable ; Pass         ; Inapplicable ; Inapplicable ; Inapplicable ; Inapplicable ; Pass         ; Inapplicable ; Inapplicable ; Inapplicable ; Inapplicable ; Inapplicable ; Inapplicable ;
; regs_31[6]         ; Inapplicable ; Inapplicable ; Inapplicable ; Inapplicable ; Inapplicable ; Pass      ; Inapplicable ; Inapplicable ; Pass      ; Pass      ; Inapplicable ; Pass         ; Inapplicable ; Inapplicable ; Inapplicable ; Inapplicable ; Pass         ; Inapplicable ; Inapplicable ; Inapplicable ; Inapplicable ; Pass         ; Inapplicable ; Inapplicable ; Inapplicable ; Inapplicable ; Inapplicable ; Inapplicable ;
; regs_31[7]         ; Inapplicable ; Inapplicable ; Inapplicable ; Inapplicable ; Inapplicable ; Pass      ; Inapplicable ; Inapplicable ; Pass      ; Pass      ; Inapplicable ; Pass         ; Inapplicable ; Inapplicable ; Inapplicable ; Inapplicable ; Pass         ; Inapplicable ; Inapplicable ; Inapplicable ; Inapplicable ; Pass         ; Inapplicable ; Inapplicable ; Inapplicable ; Inapplicable ; Inapplicable ; Inapplicable ;
; regs_31[8]         ; Inapplicable ; Inapplicable ; Inapplicable ; Inapplicable ; Inapplicable ; Pass      ; Inapplicable ; Inapplicable ; Pass      ; Pass      ; Inapplicable ; Pass         ; Inapplicable ; Inapplicable ; Inapplicable ; Inapplicable ; Pass         ; Inapplicable ; Inapplicable ; Inapplicable ; Inapplicable ; Pass         ; Inapplicable ; Inapplicable ; Inapplicable ; Inapplicable ; Inapplicable ; Inapplicable ;
; regs_31[9]         ; Inapplicable ; Inapplicable ; Inapplicable ; Inapplicable ; Inapplicable ; Pass      ; Inapplicable ; Inapplicable ; Pass      ; Pass      ; Inapplicable ; Pass         ; Inapplicable ; Inapplicable ; Inapplicable ; Inapplicable ; Pass         ; Inapplicable ; Inapplicable ; Inapplicable ; Inapplicable ; Pass         ; Inapplicable ; Inapplicable ; Inapplicable ; Inapplicable ; Inapplicable ; Inapplicable ;
; regs_31[10]        ; Inapplicable ; Inapplicable ; Inapplicable ; Inapplicable ; Inapplicable ; Pass      ; Inapplicable ; Inapplicable ; Pass      ; Pass      ; Inapplicable ; Pass         ; Inapplicable ; Inapplicable ; Inapplicable ; Inapplicable ; Pass         ; Inapplicable ; Inapplicable ; Inapplicable ; Inapplicable ; Pass         ; Inapplicable ; Inapplicable ; Inapplicable ; Inapplicable ; Inapplicable ; Inapplicable ;
; regs_31[11]        ; Inapplicable ; Inapplicable ; Inapplicable ; Inapplicable ; Inapplicable ; Pass      ; Inapplicable ; Inapplicable ; Pass      ; Pass      ; Inapplicable ; Pass         ; Inapplicable ; Inapplicable ; Inapplicable ; Inapplicable ; Pass         ; Inapplicable ; Inapplicable ; Inapplicable ; Inapplicable ; Pass         ; Inapplicable ; Inapplicable ; Inapplicable ; Inapplicable ; Inapplicable ; Inapplicable ;
; regs_31[12]        ; Inapplicable ; Inapplicable ; Inapplicable ; Inapplicable ; Inapplicable ; Pass      ; Inapplicable ; Inapplicable ; Pass      ; Pass      ; Inapplicable ; Pass         ; Inapplicable ; Inapplicable ; Inapplicable ; Inapplicable ; Pass         ; Inapplicable ; Inapplicable ; Inapplicable ; Inapplicable ; Pass         ; Inapplicable ; Inapplicable ; Inapplicable ; Inapplicable ; Inapplicable ; Inapplicable ;
; regs_31[13]        ; Inapplicable ; Inapplicable ; Inapplicable ; Inapplicable ; Inapplicable ; Pass      ; Inapplicable ; Inapplicable ; Pass      ; Pass      ; Inapplicable ; Pass         ; Inapplicable ; Inapplicable ; Inapplicable ; Inapplicable ; Pass         ; Inapplicable ; Inapplicable ; Inapplicable ; Inapplicable ; Pass         ; Inapplicable ; Inapplicable ; Inapplicable ; Inapplicable ; Inapplicable ; Inapplicable ;
; regs_31[14]        ; Inapplicable ; Inapplicable ; Inapplicable ; Inapplicable ; Inapplicable ; Pass      ; Inapplicable ; Inapplicable ; Pass      ; Pass      ; Inapplicable ; Pass         ; Inapplicable ; Inapplicable ; Inapplicable ; Inapplicable ; Pass         ; Inapplicable ; Inapplicable ; Inapplicable ; Inapplicable ; Pass         ; Inapplicable ; Inapplicable ; Inapplicable ; Inapplicable ; Inapplicable ; Inapplicable ;
; regs_31[15]        ; Inapplicable ; Inapplicable ; Inapplicable ; Inapplicable ; Inapplicable ; Pass      ; Inapplicable ; Inapplicable ; Pass      ; Pass      ; Inapplicable ; Pass         ; Inapplicable ; Inapplicable ; Inapplicable ; Inapplicable ; Pass         ; Inapplicable ; Inapplicable ; Inapplicable ; Inapplicable ; Pass         ; Inapplicable ; Inapplicable ; Inapplicable ; Inapplicable ; Inapplicable ; Inapplicable ;
; regs_31[16]        ; Inapplicable ; Inapplicable ; Inapplicable ; Inapplicable ; Inapplicable ; Pass      ; Inapplicable ; Inapplicable ; Pass      ; Pass      ; Inapplicable ; Pass         ; Inapplicable ; Inapplicable ; Inapplicable ; Inapplicable ; Pass         ; Inapplicable ; Inapplicable ; Inapplicable ; Inapplicable ; Pass         ; Inapplicable ; Inapplicable ; Inapplicable ; Inapplicable ; Inapplicable ; Inapplicable ;
; regs_31[17]        ; Inapplicable ; Inapplicable ; Inapplicable ; Inapplicable ; Inapplicable ; Pass      ; Inapplicable ; Inapplicable ; Pass      ; Pass      ; Inapplicable ; Pass         ; Inapplicable ; Inapplicable ; Inapplicable ; Inapplicable ; Pass         ; Inapplicable ; Inapplicable ; Inapplicable ; Inapplicable ; Pass         ; Inapplicable ; Inapplicable ; Inapplicable ; Inapplicable ; Inapplicable ; Inapplicable ;
; regs_31[18]        ; Inapplicable ; Inapplicable ; Inapplicable ; Inapplicable ; Inapplicable ; Pass      ; Inapplicable ; Inapplicable ; Pass      ; Pass      ; Inapplicable ; Pass         ; Inapplicable ; Inapplicable ; Inapplicable ; Inapplicable ; Pass         ; Inapplicable ; Inapplicable ; Inapplicable ; Inapplicable ; Pass         ; Inapplicable ; Inapplicable ; Inapplicable ; Inapplicable ; Inapplicable ; Inapplicable ;
; regs_31[19]        ; Inapplicable ; Inapplicable ; Inapplicable ; Inapplicable ; Inapplicable ; Pass      ; Inapplicable ; Inapplicable ; Pass      ; Pass      ; Inapplicable ; Pass         ; Inapplicable ; Inapplicable ; Inapplicable ; Inapplicable ; Pass         ; Inapplicable ; Inapplicable ; Inapplicable ; Inapplicable ; Pass         ; Inapplicable ; Inapplicable ; Inapplicable ; Inapplicable ; Inapplicable ; Inapplicable ;
; regs_31[20]        ; Inapplicable ; Inapplicable ; Inapplicable ; Inapplicable ; Inapplicable ; Pass      ; Inapplicable ; Inapplicable ; Pass      ; Pass      ; Inapplicable ; Pass         ; Inapplicable ; Inapplicable ; Inapplicable ; Inapplicable ; Pass         ; Inapplicable ; Inapplicable ; Inapplicable ; Inapplicable ; Pass         ; Inapplicable ; Inapplicable ; Inapplicable ; Inapplicable ; Inapplicable ; Inapplicable ;
; regs_31[21]        ; Inapplicable ; Inapplicable ; Inapplicable ; Inapplicable ; Inapplicable ; Pass      ; Inapplicable ; Inapplicable ; Pass      ; Pass      ; Inapplicable ; Pass         ; Inapplicable ; Inapplicable ; Inapplicable ; Inapplicable ; Pass         ; Inapplicable ; Inapplicable ; Inapplicable ; Inapplicable ; Pass         ; Inapplicable ; Inapplicable ; Inapplicable ; Inapplicable ; Inapplicable ; Inapplicable ;
; regs_31[22]        ; Inapplicable ; Inapplicable ; Inapplicable ; Inapplicable ; Inapplicable ; Pass      ; Inapplicable ; Inapplicable ; Pass      ; Pass      ; Inapplicable ; Pass         ; Inapplicable ; Inapplicable ; Inapplicable ; Inapplicable ; Pass         ; Inapplicable ; Inapplicable ; Inapplicable ; Inapplicable ; Pass         ; Inapplicable ; Inapplicable ; Inapplicable ; Inapplicable ; Inapplicable ; Inapplicable ;
; regs_31[23]        ; Inapplicable ; Inapplicable ; Inapplicable ; Inapplicable ; Inapplicable ; Pass      ; Inapplicable ; Inapplicable ; Pass      ; Pass      ; Inapplicable ; Pass         ; Inapplicable ; Inapplicable ; Inapplicable ; Inapplicable ; Pass         ; Inapplicable ; Inapplicable ; Inapplicable ; Inapplicable ; Pass         ; Inapplicable ; Inapplicable ; Inapplicable ; Inapplicable ; Inapplicable ; Inapplicable ;
; regs_31[24]        ; Inapplicable ; Inapplicable ; Inapplicable ; Inapplicable ; Inapplicable ; Pass      ; Inapplicable ; Inapplicable ; Pass      ; Pass      ; Inapplicable ; Pass         ; Inapplicable ; Inapplicable ; Inapplicable ; Inapplicable ; Pass         ; Inapplicable ; Inapplicable ; Inapplicable ; Inapplicable ; Pass         ; Inapplicable ; Inapplicable ; Inapplicable ; Inapplicable ; Inapplicable ; Inapplicable ;
; regs_31[25]        ; Inapplicable ; Inapplicable ; Inapplicable ; Inapplicable ; Inapplicable ; Pass      ; Inapplicable ; Inapplicable ; Pass      ; Pass      ; Inapplicable ; Pass         ; Inapplicable ; Inapplicable ; Inapplicable ; Inapplicable ; Pass         ; Inapplicable ; Inapplicable ; Inapplicable ; Inapplicable ; Pass         ; Inapplicable ; Inapplicable ; Inapplicable ; Inapplicable ; Inapplicable ; Inapplicable ;
; regs_31[26]        ; Inapplicable ; Inapplicable ; Inapplicable ; Inapplicable ; Inapplicable ; Pass      ; Inapplicable ; Inapplicable ; Pass      ; Pass      ; Inapplicable ; Pass         ; Inapplicable ; Inapplicable ; Inapplicable ; Inapplicable ; Pass         ; Inapplicable ; Inapplicable ; Inapplicable ; Inapplicable ; Pass         ; Inapplicable ; Inapplicable ; Inapplicable ; Inapplicable ; Inapplicable ; Inapplicable ;
; regs_31[27]        ; Inapplicable ; Inapplicable ; Inapplicable ; Inapplicable ; Inapplicable ; Pass      ; Inapplicable ; Inapplicable ; Pass      ; Pass      ; Inapplicable ; Pass         ; Inapplicable ; Inapplicable ; Inapplicable ; Inapplicable ; Pass         ; Inapplicable ; Inapplicable ; Inapplicable ; Inapplicable ; Pass         ; Inapplicable ; Inapplicable ; Inapplicable ; Inapplicable ; Inapplicable ; Inapplicable ;
; regs_31[28]        ; Inapplicable ; Inapplicable ; Inapplicable ; Inapplicable ; Inapplicable ; Pass      ; Inapplicable ; Inapplicable ; Pass      ; Pass      ; Inapplicable ; Pass         ; Inapplicable ; Inapplicable ; Inapplicable ; Inapplicable ; Pass         ; Inapplicable ; Inapplicable ; Inapplicable ; Inapplicable ; Pass         ; Inapplicable ; Inapplicable ; Inapplicable ; Inapplicable ; Inapplicable ; Inapplicable ;
; regs_31[29]        ; Inapplicable ; Inapplicable ; Inapplicable ; Inapplicable ; Inapplicable ; Pass      ; Inapplicable ; Inapplicable ; Pass      ; Pass      ; Inapplicable ; Pass         ; Inapplicable ; Inapplicable ; Inapplicable ; Inapplicable ; Pass         ; Inapplicable ; Inapplicable ; Inapplicable ; Inapplicable ; Pass         ; Inapplicable ; Inapplicable ; Inapplicable ; Inapplicable ; Inapplicable ; Inapplicable ;
; regs_31[30]        ; Inapplicable ; Inapplicable ; Inapplicable ; Inapplicable ; Inapplicable ; Pass      ; Inapplicable ; Inapplicable ; Pass      ; Pass      ; Inapplicable ; Pass         ; Inapplicable ; Inapplicable ; Inapplicable ; Inapplicable ; Pass         ; Inapplicable ; Inapplicable ; Inapplicable ; Inapplicable ; Pass         ; Inapplicable ; Inapplicable ; Inapplicable ; Inapplicable ; Inapplicable ; Inapplicable ;
; regs_31[31]        ; Inapplicable ; Inapplicable ; Inapplicable ; Inapplicable ; Inapplicable ; Pass      ; Inapplicable ; Inapplicable ; Pass      ; Pass      ; Inapplicable ; Pass         ; Inapplicable ; Inapplicable ; Inapplicable ; Inapplicable ; Pass         ; Inapplicable ; Inapplicable ; Inapplicable ; Inapplicable ; Pass         ; Inapplicable ; Inapplicable ; Inapplicable ; Inapplicable ; Inapplicable ; Inapplicable ;
; clk                ; Inapplicable ; Inapplicable ; Inapplicable ; Inapplicable ; Inapplicable ; Pass      ; Inapplicable ; Inapplicable ; Pass      ; Pass      ; Inapplicable ; Inapplicable ; Inapplicable ; Inapplicable ; Inapplicable ; Inapplicable ; Inapplicable ; Inapplicable ; Inapplicable ; Inapplicable ; Inapplicable ; Inapplicable ; Inapplicable ; Inapplicable ; Inapplicable ; Inapplicable ; Inapplicable ; Inapplicable ;
; rst                ; Inapplicable ; Inapplicable ; Inapplicable ; Inapplicable ; Inapplicable ; Pass      ; Inapplicable ; Inapplicable ; Pass      ; Pass      ; Inapplicable ; Inapplicable ; Inapplicable ; Inapplicable ; Inapplicable ; Inapplicable ; Inapplicable ; Inapplicable ; Inapplicable ; Inapplicable ; Inapplicable ; Inapplicable ; Inapplicable ; Inapplicable ; Inapplicable ; Inapplicable ; Inapplicable ; Inapplicable ;
+--------------------+--------------+--------------+--------------+--------------+--------------+-----------+--------------+--------------+-----------+-----------+--------------+--------------+--------------+--------------+--------------+--------------+--------------+--------------+--------------+--------------+--------------+--------------+--------------+--------------+--------------+--------------+--------------+--------------+


+------------------------------------------------------------------------------------------------+
; Fitter Device Options                                                                          ;
+------------------------------------------------------------------+-----------------------------+
; Option                                                           ; Setting                     ;
+------------------------------------------------------------------+-----------------------------+
; Enable user-supplied start-up clock (CLKUSR)                     ; Off                         ;
; Enable device-wide reset (DEV_CLRn)                              ; Off                         ;
; Enable device-wide output enable (DEV_OE)                        ; Off                         ;
; Enable INIT_DONE output                                          ; Off                         ;
; Configuration scheme                                             ; Passive Serial              ;
; Enable Error Detection CRC_ERROR pin                             ; Off                         ;
; Enable CvP_CONFDONE pin                                          ; Off                         ;
; Enable open drain on CRC_ERROR pin                               ; On                          ;
; Enable open drain on CvP_CONFDONE pin                            ; On                          ;
; Enable open drain on INIT_DONE pin                               ; On                          ;
; Enable open drain on Partial Reconfiguration pins                ; Off                         ;
; Enable open drain on nCEO pin                                    ; On                          ;
; Enable Partial Reconfiguration pins                              ; Off                         ;
; Enable input tri-state on active configuration pins in user mode ; Off                         ;
; Enable internal scrubbing                                        ; Off                         ;
; Active Serial clock source                                       ; 100 MHz Internal Oscillator ;
; Device initialization clock source                               ; Internal Oscillator         ;
; Configuration via Protocol                                       ; Off                         ;
; Configuration Voltage Level                                      ; Auto                        ;
; Force Configuration Voltage Level                                ; Off                         ;
; Enable nCEO output                                               ; Off                         ;
; Data[15..8]                                                      ; Unreserved                  ;
; Data[7..5]                                                       ; Unreserved                  ;
; Base pin-out file on sameframe device                            ; Off                         ;
+------------------------------------------------------------------+-----------------------------+


+------------------------------------+
; Operating Settings and Conditions  ;
+---------------------------+--------+
; Setting                   ; Value  ;
+---------------------------+--------+
; Nominal Core Voltage      ; 1.10 V ;
; Low Junction Temperature  ; 0 °C   ;
; High Junction Temperature ; 85 °C  ;
+---------------------------+--------+


+------------------------------------------------------------+
; Estimated Delay Added for Hold Timing Summary              ;
+-----------------+----------------------+-------------------+
; Source Clock(s) ; Destination Clock(s) ; Delay Added in ns ;
+-----------------+----------------------+-------------------+
; clk             ; clk                  ; 4.4               ;
+-----------------+----------------------+-------------------+
Note: For more information on problematic transfers, consider running the Fitter again with the Optimize hold timing option (Settings Menu) turned off.
This will disable optimization of problematic paths and expose them for further analysis using the Timing Analyzer.


+------------------------------------------------------------+
; Estimated Delay Added for Hold Timing Details              ;
+-----------------+----------------------+-------------------+
; Source Register ; Destination Register ; Delay Added in ns ;
+-----------------+----------------------+-------------------+
; ps[0]           ; ps[1]                ; 0.385             ;
; inst_r[27]      ; imm_r[7]             ; 0.351             ;
; flush_IDEX_r    ; sel_jump_r           ; 0.341             ;
; ps[1]           ; ps[0]                ; 0.337             ;
; inst_r[30]      ; imm_r[10]            ; 0.327             ;
; pc_r[24]        ; pc_rr[24]            ; 0.115             ;
; pc_r[21]        ; pc_rr[21]            ; 0.115             ;
; pc_r[14]        ; pc_rr[14]            ; 0.115             ;
; pc_r[27]        ; pc_rr[27]            ; 0.115             ;
; pc_r[6]         ; pc_rr[6]             ; 0.105             ;
; pc_r[4]         ; pc_rr[4]             ; 0.105             ;
; pc_r[29]        ; pc_rr[29]            ; 0.101             ;
; pc_r[22]        ; pc_rr[22]            ; 0.101             ;
+-----------------+----------------------+-------------------+
Note: This table only shows the top 13 path(s) that have the largest delay added for hold.


+-----------------+
; Fitter Messages ;
+-----------------+
Warning (18236): Number of processors has not been specified which may cause overloading on shared machines.  Set the global assignment NUM_PARALLEL_PROCESSORS in your QSF to an appropriate value for best performance.
Info (20030): Parallel compilation is enabled and will use 10 of the 10 processors detected
Info (119006): Selected device 5CEBA4F23C7 for design "DE0_CV"
Info (21077): Low junction temperature is 0 degrees C
Info (21077): High junction temperature is 85 degrees C
Info (171003): Fitter is performing an Auto Fit compilation, which may decrease Fitter effort to reduce compilation time
Warning (292013): Feature LogicLock is only available with a valid subscription license. You can purchase a software subscription to gain full access to this feature.
Warning (15714): Some pins have incomplete I/O assignments. Refer to the I/O Assignment Warnings report for details
Critical Warning (169085): No exact pin location assignment(s) for 34 pins of 34 total pins. For the list of pins please refer to the I/O Assignment Warnings table in the fitter report.
Info (184020): Starting Fitter periphery placement operations
Info (11191): Automatically promoted 1 clock (1 global)
    Info (11162): clk~inputCLKENA0 with 5328 fanout uses global clock CLKCTRL_G10
Info (184021): Fitter periphery placement operations ending: elapsed time is 00:00:00
Info (176233): Starting register packing
Info (332104): Reading SDC File: 'DE0_CV.sdc'
Warning (332174): Ignored filter at DE0_CV.sdc(9): CLOCK_50 could not be matched with a port File: C:/Users/user/Downloads/DE0_CV/DE0_CV.sdc Line: 9
Warning (332049): Ignored create_clock at DE0_CV.sdc(9): Argument <targets> is an empty collection File: C:/Users/user/Downloads/DE0_CV/DE0_CV.sdc Line: 9
    Info (332050): create_clock -period "50.0 MHz" [get_ports CLOCK_50] File: C:/Users/user/Downloads/DE0_CV/DE0_CV.sdc Line: 9
Warning (332174): Ignored filter at DE0_CV.sdc(10): CLOCK2_50 could not be matched with a port File: C:/Users/user/Downloads/DE0_CV/DE0_CV.sdc Line: 10
Warning (332049): Ignored create_clock at DE0_CV.sdc(10): Argument <targets> is an empty collection File: C:/Users/user/Downloads/DE0_CV/DE0_CV.sdc Line: 10
    Info (332050): create_clock -period "50.0 MHz" [get_ports CLOCK2_50] File: C:/Users/user/Downloads/DE0_CV/DE0_CV.sdc Line: 10
Warning (332174): Ignored filter at DE0_CV.sdc(11): CLOCK3_50 could not be matched with a port File: C:/Users/user/Downloads/DE0_CV/DE0_CV.sdc Line: 11
Warning (332049): Ignored create_clock at DE0_CV.sdc(11): Argument <targets> is an empty collection File: C:/Users/user/Downloads/DE0_CV/DE0_CV.sdc Line: 11
    Info (332050): create_clock -period "50.0 MHz" [get_ports CLOCK3_50] File: C:/Users/user/Downloads/DE0_CV/DE0_CV.sdc Line: 11
Warning (332174): Ignored filter at DE0_CV.sdc(12): CLOCK4_50 could not be matched with a port File: C:/Users/user/Downloads/DE0_CV/DE0_CV.sdc Line: 12
Warning (332049): Ignored create_clock at DE0_CV.sdc(12): Argument <targets> is an empty collection File: C:/Users/user/Downloads/DE0_CV/DE0_CV.sdc Line: 12
    Info (332050): create_clock -period "50.0 MHz" [get_ports CLOCK4_50] File: C:/Users/user/Downloads/DE0_CV/DE0_CV.sdc Line: 12
Info (332151): Clock uncertainty is not calculated until you update the timing netlist.
Info (332144): No user constrained base clocks found in the design
Info (332123): Deriving Clock Uncertainty. Please refer to report_sdc in the Timing Analyzer to see clock uncertainties.
Info (332130): Timing requirements not specified -- quality metrics such as performance may be sacrificed to reduce compilation time.
Info (176235): Finished register packing
    Extra Info (176218): Packed 256 registers into blocks of type DSP block
    Extra Info (176220): Created 256 register duplicates
Warning (15705): Ignored locations or region assignments to the following nodes
    Warning (15706): Node "CLOCK2_50" is assigned to location or region, but does not exist in design
    Warning (15706): Node "CLOCK3_50" is assigned to location or region, but does not exist in design
    Warning (15706): Node "CLOCK4_50" is assigned to location or region, but does not exist in design
    Warning (15706): Node "CLOCK_50" is assigned to location or region, but does not exist in design
    Warning (15706): Node "DRAM_ADDR[0]" is assigned to location or region, but does not exist in design
    Warning (15706): Node "DRAM_ADDR[10]" is assigned to location or region, but does not exist in design
    Warning (15706): Node "DRAM_ADDR[11]" is assigned to location or region, but does not exist in design
    Warning (15706): Node "DRAM_ADDR[12]" is assigned to location or region, but does not exist in design
    Warning (15706): Node "DRAM_ADDR[1]" is assigned to location or region, but does not exist in design
    Warning (15706): Node "DRAM_ADDR[2]" is assigned to location or region, but does not exist in design
    Warning (15706): Node "DRAM_ADDR[3]" is assigned to location or region, but does not exist in design
    Warning (15706): Node "DRAM_ADDR[4]" is assigned to location or region, but does not exist in design
    Warning (15706): Node "DRAM_ADDR[5]" is assigned to location or region, but does not exist in design
    Warning (15706): Node "DRAM_ADDR[6]" is assigned to location or region, but does not exist in design
    Warning (15706): Node "DRAM_ADDR[7]" is assigned to location or region, but does not exist in design
    Warning (15706): Node "DRAM_ADDR[8]" is assigned to location or region, but does not exist in design
    Warning (15706): Node "DRAM_ADDR[9]" is assigned to location or region, but does not exist in design
    Warning (15706): Node "DRAM_BA[0]" is assigned to location or region, but does not exist in design
    Warning (15706): Node "DRAM_BA[1]" is assigned to location or region, but does not exist in design
    Warning (15706): Node "DRAM_CAS_N" is assigned to location or region, but does not exist in design
    Warning (15706): Node "DRAM_CKE" is assigned to location or region, but does not exist in design
    Warning (15706): Node "DRAM_CLK" is assigned to location or region, but does not exist in design
    Warning (15706): Node "DRAM_CS_N" is assigned to location or region, but does not exist in design
    Warning (15706): Node "DRAM_DQ[0]" is assigned to location or region, but does not exist in design
    Warning (15706): Node "DRAM_DQ[10]" is assigned to location or region, but does not exist in design
    Warning (15706): Node "DRAM_DQ[11]" is assigned to location or region, but does not exist in design
    Warning (15706): Node "DRAM_DQ[12]" is assigned to location or region, but does not exist in design
    Warning (15706): Node "DRAM_DQ[13]" is assigned to location or region, but does not exist in design
    Warning (15706): Node "DRAM_DQ[14]" is assigned to location or region, but does not exist in design
    Warning (15706): Node "DRAM_DQ[15]" is assigned to location or region, but does not exist in design
    Warning (15706): Node "DRAM_DQ[1]" is assigned to location or region, but does not exist in design
    Warning (15706): Node "DRAM_DQ[2]" is assigned to location or region, but does not exist in design
    Warning (15706): Node "DRAM_DQ[3]" is assigned to location or region, but does not exist in design
    Warning (15706): Node "DRAM_DQ[4]" is assigned to location or region, but does not exist in design
    Warning (15706): Node "DRAM_DQ[5]" is assigned to location or region, but does not exist in design
    Warning (15706): Node "DRAM_DQ[6]" is assigned to location or region, but does not exist in design
    Warning (15706): Node "DRAM_DQ[7]" is assigned to location or region, but does not exist in design
    Warning (15706): Node "DRAM_DQ[8]" is assigned to location or region, but does not exist in design
    Warning (15706): Node "DRAM_DQ[9]" is assigned to location or region, but does not exist in design
    Warning (15706): Node "DRAM_LDQM" is assigned to location or region, but does not exist in design
    Warning (15706): Node "DRAM_RAS_N" is assigned to location or region, but does not exist in design
    Warning (15706): Node "DRAM_UDQM" is assigned to location or region, but does not exist in design
    Warning (15706): Node "DRAM_WE_N" is assigned to location or region, but does not exist in design
    Warning (15706): Node "GPIO_0[0]" is assigned to location or region, but does not exist in design
    Warning (15706): Node "GPIO_0[10]" is assigned to location or region, but does not exist in design
    Warning (15706): Node "GPIO_0[11]" is assigned to location or region, but does not exist in design
    Warning (15706): Node "GPIO_0[12]" is assigned to location or region, but does not exist in design
    Warning (15706): Node "GPIO_0[13]" is assigned to location or region, but does not exist in design
    Warning (15706): Node "GPIO_0[14]" is assigned to location or region, but does not exist in design
    Warning (15706): Node "GPIO_0[15]" is assigned to location or region, but does not exist in design
    Warning (15706): Node "GPIO_0[16]" is assigned to location or region, but does not exist in design
    Warning (15706): Node "GPIO_0[17]" is assigned to location or region, but does not exist in design
    Warning (15706): Node "GPIO_0[18]" is assigned to location or region, but does not exist in design
    Warning (15706): Node "GPIO_0[19]" is assigned to location or region, but does not exist in design
    Warning (15706): Node "GPIO_0[1]" is assigned to location or region, but does not exist in design
    Warning (15706): Node "GPIO_0[20]" is assigned to location or region, but does not exist in design
    Warning (15706): Node "GPIO_0[21]" is assigned to location or region, but does not exist in design
    Warning (15706): Node "GPIO_0[22]" is assigned to location or region, but does not exist in design
    Warning (15706): Node "GPIO_0[23]" is assigned to location or region, but does not exist in design
    Warning (15706): Node "GPIO_0[24]" is assigned to location or region, but does not exist in design
    Warning (15706): Node "GPIO_0[25]" is assigned to location or region, but does not exist in design
    Warning (15706): Node "GPIO_0[26]" is assigned to location or region, but does not exist in design
    Warning (15706): Node "GPIO_0[27]" is assigned to location or region, but does not exist in design
    Warning (15706): Node "GPIO_0[28]" is assigned to location or region, but does not exist in design
    Warning (15706): Node "GPIO_0[29]" is assigned to location or region, but does not exist in design
    Warning (15706): Node "GPIO_0[2]" is assigned to location or region, but does not exist in design
    Warning (15706): Node "GPIO_0[30]" is assigned to location or region, but does not exist in design
    Warning (15706): Node "GPIO_0[31]" is assigned to location or region, but does not exist in design
    Warning (15706): Node "GPIO_0[32]" is assigned to location or region, but does not exist in design
    Warning (15706): Node "GPIO_0[33]" is assigned to location or region, but does not exist in design
    Warning (15706): Node "GPIO_0[34]" is assigned to location or region, but does not exist in design
    Warning (15706): Node "GPIO_0[35]" is assigned to location or region, but does not exist in design
    Warning (15706): Node "GPIO_0[3]" is assigned to location or region, but does not exist in design
    Warning (15706): Node "GPIO_0[4]" is assigned to location or region, but does not exist in design
    Warning (15706): Node "GPIO_0[5]" is assigned to location or region, but does not exist in design
    Warning (15706): Node "GPIO_0[6]" is assigned to location or region, but does not exist in design
    Warning (15706): Node "GPIO_0[7]" is assigned to location or region, but does not exist in design
    Warning (15706): Node "GPIO_0[8]" is assigned to location or region, but does not exist in design
    Warning (15706): Node "GPIO_0[9]" is assigned to location or region, but does not exist in design
    Warning (15706): Node "GPIO_1[0]" is assigned to location or region, but does not exist in design
    Warning (15706): Node "GPIO_1[10]" is assigned to location or region, but does not exist in design
    Warning (15706): Node "GPIO_1[11]" is assigned to location or region, but does not exist in design
    Warning (15706): Node "GPIO_1[12]" is assigned to location or region, but does not exist in design
    Warning (15706): Node "GPIO_1[13]" is assigned to location or region, but does not exist in design
    Warning (15706): Node "GPIO_1[14]" is assigned to location or region, but does not exist in design
    Warning (15706): Node "GPIO_1[15]" is assigned to location or region, but does not exist in design
    Warning (15706): Node "GPIO_1[16]" is assigned to location or region, but does not exist in design
    Warning (15706): Node "GPIO_1[17]" is assigned to location or region, but does not exist in design
    Warning (15706): Node "GPIO_1[18]" is assigned to location or region, but does not exist in design
    Warning (15706): Node "GPIO_1[19]" is assigned to location or region, but does not exist in design
    Warning (15706): Node "GPIO_1[1]" is assigned to location or region, but does not exist in design
    Warning (15706): Node "GPIO_1[20]" is assigned to location or region, but does not exist in design
    Warning (15706): Node "GPIO_1[21]" is assigned to location or region, but does not exist in design
    Warning (15706): Node "GPIO_1[22]" is assigned to location or region, but does not exist in design
    Warning (15706): Node "GPIO_1[23]" is assigned to location or region, but does not exist in design
    Warning (15706): Node "GPIO_1[24]" is assigned to location or region, but does not exist in design
    Warning (15706): Node "GPIO_1[25]" is assigned to location or region, but does not exist in design
    Warning (15706): Node "GPIO_1[26]" is assigned to location or region, but does not exist in design
    Warning (15706): Node "GPIO_1[27]" is assigned to location or region, but does not exist in design
    Warning (15706): Node "GPIO_1[28]" is assigned to location or region, but does not exist in design
    Warning (15706): Node "GPIO_1[29]" is assigned to location or region, but does not exist in design
    Warning (15706): Node "GPIO_1[2]" is assigned to location or region, but does not exist in design
    Warning (15706): Node "GPIO_1[30]" is assigned to location or region, but does not exist in design
    Warning (15706): Node "GPIO_1[31]" is assigned to location or region, but does not exist in design
    Warning (15706): Node "GPIO_1[32]" is assigned to location or region, but does not exist in design
    Warning (15706): Node "GPIO_1[33]" is assigned to location or region, but does not exist in design
    Warning (15706): Node "GPIO_1[34]" is assigned to location or region, but does not exist in design
    Warning (15706): Node "GPIO_1[35]" is assigned to location or region, but does not exist in design
    Warning (15706): Node "GPIO_1[3]" is assigned to location or region, but does not exist in design
    Warning (15706): Node "GPIO_1[4]" is assigned to location or region, but does not exist in design
    Warning (15706): Node "GPIO_1[5]" is assigned to location or region, but does not exist in design
    Warning (15706): Node "GPIO_1[6]" is assigned to location or region, but does not exist in design
    Warning (15706): Node "GPIO_1[7]" is assigned to location or region, but does not exist in design
    Warning (15706): Node "GPIO_1[8]" is assigned to location or region, but does not exist in design
    Warning (15706): Node "GPIO_1[9]" is assigned to location or region, but does not exist in design
    Warning (15706): Node "HEX0[0]" is assigned to location or region, but does not exist in design
    Warning (15706): Node "HEX0[1]" is assigned to location or region, but does not exist in design
    Warning (15706): Node "HEX0[2]" is assigned to location or region, but does not exist in design
    Warning (15706): Node "HEX0[3]" is assigned to location or region, but does not exist in design
    Warning (15706): Node "HEX0[4]" is assigned to location or region, but does not exist in design
    Warning (15706): Node "HEX0[5]" is assigned to location or region, but does not exist in design
    Warning (15706): Node "HEX0[6]" is assigned to location or region, but does not exist in design
    Warning (15706): Node "HEX1[0]" is assigned to location or region, but does not exist in design
    Warning (15706): Node "HEX1[1]" is assigned to location or region, but does not exist in design
    Warning (15706): Node "HEX1[2]" is assigned to location or region, but does not exist in design
    Warning (15706): Node "HEX1[3]" is assigned to location or region, but does not exist in design
    Warning (15706): Node "HEX1[4]" is assigned to location or region, but does not exist in design
    Warning (15706): Node "HEX1[5]" is assigned to location or region, but does not exist in design
    Warning (15706): Node "HEX1[6]" is assigned to location or region, but does not exist in design
    Warning (15706): Node "HEX2[0]" is assigned to location or region, but does not exist in design
    Warning (15706): Node "HEX2[1]" is assigned to location or region, but does not exist in design
    Warning (15706): Node "HEX2[2]" is assigned to location or region, but does not exist in design
    Warning (15706): Node "HEX2[3]" is assigned to location or region, but does not exist in design
    Warning (15706): Node "HEX2[4]" is assigned to location or region, but does not exist in design
    Warning (15706): Node "HEX2[5]" is assigned to location or region, but does not exist in design
    Warning (15706): Node "HEX2[6]" is assigned to location or region, but does not exist in design
    Warning (15706): Node "HEX3[0]" is assigned to location or region, but does not exist in design
    Warning (15706): Node "HEX3[1]" is assigned to location or region, but does not exist in design
    Warning (15706): Node "HEX3[2]" is assigned to location or region, but does not exist in design
    Warning (15706): Node "HEX3[3]" is assigned to location or region, but does not exist in design
    Warning (15706): Node "HEX3[4]" is assigned to location or region, but does not exist in design
    Warning (15706): Node "HEX3[5]" is assigned to location or region, but does not exist in design
    Warning (15706): Node "HEX3[6]" is assigned to location or region, but does not exist in design
    Warning (15706): Node "HEX4[0]" is assigned to location or region, but does not exist in design
    Warning (15706): Node "HEX4[1]" is assigned to location or region, but does not exist in design
    Warning (15706): Node "HEX4[2]" is assigned to location or region, but does not exist in design
    Warning (15706): Node "HEX4[3]" is assigned to location or region, but does not exist in design
    Warning (15706): Node "HEX4[4]" is assigned to location or region, but does not exist in design
    Warning (15706): Node "HEX4[5]" is assigned to location or region, but does not exist in design
    Warning (15706): Node "HEX4[6]" is assigned to location or region, but does not exist in design
    Warning (15706): Node "HEX5[0]" is assigned to location or region, but does not exist in design
    Warning (15706): Node "HEX5[1]" is assigned to location or region, but does not exist in design
    Warning (15706): Node "HEX5[2]" is assigned to location or region, but does not exist in design
    Warning (15706): Node "HEX5[3]" is assigned to location or region, but does not exist in design
    Warning (15706): Node "HEX5[4]" is assigned to location or region, but does not exist in design
    Warning (15706): Node "HEX5[5]" is assigned to location or region, but does not exist in design
    Warning (15706): Node "HEX5[6]" is assigned to location or region, but does not exist in design
    Warning (15706): Node "KEY[0]" is assigned to location or region, but does not exist in design
    Warning (15706): Node "KEY[1]" is assigned to location or region, but does not exist in design
    Warning (15706): Node "KEY[2]" is assigned to location or region, but does not exist in design
    Warning (15706): Node "KEY[3]" is assigned to location or region, but does not exist in design
    Warning (15706): Node "LEDR[0]" is assigned to location or region, but does not exist in design
    Warning (15706): Node "LEDR[1]" is assigned to location or region, but does not exist in design
    Warning (15706): Node "LEDR[2]" is assigned to location or region, but does not exist in design
    Warning (15706): Node "LEDR[3]" is assigned to location or region, but does not exist in design
    Warning (15706): Node "LEDR[4]" is assigned to location or region, but does not exist in design
    Warning (15706): Node "LEDR[5]" is assigned to location or region, but does not exist in design
    Warning (15706): Node "LEDR[6]" is assigned to location or region, but does not exist in design
    Warning (15706): Node "LEDR[7]" is assigned to location or region, but does not exist in design
    Warning (15706): Node "LEDR[8]" is assigned to location or region, but does not exist in design
    Warning (15706): Node "LEDR[9]" is assigned to location or region, but does not exist in design
    Warning (15706): Node "PS2_CLK" is assigned to location or region, but does not exist in design
    Warning (15706): Node "PS2_CLK2" is assigned to location or region, but does not exist in design
    Warning (15706): Node "PS2_DAT" is assigned to location or region, but does not exist in design
    Warning (15706): Node "PS2_DAT2" is assigned to location or region, but does not exist in design
    Warning (15706): Node "RESET_N" is assigned to location or region, but does not exist in design
    Warning (15706): Node "SD_CLK" is assigned to location or region, but does not exist in design
    Warning (15706): Node "SD_CMD" is assigned to location or region, but does not exist in design
    Warning (15706): Node "SD_DATA[0]" is assigned to location or region, but does not exist in design
    Warning (15706): Node "SD_DATA[1]" is assigned to location or region, but does not exist in design
    Warning (15706): Node "SD_DATA[2]" is assigned to location or region, but does not exist in design
    Warning (15706): Node "SD_DATA[3]" is assigned to location or region, but does not exist in design
    Warning (15706): Node "SW[0]" is assigned to location or region, but does not exist in design
    Warning (15706): Node "SW[1]" is assigned to location or region, but does not exist in design
    Warning (15706): Node "SW[2]" is assigned to location or region, but does not exist in design
    Warning (15706): Node "SW[3]" is assigned to location or region, but does not exist in design
    Warning (15706): Node "SW[4]" is assigned to location or region, but does not exist in design
    Warning (15706): Node "SW[5]" is assigned to location or region, but does not exist in design
    Warning (15706): Node "SW[6]" is assigned to location or region, but does not exist in design
    Warning (15706): Node "SW[7]" is assigned to location or region, but does not exist in design
    Warning (15706): Node "SW[8]" is assigned to location or region, but does not exist in design
    Warning (15706): Node "SW[9]" is assigned to location or region, but does not exist in design
    Warning (15706): Node "VGA_B[0]" is assigned to location or region, but does not exist in design
    Warning (15706): Node "VGA_B[1]" is assigned to location or region, but does not exist in design
    Warning (15706): Node "VGA_B[2]" is assigned to location or region, but does not exist in design
    Warning (15706): Node "VGA_B[3]" is assigned to location or region, but does not exist in design
    Warning (15706): Node "VGA_G[0]" is assigned to location or region, but does not exist in design
    Warning (15706): Node "VGA_G[1]" is assigned to location or region, but does not exist in design
    Warning (15706): Node "VGA_G[2]" is assigned to location or region, but does not exist in design
    Warning (15706): Node "VGA_G[3]" is assigned to location or region, but does not exist in design
    Warning (15706): Node "VGA_HS" is assigned to location or region, but does not exist in design
    Warning (15706): Node "VGA_R[0]" is assigned to location or region, but does not exist in design
    Warning (15706): Node "VGA_R[1]" is assigned to location or region, but does not exist in design
    Warning (15706): Node "VGA_R[2]" is assigned to location or region, but does not exist in design
    Warning (15706): Node "VGA_R[3]" is assigned to location or region, but does not exist in design
    Warning (15706): Node "VGA_VS" is assigned to location or region, but does not exist in design
Info (11798): Fitter preparation operations ending: elapsed time is 00:00:06
Info (170189): Fitter placement preparation operations beginning
Info (14951): The Fitter is using Advanced Physical Optimization.
Info (170190): Fitter placement preparation operations ending: elapsed time is 00:03:28
Info (170191): Fitter placement operations beginning
Info (170137): Fitter placement was successful
Info (170192): Fitter placement operations ending: elapsed time is 00:00:12
Info (170193): Fitter routing operations beginning
Info (170195): Router estimated average interconnect usage is 10% of the available device resources
    Info (170196): Router estimated peak interconnect usage is 39% of the available device resources in the region that extends from location X11_Y23 to location X21_Y33
Info (170199): The Fitter performed an Auto Fit compilation.  Optimizations were skipped to reduce compilation time.
    Info (170201): Optimizations that may affect the design's routability were skipped
Info (170194): Fitter routing operations ending: elapsed time is 00:00:20
Info (11888): Total time spent on timing analysis during the Fitter is 10.74 seconds.
Info (334003): Started post-fitting delay annotation
Info (334004): Delay annotation completed successfully
Info (334003): Started post-fitting delay annotation
Info (334004): Delay annotation completed successfully
Info (11801): Fitter post-fit operations ending: elapsed time is 00:00:14
Warning (171167): Found invalid Fitter assignments. See the Ignored Assignments panel in the Fitter Compilation Report for more information.
Info (144001): Generated suppressed messages file C:/Users/user/Downloads/DE0_CV/DE0_CV.fit.smsg
Info: Quartus Prime Fitter was successful. 0 errors, 220 warnings
    Info: Peak virtual memory: 7114 megabytes
    Info: Processing ended: Fri Sep 04 11:11:35 2026
    Info: Elapsed time: 00:06:17
    Info: Total CPU time (on all processors): 00:38:48


+----------------------------+
; Fitter Suppressed Messages ;
+----------------------------+
The suppressed messages can be found in C:/Users/user/Downloads/DE0_CV/DE0_CV.fit.smsg.


